"State","Year","Adults who Exercise Often (%)"
"SD",2019,7.4
"NH",2017,9.3
"NJ",2013,12.5
"WI",2013,12.5
"NC",2017,12.8
"OK",2019,13.2
"OH",2013,13.7
"TN",2013,14.1
"RI",2015,14.2
"MS",2015,14.5
"IN",2015,14.6
"MO",2017,15
"TN",2015,15
"MS",2013,15
"OK",2011,15
"MS",2013,15.2
"TN",2013,15.2
"PA",2015,15.3
"TN",2013,15.4
"KY",2019,15.4
"MD",2011,15.4
"TN",2017,15.5
"IA",2013,15.6
"CT",2013,15.6
"MS",2019,15.7
"IN",2013,15.7
"TX",2015,15.7
"RI",2013,15.7
"KY",2015,15.8
"TX",2015,15.8
"TN",2011,16
"KY",2019,16.1
"OK",2019,16.2
"SD",2011,16.3
"OH",2015,16.3
"RI",2015,16.4
"GA",2015,16.6
"AR",2013,16.7
"KY",2019,16.7
"KS",2019,16.7
"MS",2015,16.8
"WI",2011,16.8
"MS",2015,16.9
"DE",2015,17
"TX",2011,17.1
"LA",2013,17.1
"MS",2019,17.1
"TN",2013,17.2
"OK",2019,17.2
"IL",2015,17.2
"MD",2013,17.2
"OK",2019,17.3
"NE",2015,17.4
"NE",2019,17.5
"OK",2019,17.6
"MS",2013,17.6
"TX",2013,17.7
"TN",2019,17.7
"RI",2019,17.7
"NE",2019,17.7
"IN",2015,17.7
"MS",2017,17.8
"IL",2019,17.8
"IA",2013,17.8
"TX",2017,17.9
"GA",2017,18
"RI",2011,18
"TX",2017,18
"IA",2011,18
"MD",2017,18.1
"TN",2011,18.1
"IN",2017,18.2
"KS",2011,18.2
"IA",2019,18.2
"MS",2019,18.2
"OK",2019,18.3
"MD",2013,18.3
"IL",2017,18.4
"MO",2019,18.4
"TN",2013,18.4
"GA",2011,18.4
"DE",2017,18.5
"OK",2019,18.5
"CT",2019,18.5
"MO",2017,18.6
"MS",2019,18.6
"SC",2017,18.7
"TX",2015,18.7
"TX",2013,18.7
"MA",2017,18.8
"VA",2013,18.8
"AL",2017,18.8
"ME",2019,18.8
"MD",2019,18.8
"OK",2019,18.8
"TN",2011,18.8
"FL",2013,18.8
"NE",2019,18.9
"OK",2017,19
"PA",2013,19
"CT",2017,19.1
"TN",2013,19.1
"MS",2019,19.1
"IN",2011,19.1
"TN",2013,19.1
"AR",2013,19.2
"WI",2015,19.2
"OK",2019,19.2
"KY",2019,19.2
"LA",2011,19.3
"MD",2015,19.3
"DE",2011,19.3
"OK",2019,19.3
"TN",2013,19.3
"AL",2017,19.4
"TN",2011,19.4
"MS",2019,19.4
"OK",2019,19.4
"RI",2019,19.4
"TN",2013,19.4
"MD",2017,19.5
"MS",2015,19.5
"IN",2013,19.5
"MA",2017,19.5
"MS",2013,19.5
"NC",2019,19.5
"IN",2019,19.5
"NC",2019,19.5
"MD",2019,19.5
"TX",2015,19.5
"AR",2015,19.6
"SD",2011,19.6
"GA",2013,19.6
"AL",2011,19.6
"RI",2019,19.6
"AL",2013,19.6
"LA",2017,19.7
"MS",2013,19.7
"PA",2017,19.7
"NJ",2017,19.7
"RI",2015,19.7
"SC",2019,19.7
"OK",2019,19.7
"MS",2019,19.7
"LA",2013,19.7
"OK",2011,19.8
"MS",2011,19.8
"AR",2015,19.8
"AR",2013,19.8
"AR",2013,19.8
"TN",2011,19.8
"KS",2011,19.8
"RI",2011,19.8
"TX",2017,19.9
"UT",2013,19.9
"AL",2011,19.9
"ND",2017,19.9
"KY",2013,19.9
"NE",2017,20
"MS",2011,20
"MA",2015,20
"NC",2019,20
"NY",2013,20
"VA",2019,20
"LA",2019,20
"AR",2013,20
"AL",2019,20
"RI",2011,20
"TX",2017,20.1
"TX",2017,20.1
"TX",2015,20.1
"NH",2015,20.1
"MD",2011,20.1
"ND",2015,20.1
"ND",2013,20.1
"NE",2017,20.2
"NV",2017,20.2
"MS",2019,20.2
"TX",2015,20.2
"OK",2017,20.3
"OK",2017,20.3
"MS",2015,20.3
"MD",2017,20.3
"FL",2017,20.3
"IN",2019,20.3
"OK",2019,20.3
"WA",2011,20.3
"MS",2015,20.3
"AR",2015,20.3
"VA",2017,20.4
"IN",2015,20.4
"TX",2013,20.4
"TN",2013,20.4
"TX",2015,20.4
"AZ",2013,20.4
"AL",2017,20.5
"MS",2011,20.5
"MS",2015,20.5
"AR",2017,20.5
"ND",2019,20.5
"TX",2013,20.5
"NV",2019,20.5
"TN",2019,20.5
"MS",2013,20.5
"ND",2013,20.5
"TN",2013,20.6
"CT",2013,20.6
"IN",2019,20.6
"TX",2011,20.6
"NV",2019,20.6
"MS",2015,20.6
"MD",2013,20.6
"TN",2013,20.6
"DE",2011,20.6
"OK",2017,20.7
"MD",2019,20.7
"MS",2013,20.7
"WI",2019,20.7
"NV",2013,20.7
"MN",2013,20.7
"TN",2015,20.7
"MS",2015,20.7
"MS",2011,20.8
"VA",2017,20.8
"MI",2019,20.8
"MA",2019,20.8
"NC",2011,20.8
"IN",2013,20.8
"AR",2013,20.8
"OK",2017,20.9
"MS",2011,20.9
"NY",2019,20.9
"RI",2013,20.9
"MS",2011,20.9
"MS",2011,20.9
"AL",2011,20.9
"IN",2013,20.9
"MS",2017,21
"DE",2015,21
"DE",2017,21
"WY",2017,21
"IL",2019,21
"IL",2019,21
"AL",2019,21
"LA",2019,21
"NC",2015,21
"MO",2013,21
"TX",2017,21.1
"NC",2013,21.1
"MA",2017,21.1
"MS",2011,21.1
"TN",2013,21.1
"NE",2011,21.1
"TN",2013,21.1
"NJ",2017,21.2
"MS",2017,21.2
"FL",2017,21.2
"NV",2017,21.2
"KY",2019,21.2
"OK",2019,21.2
"OK",2019,21.2
"NC",2019,21.2
"KY",2019,21.2
"IA",2011,21.2
"TX",2013,21.2
"TN",2013,21.2
"TN",2013,21.2
"TN",2011,21.2
"GA",2017,21.3
"AL",2013,21.3
"MS",2013,21.3
"GA",2019,21.3
"TN",2013,21.3
"NE",2015,21.3
"ID",2015,21.3
"OR",2019,21.4
"OK",2019,21.4
"NV",2013,21.4
"AR",2011,21.4
"AR",2017,21.5
"NY",2017,21.5
"IN",2017,21.5
"SC",2015,21.5
"TX",2017,21.5
"MS",2015,21.5
"NV",2019,21.5
"MS",2019,21.5
"MI",2019,21.5
"ID",2013,21.5
"TX",2013,21.5
"IL",2011,21.5
"NC",2015,21.5
"KY",2013,21.5
"NC",2015,21.5
"MA",2015,21.5
"OK",2017,21.6
"MA",2017,21.6
"LA",2017,21.6
"NJ",2017,21.6
"MS",2013,21.6
"KS",2013,21.6
"DE",2015,21.6
"OK",2017,21.6
"ND",2019,21.6
"NY",2015,21.6
"MA",2015,21.6
"LA",2019,21.6
"TN",2011,21.6
"ND",2011,21.6
"ND",2015,21.6
"SD",2011,21.6
"KS",2011,21.6
"KS",2011,21.7
"AR",2015,21.7
"NY",2015,21.7
"ND",2017,21.7
"VA",2017,21.7
"IN",2015,21.7
"CO",2019,21.7
"IL",2011,21.7
"TX",2013,21.7
"IL",2015,21.7
"SD",2015,21.7
"TX",2017,21.8
"MA",2017,21.8
"NJ",2015,21.8
"PA",2011,21.8
"CT",2019,21.8
"PA",2013,21.8
"IN",2017,21.9
"KS",2011,21.9
"SD",2011,21.9
"AL",2017,21.9
"MS",2019,21.9
"OK",2019,21.9
"MD",2015,21.9
"NE",2019,21.9
"SD",2019,21.9
"AR",2011,21.9
"FL",2013,21.9
"MD",2013,21.9
"IA",2011,21.9
"MS",2015,21.9
"LA",2013,21.9
"ND",2011,22
"FL",2017,22
"AL",2011,22
"MO",2019,22
"OK",2019,22
"PA",2019,22
"KY",2019,22
"ND",2013,22
"MA",2019,22
"MS",2015,22
"TX",2019,22
"MD",2015,22
"TN",2015,22
"LA",2011,22
"MI",2013,22
"MS",2015,22
"AL",2011,22
"GA",2013,22
"WI",2015,22
"TN",2011,22
"LA",2013,22
"UT",2017,22.1
"SD",2019,22.1
"CT",2019,22.1
"ND",2019,22.1
"IA",2013,22.1
"NY",2013,22.1
"AL",2011,22.1
"WV",2011,22.1
"AZ",2011,22.1
"LA",2015,22.1
"MS",2011,22.1
"NY",2015,22.1
"IA",2015,22.1
"MS",2013,22.1
"TN",2011,22.1
"TN",2011,22.2
"IA",2015,22.2
"SC",2017,22.2
"MD",2017,22.2
"KY",2017,22.2
"IA",2019,22.2
"TX",2015,22.2
"OK",2011,22.2
"AL",2013,22.2
"MS",2015,22.2
"WA",2013,22.3
"LA",2011,22.3
"IN",2013,22.3
"NV",2017,22.3
"RI",2019,22.3
"AL",2011,22.3
"KS",2011,22.3
"KY",2019,22.3
"WV",2011,22.3
"NC",2019,22.3
"IN",2015,22.3
"ND",2011,22.3
"NE",2013,22.3
"TX",2015,22.3
"AL",2017,22.4
"NC",2017,22.4
"GA",2017,22.4
"ND",2017,22.4
"NC",2013,22.4
"SC",2013,22.4
"NC",2013,22.4
"TX",2019,22.4
"IA",2019,22.4
"IL",2019,22.4
"MN",2013,22.4
"CT",2015,22.4
"NC",2011,22.4
"SD",2011,22.4
"PA",2013,22.4
"RI",2013,22.4
"IN",2015,22.4
"NY",2017,22.5
"RI",2013,22.5
"OK",2011,22.5
"NE",2013,22.5
"MS",2013,22.5
"TN",2015,22.5
"CT",2013,22.5
"MO",2013,22.5
"OK",2013,22.5
"IA",2011,22.5
"AR",2013,22.5
"PA",2011,22.5
"IA",2015,22.5
"MN",2017,22.6
"AL",2011,22.6
"NY",2019,22.6
"AL",2019,22.6
"ND",2013,22.6
"WA",2011,22.6
"IN",2013,22.6
"OK",2017,22.7
"AL",2015,22.7
"MS",2011,22.7
"TX",2019,22.7
"AL",2011,22.7
"SC",2019,22.7
"NJ",2015,22.7
"GA",2013,22.7
"TN",2011,22.7
"MS",2017,22.8
"AR",2017,22.8
"KY",2015,22.8
"GA",2017,22.8
"NE",2017,22.8
"TX",2017,22.8
"OK",2019,22.8
"KY",2019,22.8
"AL",2019,22.8
"IN",2011,22.8
"AL",2011,22.8
"KS",2011,22.8
"MA",2015,22.8
"TX",2011,22.8
"CT",2011,22.8
"ND",2011,22.8
"TX",2017,22.9
"LA",2017,22.9
"NJ",2017,22.9
"UT",2017,22.9
"MD",2017,22.9
"TN",2011,22.9
"MO",2019,22.9
"MA",2015,22.9
"OK",2019,22.9
"IL",2019,22.9
"WI",2011,22.9
"GA",2015,22.9
"SD",2011,22.9
"AL",2015,22.9
"NY",2017,23
"LA",2011,23
"CT",2013,23
"CT",2015,23
"RI",2017,23
"RI",2017,23
"OH",2017,23
"UT",2019,23
"NE",2011,23
"IN",2015,23
"SC",2019,23
"OH",2019,23
"TN",2011,23
"KS",2013,23
"RI",2015,23
"MN",2011,23
"MN",2013,23
"NJ",2015,23
"OK",2013,23
"TX",2015,23
"GA",2017,23.1
"NV",2017,23.1
"NC",2011,23.1
"KY",2019,23.1
"IA",2013,23.1
"ND",2015,23.1
"NC",2011,23.1
"ND",2013,23.1
"MS",2011,23.1
"KS",2015,23.1
"AL",2015,23.1
"TN",2013,23.1
"ME",2011,23.1
"TX",2015,23.2
"SD",2017,23.2
"AL",2017,23.2
"KY",2019,23.2
"MS",2019,23.2
"OH",2019,23.2
"OK",2019,23.2
"IA",2015,23.2
"AL",2015,23.2
"NJ",2015,23.2
"WV",2011,23.2
"TX",2013,23.2
"AL",2011,23.2
"MS",2011,23.2
"NE",2015,23.2
"MS",2013,23.2
"DE",2011,23.2
"CT",2011,23.2
"TN",2011,23.2
"CT",2015,23.2
"OK",2017,23.3
"OK",2015,23.3
"NY",2017,23.3
"MO",2017,23.3
"FL",2013,23.3
"OK",2013,23.3
"TX",2019,23.3
"KY",2019,23.3
"TX",2019,23.3
"AL",2013,23.3
"AL",2015,23.3
"AZ",2011,23.3
"TX",2015,23.3
"NC",2013,23.3
"TN",2013,23.3
"MS",2013,23.4
"AL",2011,23.4
"MS",2017,23.4
"MS",2017,23.4
"MS",2019,23.4
"GA",2019,23.4
"IA",2015,23.4
"IA",2015,23.4
"KY",2019,23.4
"LA",2011,23.4
"SD",2011,23.4
"LA",2011,23.4
"MS",2015,23.4
"LA",2011,23.4
"OK",2017,23.5
"TX",2017,23.5
"AL",2017,23.5
"OK",2017,23.5
"LA",2013,23.5
"RI",2015,23.5
"NC",2017,23.5
"MS",2015,23.5
"TX",2011,23.5
"MI",2019,23.5
"ND",2019,23.5
"CA",2019,23.5
"NH",2011,23.5
"NC",2013,23.5
"AR",2011,23.5
"AL",2011,23.5
"ND",2017,23.6
"AR",2017,23.6
"DE",2017,23.6
"AZ",2017,23.6
"OR",2015,23.6
"TX",2011,23.6
"NE",2011,23.6
"SD",2011,23.6
"SC",2015,23.6
"KY",2019,23.6
"MI",2019,23.6
"MO",2019,23.6
"AL",2013,23.6
"WV",2011,23.6
"OK",2011,23.6
"AL",2015,23.6
"NE",2011,23.6
"NY",2011,23.6
"OK",2017,23.7
"UT",2017,23.7
"NJ",2013,23.7
"ND",2013,23.7
"TX",2017,23.7
"OK",2017,23.7
"IA",2015,23.7
"IA",2013,23.7
"IL",2011,23.7
"GA",2019,23.7
"IN",2019,23.7
"TN",2011,23.7
"IN",2015,23.7
"IA",2011,23.7
"LA",2015,23.7
"WI",2013,23.7
"MS",2011,23.7
"MS",2017,23.8
"KS",2011,23.8
"TN",2017,23.8
"KY",2019,23.8
"OK",2011,23.8
"AZ",2019,23.8
"AR",2013,23.8
"NC",2019,23.8
"KS",2019,23.8
"GA",2019,23.8
"MS",2011,23.8
"ND",2011,23.8
"IN",2013,23.8
"LA",2011,23.8
"AZ",2013,23.8
"AL",2013,23.8
"MD",2015,23.8
"IA",2013,23.8
"NE",2017,23.9
"GA",2017,23.9
"NJ",2017,23.9
"LA",2011,23.9
"TN",2013,23.9
"MS",2011,23.9
"IA",2011,23.9
"MO",2013,23.9
"ND",2017,23.9
"IL",2017,23.9
"AR",2019,23.9
"VA",2019,23.9
"KS",2015,23.9
"IA",2019,23.9
"NE",2011,23.9
"MO",2019,23.9
"MO",2019,23.9
"MS",2019,23.9
"IN",2011,23.9
"NJ",2015,23.9
"AL",2011,23.9
"TX",2013,23.9
"LA",2013,23.9
"TN",2015,23.9
"ND",2015,23.9
"GA",2017,24
"SC",2017,24
"MS",2011,24
"IL",2017,24
"NE",2017,24
"AL",2013,24
"OK",2011,24
"OH",2017,24
"MS",2013,24
"KY",2019,24
"LA",2019,24
"VA",2019,24
"VA",2015,24
"TX",2015,24
"ND",2013,24
"LA",2011,24
"SC",2013,24
"KY",2011,24
"KY",2011,24
"AZ",2011,24
"ND",2011,24
"OK",2017,24.1
"LA",2011,24.1
"IL",2017,24.1
"AL",2017,24.1
"CT",2017,24.1
"IN",2017,24.1
"ID",2017,24.1
"RI",2011,24.1
"NC",2015,24.1
"NE",2015,24.1
"IA",2017,24.1
"KY",2017,24.1
"DE",2017,24.1
"AL",2015,24.1
"MO",2019,24.1
"RI",2019,24.1
"CT",2019,24.1
"DE",2013,24.1
"IA",2015,24.1
"NC",2013,24.1
"LA",2017,24.2
"VA",2017,24.2
"IL",2015,24.2
"AZ",2013,24.2
"OK",2017,24.2
"VA",2013,24.2
"AR",2013,24.2
"OK",2019,24.2
"LA",2019,24.2
"IA",2019,24.2
"ID",2019,24.2
"KY",2019,24.2
"IA",2019,24.2
"NE",2011,24.2
"TN",2011,24.2
"TX",2013,24.2
"MS",2015,24.2
"IN",2013,24.2
"NE",2011,24.2
"AR",2015,24.2
"NJ",2013,24.2
"RI",2011,24.2
"DE",2017,24.3
"NY",2017,24.3
"OK",2013,24.3
"AL",2017,24.3
"NV",2017,24.3
"OK",2017,24.3
"NE",2017,24.3
"KS",2019,24.3
"KY",2015,24.3
"TX",2013,24.3
"AL",2015,24.3
"NY",2015,24.3
"ND",2013,24.3
"OK",2015,24.3
"KS",2011,24.3
"AL",2013,24.3
"LA",2013,24.3
"OK",2011,24.3
"AR",2013,24.3
"TX",2013,24.3
"IN",2015,24.3
"TN",2015,24.3
"MS",2013,24.3
"PA",2011,24.3
"WV",2011,24.3
"AL",2011,24.4
"OH",2017,24.4
"OK",2011,24.4
"NY",2013,24.4
"TN",2017,24.4
"NV",2017,24.4
"WV",2017,24.4
"KY",2017,24.4
"IN",2017,24.4
"ND",2015,24.4
"ND",2017,24.4
"CT",2017,24.4
"NY",2011,24.4
"AL",2011,24.4
"MO",2019,24.4
"TX",2013,24.4
"OK",2019,24.4
"ND",2013,24.4
"CA",2019,24.4
"TX",2011,24.4
"NC",2015,24.4
"TX",2011,24.4
"KY",2015,24.4
"NJ",2015,24.4
"OK",2015,24.4
"CT",2011,24.4
"IN",2011,24.4
"AR",2013,24.4
"OK",2015,24.4
"RI",2015,24.4
"KS",2015,24.4
"IL",2017,24.5
"ND",2017,24.5
"AL",2017,24.5
"LA",2017,24.5
"SD",2011,24.5
"SC",2013,24.5
"MS",2013,24.5
"PA",2013,24.5
"MI",2017,24.5
"CT",2017,24.5
"UT",2017,24.5
"OH",2019,24.5
"NV",2019,24.5
"NE",2019,24.5
"OR",2019,24.5
"KS",2011,24.5
"AR",2013,24.5
"AR",2011,24.5
"NY",2015,24.5
"NY",2013,24.5
"WV",2011,24.5
"TX",2011,24.5
"IL",2017,24.6
"DE",2017,24.6
"TN",2017,24.6
"WV",2013,24.6
"TN",2011,24.6
"OK",2013,24.6
"MO",2015,24.6
"DE",2011,24.6
"VT",2011,24.6
"MO",2019,24.6
"MS",2019,24.6
"FL",2019,24.6
"AR",2013,24.6
"IN",2013,24.6
"SD",2011,24.6
"AL",2015,24.6
"KS",2011,24.6
"IN",2013,24.6
"MS",2017,24.7
"TX",2017,24.7
"NV",2017,24.7
"IN",2011,24.7
"OK",2013,24.7
"NM",2017,24.7
"SD",2017,24.7
"NE",2017,24.7
"TX",2017,24.7
"LA",2011,24.7
"KS",2019,24.7
"NC",2013,24.7
"MD",2013,24.7
"WV",2019,24.7
"IN",2019,24.7
"NY",2019,24.7
"NC",2011,24.7
"ND",2011,24.7
"TX",2015,24.7
"MS",2015,24.7
"MS",2013,24.7
"GA",2017,24.8
"NC",2017,24.8
"ND",2017,24.8
"IN",2017,24.8
"LA",2011,24.8
"IA",2011,24.8
"MN",2017,24.8
"IA",2017,24.8
"IA",2013,24.8
"MN",2017,24.8
"TN",2017,24.8
"NC",2017,24.8
"IN",2015,24.8
"OK",2017,24.8
"ND",2019,24.8
"TX",2013,24.8
"DE",2019,24.8
"LA",2019,24.8
"VA",2019,24.8
"CT",2019,24.8
"ND",2013,24.8
"ND",2013,24.8
"MA",2013,24.8
"VA",2015,24.8
"FL",2015,24.8
"ND",2013,24.8
"MD",2015,24.8
"LA",2011,24.8
"OK",2013,24.8
"NJ",2011,24.8
"VA",2015,24.8
"ND",2013,24.8
"CT",2015,24.8
"AR",2011,24.8
"NE",2015,24.8
"IA",2017,24.9
"WI",2017,24.9
"KY",2015,24.9
"TX",2015,24.9
"WV",2011,24.9
"SC",2017,24.9
"PA",2011,24.9
"MD",2017,24.9
"NC",2011,24.9
"DE",2011,24.9
"CO",2019,24.9
"IN",2011,24.9
"TN",2019,24.9
"MA",2019,24.9
"NC",2011,24.9
"AL",2019,24.9
"TX",2019,24.9
"LA",2019,24.9
"UT",2015,24.9
"CT",2019,24.9
"NE",2019,24.9
"TX",2019,24.9
"MI",2015,24.9
"AL",2015,24.9
"TX",2015,24.9
"MO",2011,24.9
"WV",2011,24.9
"NE",2013,24.9
"PA",2013,24.9
"DE",2013,24.9
"TN",2015,24.9
"ND",2015,24.9
"ND",2017,25
"DE",2017,25
"MD",2017,25
"NV",2017,25
"FL",2013,25
"ND",2017,25
"MS",2013,25
"MI",2019,25
"AL",2019,25
"LA",2019,25
"ND",2019,25
"ND",2011,25
"NJ",2013,25
"NY",2015,25
"AL",2011,25
"NY",2013,25
"NC",2015,25
"MO",2013,25
"OK",2013,25
"MS",2017,25.1
"NV",2017,25.1
"VA",2017,25.1
"TN",2015,25.1
"IL",2017,25.1
"MS",2013,25.1
"MN",2017,25.1
"KY",2017,25.1
"MD",2017,25.1
"FL",2015,25.1
"LA",2015,25.1
"MS",2019,25.1
"VA",2019,25.1
"UT",2019,25.1
"MI",2011,25.1
"DE",2011,25.1
"MS",2013,25.1
"LA",2011,25.1
"WV",2011,25.1
"TX",2015,25.1
"DE",2011,25.1
"KS",2015,25.1
"IL",2015,25.1
"AL",2015,25.1
"SD",2015,25.1
"NC",2011,25.1
"IA",2017,25.2
"NY",2017,25.2
"TX",2017,25.2
"ND",2015,25.2
"RI",2011,25.2
"PA",2011,25.2
"VA",2011,25.2
"VA",2013,25.2
"UT",2013,25.2
"FL",2017,25.2
"AL",2013,25.2
"OK",2011,25.2
"SD",2011,25.2
"WY",2019,25.2
"LA",2015,25.2
"LA",2015,25.2
"MS",2013,25.2
"MD",2013,25.2
"NC",2015,25.2
"MD",2013,25.2
"MA",2013,25.2
"IL",2015,25.2
"MN",2013,25.2
"NE",2017,25.3
"MI",2017,25.3
"KY",2017,25.3
"NY",2017,25.3
"LA",2011,25.3
"ND",2011,25.3
"IL",2015,25.3
"TN",2011,25.3
"SD",2011,25.3
"AL",2015,25.3
"MA",2017,25.3
"RI",2017,25.3
"NC",2017,25.3
"IA",2013,25.3
"KS",2017,25.3
"NY",2011,25.3
"RI",2019,25.3
"NY",2019,25.3
"UT",2019,25.3
"AR",2019,25.3
"SD",2019,25.3
"SC",2011,25.3
"IA",2013,25.3
"TX",2013,25.3
"MS",2015,25.3
"LA",2011,25.3
"MN",2013,25.3
"NH",2013,25.3
"AL",2011,25.3
"SD",2011,25.3
"OH",2015,25.3
"DE",2015,25.3
"LA",2013,25.3
"DE",2017,25.4
"CO",2017,25.4
"MN",2017,25.4
"MD",2011,25.4
"IA",2011,25.4
"PA",2013,25.4
"IN",2015,25.4
"OK",2015,25.4
"NY",2017,25.4
"CA",2017,25.4
"GA",2017,25.4
"SC",2011,25.4
"AL",2015,25.4
"LA",2019,25.4
"ND",2011,25.4
"TN",2019,25.4
"DE",2013,25.4
"WA",2019,25.4
"IN",2019,25.4
"SC",2019,25.4
"RI",2013,25.4
"SC",2013,25.4
"MS",2011,25.4
"AR",2013,25.4
"IN",2013,25.4
"MD",2011,25.4
"MS",2013,25.4
"LA",2013,25.4
"OK",2011,25.4
"NJ",2015,25.4
"MO",2017,25.5
"NH",2011,25.5
"IN",2013,25.5
"GA",2015,25.5
"SC",2017,25.5
"GA",2017,25.5
"NH",2015,25.5
"WV",2011,25.5
"CT",2015,25.5
"MO",2019,25.5
"AK",2019,25.5
"LA",2019,25.5
"WV",2019,25.5
"AL",2019,25.5
"IN",2013,25.5
"KS",2011,25.5
"IN",2019,25.5
"KY",2019,25.5
"NC",2019,25.5
"MD",2019,25.5
"SD",2019,25.5
"FL",2019,25.5
"SC",2019,25.5
"PA",2013,25.5
"AL",2015,25.5
"ND",2015,25.5
"KS",2015,25.5
"AL",2011,25.5
"ND",2011,25.5
"DE",2017,25.6
"NY",2017,25.6
"TX",2017,25.6
"GA",2017,25.6
"AR",2013,25.6
"KY",2011,25.6
"FL",2011,25.6
"NY",2015,25.6
"ND",2017,25.6
"WA",2017,25.6
"AL",2017,25.6
"SD",2017,25.6
"AZ",2017,25.6
"CT",2017,25.6
"MD",2019,25.6
"OH",2015,25.6
"MD",2019,25.6
"IN",2013,25.6
"IA",2011,25.6
"AL",2013,25.6
"MO",2013,25.6
"TN",2011,25.6
"VA",2013,25.6
"ND",2011,25.6
"ND",2011,25.6
"NY",2015,25.6
"KY",2013,25.6
"NE",2015,25.6
"OK",2013,25.6
"AL",2013,25.6
"RI",2013,25.6
"ID",2015,25.6
"VA",2015,25.6
"AL",2017,25.7
"ND",2017,25.7
"ID",2017,25.7
"NJ",2017,25.7
"OK",2017,25.7
"WY",2013,25.7
"OK",2011,25.7
"DE",2015,25.7
"NH",2011,25.7
"ND",2017,25.7
"MN",2017,25.7
"OH",2019,25.7
"AZ",2013,25.7
"LA",2019,25.7
"ID",2013,25.7
"PA",2019,25.7
"ND",2019,25.7
"MA",2019,25.7
"TX",2013,25.7
"KY",2019,25.7
"NE",2019,25.7
"NM",2015,25.7
"AZ",2015,25.7
"TN",2015,25.7
"MD",2013,25.7
"CT",2011,25.7
"AR",2017,25.8
"TN",2017,25.8
"LA",2017,25.8
"WV",2011,25.8
"NC",2011,25.8
"NV",2011,25.8
"TN",2015,25.8
"MD",2011,25.8
"TX",2017,25.8
"OK",2017,25.8
"TX",2017,25.8
"TX",2017,25.8
"AZ",2015,25.8
"RI",2015,25.8
"CT",2019,25.8
"AL",2011,25.8
"KS",2015,25.8
"VA",2019,25.8
"TX",2019,25.8
"ND",2019,25.8
"IN",2015,25.8
"DE",2011,25.8
"UT",2015,25.8
"ID",2015,25.8
"FL",2013,25.8
"NE",2015,25.8
"NJ",2013,25.8
"OK",2015,25.8
"SD",2011,25.8
"MA",2015,25.8
"SC",2011,25.8
"MA",2015,25.8
"TX",2017,25.9
"AR",2011,25.9
"KY",2013,25.9
"WA",2013,25.9
"FL",2011,25.9
"TN",2017,25.9
"IA",2013,25.9
"KS",2011,25.9
"SC",2015,25.9
"LA",2011,25.9
"SC",2011,25.9
"SD",2011,25.9
"TN",2013,25.9
"SD",2019,25.9
"NM",2013,25.9
"SC",2011,25.9
"WV",2011,25.9
"NV",2011,25.9
"TX",2011,25.9
"IA",2011,25.9
"OK",2013,25.9
"KS",2013,25.9
"NE",2013,25.9
"ND",2013,25.9
"IA",2015,25.9
"NJ",2013,25.9
"GA",2015,25.9
"KY",2013,25.9
"MS",2015,25.9
"NC",2013,25.9
"NY",2015,25.9
"MD",2011,25.9
"NV",2017,26
"IN",2017,26
"MI",2017,26
"DE",2017,26
"IL",2011,26
"SC",2017,26
"KS",2011,26
"MS",2017,26
"NE",2019,26
"LA",2015,26
"WY",2015,26
"SC",2019,26
"SD",2019,26
"OK",2011,26
"MO",2019,26
"IA",2019,26
"VA",2015,26
"TN",2019,26
"ND",2019,26
"LA",2015,26
"IN",2015,26
"KY",2011,26
"NJ",2015,26
"MD",2011,26
"IN",2013,26
"TN",2011,26
"FL",2011,26
"IA",2011,26
"LA",2015,26
"NE",2011,26
"DE",2015,26
"NE",2011,26
"IA",2011,26
"OK",2013,26
"MD",2017,26.1
"ND",2017,26.1
"AL",2017,26.1
"IN",2017,26.1
"LA",2017,26.1
"NE",2017,26.1
"WV",2011,26.1
"WI",2011,26.1
"RI",2013,26.1
"KY",2015,26.1
"SC",2015,26.1
"WV",2017,26.1
"FL",2017,26.1
"NC",2015,26.1
"KY",2011,26.1
"WV",2019,26.1
"AL",2019,26.1
"WI",2019,26.1
"PA",2013,26.1
"AL",2015,26.1
"PA",2019,26.1
"AL",2015,26.1
"MO",2019,26.1
"ND",2011,26.1
"NC",2015,26.1
"NY",2013,26.1
"RI",2015,26.1
"MO",2015,26.1
"ND",2013,26.1
"SD",2011,26.1
"KY",2013,26.1
"FL",2013,26.1
"SC",2015,26.1
"IL",2013,26.1
"ND",2013,26.1
"NC",2011,26.1
"WY",2017,26.2
"NJ",2017,26.2
"NY",2017,26.2
"AZ",2017,26.2
"AL",2017,26.2
"NY",2017,26.2
"AZ",2015,26.2
"NJ",2011,26.2
"IN",2013,26.2
"RI",2011,26.2
"ND",2011,26.2
"NE",2015,26.2
"LA",2017,26.2
"ND",2017,26.2
"IN",2013,26.2
"NC",2011,26.2
"ND",2017,26.2
"AR",2017,26.2
"WV",2011,26.2
"LA",2017,26.2
"MD",2013,26.2
"TN",2015,26.2
"NE",2019,26.2
"WV",2019,26.2
"TX",2019,26.2
"IA",2015,26.2
"WI",2019,26.2
"ID",2011,26.2
"WI",2013,26.2
"IA",2011,26.2
"AR",2015,26.2
"NY",2011,26.2
"IN",2015,26.2
"OH",2013,26.2
"IA",2011,26.2
"MS",2015,26.2
"RI",2017,26.3
"MD",2017,26.3
"AL",2017,26.3
"MO",2017,26.3
"MS",2017,26.3
"OH",2017,26.3
"NJ",2017,26.3
"ME",2017,26.3
"NC",2015,26.3
"MD",2019,26.3
"KY",2011,26.3
"PA",2019,26.3
"AZ",2013,26.3
"AZ",2011,26.3
"IL",2019,26.3
"LA",2013,26.3
"NY",2015,26.3
"MO",2013,26.3
"KY",2013,26.3
"IN",2013,26.3
"NC",2015,26.3
"IN",2011,26.3
"MD",2013,26.3
"KS",2017,26.4
"GA",2017,26.4
"FL",2017,26.4
"TX",2017,26.4
"GA",2015,26.4
"MO",2011,26.4
"VA",2015,26.4
"VA",2015,26.4
"OK",2013,26.4
"ND",2017,26.4
"MN",2017,26.4
"OK",2017,26.4
"FL",2015,26.4
"ND",2017,26.4
"OR",2017,26.4
"SC",2017,26.4
"MS",2019,26.4
"MS",2019,26.4
"KS",2019,26.4
"UT",2019,26.4
"AL",2019,26.4
"WI",2019,26.4
"ND",2019,26.4
"MO",2019,26.4
"IA",2013,26.4
"MO",2019,26.4
"NE",2013,26.4
"VA",2015,26.4
"KS",2011,26.4
"NY",2013,26.4
"MA",2013,26.4
"NC",2011,26.4
"IN",2015,26.4
"IN",2011,26.4
"FL",2015,26.4
"SD",2017,26.5
"OK",2017,26.5
"MO",2017,26.5
"ND",2015,26.5
"KY",2015,26.5
"CT",2013,26.5
"UT",2013,26.5
"KY",2017,26.5
"NH",2011,26.5
"IL",2017,26.5
"OH",2017,26.5
"GA",2017,26.5
"ND",2011,26.5
"LA",2015,26.5
"GA",2019,26.5
"OH",2013,26.5
"KY",2019,26.5
"WA",2019,26.5
"MD",2019,26.5
"TN",2019,26.5
"IA",2013,26.5
"NM",2011,26.5
"ND",2011,26.5
"MN",2015,26.5
"ND",2011,26.5
"AL",2013,26.5
"TX",2013,26.5
"KY",2013,26.5
"AR",2013,26.5
"SD",2011,26.5
"ID",2015,26.5
"MN",2015,26.5
"NE",2015,26.5
"SD",2011,26.5
"AL",2017,26.6
"AR",2017,26.6
"FL",2017,26.6
"CT",2017,26.6
"IN",2017,26.6
"SC",2017,26.6
"IA",2011,26.6
"MS",2011,26.6
"KS",2015,26.6
"CA",2013,26.6
"NJ",2015,26.6
"NC",2017,26.6
"ND",2017,26.6
"MO",2019,26.6
"UT",2015,26.6
"PA",2011,26.6
"IL",2015,26.6
"SD",2011,26.6
"AK",2019,26.6
"NV",2019,26.6
"KY",2015,26.6
"IA",2019,26.6
"DE",2019,26.6
"VA",2011,26.6
"CA",2019,26.6
"KS",2013,26.6
"DE",2019,26.6
"PA",2019,26.6
"TX",2011,26.6
"FL",2011,26.6
"AR",2013,26.6
"MO",2011,26.6
"NE",2011,26.6
"MD",2015,26.6
"ID",2013,26.6
"IN",2011,26.6
"KY",2015,26.6
"RI",2013,26.6
"KS",2011,26.6
"PA",2015,26.6
"CT",2013,26.6
"MO",2011,26.6
"KY",2017,26.7
"WV",2017,26.7
"ND",2017,26.7
"IA",2017,26.7
"OH",2017,26.7
"PA",2013,26.7
"AZ",2017,26.7
"NC",2017,26.7
"SD",2017,26.7
"CT",2017,26.7
"TN",2013,26.7
"WV",2011,26.7
"LA",2017,26.7
"NY",2013,26.7
"MN",2019,26.7
"VA",2019,26.7
"OK",2019,26.7
"MO",2019,26.7
"ND",2019,26.7
"MO",2019,26.7
"AL",2019,26.7
"SC",2015,26.7
"NY",2019,26.7
"SC",2019,26.7
"SC",2013,26.7
"NE",2011,26.7
"IN",2011,26.7
"WI",2013,26.7
"PA",2011,26.7
"MO",2011,26.7
"ID",2011,26.7
"MD",2013,26.7
"AL",2015,26.7
"OK",2011,26.7
"TX",2015,26.7
"LA",2013,26.7
"NJ",2017,26.8
"WI",2017,26.8
"CT",2017,26.8
"MS",2017,26.8
"VA",2017,26.8
"VA",2015,26.8
"TN",2015,26.8
"UT",2013,26.8
"AR",2017,26.8
"ND",2017,26.8
"CT",2015,26.8
"GA",2013,26.8
"TN",2019,26.8
"MO",2019,26.8
"KS",2019,26.8
"NV",2011,26.8
"TX",2019,26.8
"SD",2019,26.8
"UT",2019,26.8
"OH",2019,26.8
"VA",2019,26.8
"MS",2019,26.8
"OK",2019,26.8
"IN",2015,26.8
"IN",2013,26.8
"IN",2013,26.8
"FL",2011,26.8
"TX",2015,26.8
"CA",2011,26.8
"KY",2015,26.8
"OK",2013,26.8
"KY",2013,26.8
"AR",2015,26.8
"KS",2011,26.8
"PA",2011,26.8
"IA",2015,26.8
"AR",2015,26.8
"OK",2015,26.8
"DE",2015,26.8
"DE",2017,26.9
"SC",2017,26.9
"OH",2017,26.9
"IN",2017,26.9
"TX",2015,26.9
"CA",2015,26.9
"NC",2017,26.9
"GA",2017,26.9
"NV",2017,26.9
"NJ",2013,26.9
"GA",2017,26.9
"TX",2011,26.9
"MN",2017,26.9
"MD",2017,26.9
"NM",2019,26.9
"AZ",2019,26.9
"AR",2019,26.9
"AL",2019,26.9
"RI",2011,26.9
"IN",2015,26.9
"TN",2019,26.9
"NC",2019,26.9
"MN",2013,26.9
"RI",2019,26.9
"ND",2013,26.9
"TN",2019,26.9
"AL",2013,26.9
"LA",2011,26.9
"IA",2015,26.9
"AR",2011,26.9
"AR",2011,26.9
"ND",2015,26.9
"VA",2015,26.9
"IA",2011,26.9
"IN",2011,26.9
"SC",2013,26.9
"DE",2011,26.9
"MD",2011,26.9
"WA",2015,26.9
"WV",2015,26.9
"CT",2015,26.9
"NY",2011,26.9
"IN",2011,26.9
"OH",2015,26.9
"WI",2013,26.9
"DE",2017,27
"MO",2017,27
"AR",2017,27
"GA",2017,27
"IA",2017,27
"MS",2017,27
"NY",2013,27
"RI",2011,27
"RI",2017,27
"SC",2015,27
"TX",2019,27
"TX",2019,27
"MI",2015,27
"UT",2019,27
"VA",2013,27
"GA",2019,27
"NC",2013,27
"WY",2011,27
"GA",2011,27
"NY",2013,27
"MD",2011,27
"SC",2015,27
"NE",2013,27
"SC",2013,27
"CT",2011,27
"NV",2011,27
"AZ",2015,27
"OR",2017,27.1
"NC",2017,27.1
"DE",2017,27.1
"AZ",2017,27.1
"DE",2017,27.1
"FL",2017,27.1
"IN",2017,27.1
"NJ",2015,27.1
"MD",2015,27.1
"TX",2017,27.1
"KY",2011,27.1
"UT",2011,27.1
"OH",2011,27.1
"CA",2019,27.1
"VA",2019,27.1
"GA",2019,27.1
"OR",2019,27.1
"IN",2019,27.1
"MS",2019,27.1
"MO",2019,27.1
"NE",2013,27.1
"KS",2019,27.1
"AL",2019,27.1
"NV",2019,27.1
"DE",2013,27.1
"IA",2013,27.1
"KY",2013,27.1
"IA",2011,27.1
"WA",2011,27.1
"TX",2011,27.1
"GA",2013,27.1
"RI",2013,27.1
"OK",2011,27.1
"UT",2013,27.1
"IA",2013,27.1
"MN",2015,27.1
"NE",2017,27.2
"AL",2017,27.2
"AR",2017,27.2
"PA",2017,27.2
"WY",2011,27.2
"GA",2013,27.2
"IA",2011,27.2
"ND",2015,27.2
"AL",2017,27.2
"NJ",2017,27.2
"VA",2017,27.2
"IA",2013,27.2
"WV",2019,27.2
"NV",2019,27.2
"CA",2013,27.2
"IL",2019,27.2
"UT",2019,27.2
"NJ",2011,27.2
"OK",2015,27.2
"TX",2013,27.2
"NC",2019,27.2
"KY",2019,27.2
"RI",2019,27.2
"MI",2011,27.2
"DE",2013,27.2
"WY",2013,27.2
"ND",2013,27.2
"OH",2011,27.2
"WA",2015,27.2
"LA",2015,27.2
"GA",2013,27.2
"IL",2015,27.2
"AZ",2013,27.2
"PA",2011,27.2
"TX",2011,27.2
"NJ",2017,27.3
"MI",2017,27.3
"AK",2017,27.3
"KY",2017,27.3
"NJ",2017,27.3
"RI",2017,27.3
"NY",2017,27.3
"IL",2011,27.3
"TX",2011,27.3
"NC",2019,27.3
"MD",2019,27.3
"KS",2019,27.3
"SD",2019,27.3
"NC",2013,27.3
"SC",2019,27.3
"TX",2019,27.3
"NE",2013,27.3
"WV",2011,27.3
"NE",2019,27.3
"KY",2013,27.3
"ID",2013,27.3
"AL",2013,27.3
"KS",2011,27.3
"AL",2011,27.3
"OK",2013,27.3
"IL",2011,27.3
"FL",2015,27.3
"MO",2017,27.4
"AL",2017,27.4
"KS",2017,27.4
"TN",2017,27.4
"AR",2017,27.4
"KS",2017,27.4
"NH",2017,27.4
"NM",2017,27.4
"LA",2017,27.4
"DE",2015,27.4
"ND",2015,27.4
"FL",2011,27.4
"OK",2013,27.4
"FL",2013,27.4
"TN",2011,27.4
"NH",2015,27.4
"RI",2013,27.4
"MS",2013,27.4
"NJ",2017,27.4
"MO",2017,27.4
"RI",2017,27.4
"NH",2017,27.4
"HI",2019,27.4
"IN",2019,27.4
"TN",2015,27.4
"OH",2019,27.4
"MA",2019,27.4
"VA",2019,27.4
"WI",2015,27.4
"IL",2019,27.4
"OK",2013,27.4
"OK",2015,27.4
"OK",2015,27.4
"NC",2011,27.4
"IN",2015,27.4
"WV",2013,27.4
"KS",2011,27.4
"MO",2011,27.4
"TX",2011,27.4
"LA",2015,27.4
"GA",2015,27.4
"LA",2013,27.4
"IN",2015,27.4
"FL",2013,27.4
"IN",2011,27.4
"IA",2013,27.4
"ND",2013,27.4
"AR",2011,27.4
"OK",2015,27.4
"MS",2011,27.4
"PA",2011,27.4
"KS",2011,27.4
"RI",2013,27.4
"CT",2015,27.4
"KY",2015,27.4
"OK",2013,27.4
"LA",2017,27.5
"IL",2017,27.5
"IN",2017,27.5
"AL",2017,27.5
"RI",2017,27.5
"IN",2017,27.5
"LA",2013,27.5
"NY",2013,27.5
"ND",2015,27.5
"SC",2011,27.5
"AK",2013,27.5
"MD",2017,27.5
"MS",2017,27.5
"GA",2017,27.5
"MO",2017,27.5
"RI",2017,27.5
"NE",2015,27.5
"SD",2015,27.5
"WV",2013,27.5
"SD",2019,27.5
"WV",2019,27.5
"ND",2019,27.5
"AR",2011,27.5
"NJ",2011,27.5
"PA",2019,27.5
"NC",2011,27.5
"LA",2019,27.5
"KS",2013,27.5
"DE",2015,27.5
"KY",2013,27.5
"SC",2011,27.5
"NC",2011,27.5
"ND",2015,27.5
"MN",2013,27.5
"GA",2015,27.5
"KY",2011,27.5
"IN",2011,27.5
"AL",2015,27.5
"TX",2013,27.5
"CA",2013,27.5
"KY",2015,27.5
"AR",2011,27.5
"MS",2017,27.6
"ID",2017,27.6
"UT",2015,27.6
"FL",2013,27.6
"GA",2015,27.6
"IL",2011,27.6
"DE",2011,27.6
"MA",2011,27.6
"FL",2017,27.6
"MN",2017,27.6
"LA",2013,27.6
"NE",2017,27.6
"NY",2017,27.6
"TX",2013,27.6
"LA",2019,27.6
"NC",2019,27.6
"MD",2011,27.6
"NY",2019,27.6
"NV",2019,27.6
"VA",2013,27.6
"NE",2011,27.6
"CA",2019,27.6
"KS",2013,27.6
"KS",2019,27.6
"LA",2019,27.6
"KS",2019,27.6
"MA",2019,27.6
"PA",2019,27.6
"AR",2013,27.6
"UT",2015,27.6
"MA",2011,27.6
"MN",2013,27.6
"DE",2013,27.6
"AR",2013,27.6
"NY",2015,27.6
"DE",2013,27.6
"NH",2013,27.6
"WV",2011,27.6
"KS",2013,27.6
"WV",2011,27.6
"OK",2011,27.6
"TN",2015,27.6
"NY",2015,27.6
"WI",2015,27.6
"IN",2011,27.6
"GA",2015,27.6
"ID",2013,27.6
"TX",2011,27.6
"NE",2017,27.7
"OH",2017,27.7
"RI",2017,27.7
"KS",2017,27.7
"AR",2017,27.7
"MD",2017,27.7
"OH",2017,27.7
"CO",2013,27.7
"DE",2011,27.7
"MA",2017,27.7
"MO",2017,27.7
"NV",2017,27.7
"MT",2017,27.7
"IL",2017,27.7
"KY",2017,27.7
"LA",2019,27.7
"MA",2011,27.7
"IL",2013,27.7
"MD",2011,27.7
"NV",2019,27.7
"AL",2019,27.7
"LA",2019,27.7
"NY",2019,27.7
"SC",2019,27.7
"PA",2019,27.7
"NY",2019,27.7
"CA",2019,27.7
"NV",2019,27.7
"OK",2013,27.7
"RI",2013,27.7
"ID",2011,27.7
"AR",2011,27.7
"LA",2015,27.7
"WY",2011,27.7
"TN",2015,27.7
"NE",2011,27.7
"MD",2011,27.7
"RI",2011,27.7
"SC",2011,27.7
"ID",2015,27.7
"IA",2015,27.7
"RI",2013,27.7
"MD",2013,27.7
"AR",2017,27.8
"OH",2017,27.8
"NV",2017,27.8
"WA",2013,27.8
"ND",2015,27.8
"NJ",2017,27.8
"NY",2015,27.8
"CT",2017,27.8
"VA",2017,27.8
"KY",2013,27.8
"WA",2017,27.8
"AR",2011,27.8
"KS",2017,27.8
"NH",2017,27.8
"SC",2017,27.8
"OK",2013,27.8
"NC",2015,27.8
"SD",2019,27.8
"MS",2011,27.8
"NE",2019,27.8
"NC",2011,27.8
"KS",2013,27.8
"SC",2013,27.8
"MA",2019,27.8
"PA",2019,27.8
"ME",2019,27.8
"NC",2015,27.8
"IA",2013,27.8
"SC",2013,27.8
"KS",2015,27.8
"PA",2015,27.8
"OH",2015,27.8
"IN",2011,27.8
"WA",2013,27.8
"NC",2015,27.8
"RI",2011,27.8
"WI",2011,27.8
"CO",2013,27.8
"WV",2013,27.8
"MD",2013,27.8
"MO",2015,27.8
"IL",2017,27.9
"IL",2017,27.9
"UT",2017,27.9
"NC",2017,27.9
"VA",2017,27.9
"OK",2015,27.9
"MD",2011,27.9
"MI",2015,27.9
"TX",2019,27.9
"AZ",2019,27.9
"SD",2019,27.9
"ND",2019,27.9
"ND",2015,27.9
"KY",2011,27.9
"GA",2019,27.9
"IA",2019,27.9
"SC",2019,27.9
"NJ",2015,27.9
"UT",2011,27.9
"NJ",2015,27.9
"TN",2015,27.9
"MD",2011,27.9
"AZ",2015,27.9
"KY",2011,27.9
"WA",2013,27.9
"VA",2011,27.9
"NH",2013,27.9
"KS",2011,27.9
"MA",2015,27.9
"KY",2011,27.9
"NJ",2011,27.9
"SD",2017,28
"OH",2015,28
"MO",2015,28
"IL",2015,28
"NY",2011,28
"GA",2011,28
"NY",2015,28
"IN",2015,28
"MO",2017,28
"KS",2015,28
"TN",2017,28
"MA",2019,28
"OK",2015,28
"AL",2019,28
"NC",2019,28
"CA",2019,28
"AL",2013,28
"KS",2013,28
"LA",2013,28
"GA",2015,28
"NC",2015,28
"SC",2015,28
"PA",2011,28
"KY",2015,28
"SD",2011,28
"MN",2013,28
"MA",2015,28
"OK",2015,28
"OK",2011,28
"MA",2017,28.1
"ND",2017,28.1
"IA",2015,28.1
"MD",2017,28.1
"MA",2017,28.1
"GA",2017,28.1
"PA",2011,28.1
"MI",2015,28.1
"NE",2011,28.1
"NC",2011,28.1
"NE",2011,28.1
"NH",2017,28.1
"AR",2017,28.1
"OH",2017,28.1
"NC",2017,28.1
"LA",2017,28.1
"OH",2013,28.1
"NE",2019,28.1
"SC",2013,28.1
"KY",2019,28.1
"AR",2015,28.1
"AL",2019,28.1
"WA",2019,28.1
"NC",2019,28.1
"SC",2019,28.1
"KS",2019,28.1
"TX",2019,28.1
"ND",2015,28.1
"WA",2011,28.1
"SC",2015,28.1
"RI",2015,28.1
"OK",2011,28.1
"IA",2015,28.1
"SC",2013,28.1
"MD",2011,28.1
"TN",2015,28.1
"KY",2015,28.1
"CA",2011,28.1
"IA",2017,28.2
"NV",2017,28.2
"CA",2017,28.2
"MD",2013,28.2
"SC",2015,28.2
"VA",2015,28.2
"OK",2013,28.2
"WA",2011,28.2
"IA",2015,28.2
"KY",2017,28.2
"SD",2015,28.2
"WY",2017,28.2
"IN",2017,28.2
"ME",2017,28.2
"CT",2011,28.2
"MA",2017,28.2
"AR",2017,28.2
"AZ",2011,28.2
"AL",2019,28.2
"WI",2013,28.2
"IA",2019,28.2
"NC",2013,28.2
"SC",2011,28.2
"OH",2013,28.2
"IN",2019,28.2
"OK",2015,28.2
"GA",2013,28.2
"RI",2015,28.2
"MI",2011,28.2
"NC",2011,28.2
"NC",2013,28.2
"WA",2011,28.2
"WV",2015,28.2
"NE",2011,28.2
"KY",2013,28.2
"IL",2015,28.2
"NV",2011,28.2
"AZ",2015,28.2
"LA",2015,28.2
"NH",2017,28.3
"NC",2017,28.3
"WY",2017,28.3
"KS",2017,28.3
"MA",2017,28.3
"RI",2017,28.3
"MD",2013,28.3
"IA",2013,28.3
"WA",2013,28.3
"WY",2011,28.3
"NY",2011,28.3
"PA",2013,28.3
"CT",2013,28.3
"AL",2015,28.3
"NJ",2017,28.3
"SC",2017,28.3
"NE",2017,28.3
"PA",2015,28.3
"KS",2013,28.3
"MD",2011,28.3
"ND",2013,28.3
"AR",2019,28.3
"DE",2019,28.3
"AL",2013,28.3
"VA",2019,28.3
"DE",2011,28.3
"NV",2019,28.3
"MI",2019,28.3
"FL",2019,28.3
"NY",2019,28.3
"ND",2019,28.3
"MN",2013,28.3
"NV",2019,28.3
"TN",2019,28.3
"NV",2013,28.3
"AL",2011,28.3
"WV",2013,28.3
"IA",2015,28.3
"IA",2013,28.3
"OK",2015,28.3
"FL",2015,28.3
"RI",2015,28.3
"NV",2011,28.3
"AR",2015,28.3
"MO",2015,28.3
"SD",2011,28.3
"TX",2013,28.3
"NM",2011,28.3
"IA",2011,28.3
"KY",2017,28.4
"KY",2017,28.4
"LA",2017,28.4
"MD",2017,28.4
"MN",2017,28.4
"RI",2015,28.4
"NE",2011,28.4
"PA",2013,28.4
"NY",2011,28.4
"GA",2011,28.4
"ME",2017,28.4
"MA",2017,28.4
"TN",2017,28.4
"OK",2011,28.4
"NY",2013,28.4
"OH",2019,28.4
"DE",2019,28.4
"NH",2019,28.4
"CT",2013,28.4
"OH",2019,28.4
"AR",2019,28.4
"MA",2019,28.4
"LA",2011,28.4
"NE",2015,28.4
"FL",2013,28.4
"OK",2015,28.4
"OK",2015,28.4
"TX",2013,28.4
"LA",2013,28.4
"IL",2015,28.4
"MD",2013,28.4
"RI",2015,28.4
"KY",2015,28.4
"WV",2011,28.4
"OK",2017,28.5
"DE",2017,28.5
"UT",2017,28.5
"MI",2017,28.5
"IL",2017,28.5
"SD",2017,28.5
"OK",2017,28.5
"AR",2015,28.5
"CA",2013,28.5
"KY",2013,28.5
"OK",2017,28.5
"NC",2017,28.5
"NM",2011,28.5
"MO",2017,28.5
"LA",2017,28.5
"GA",2019,28.5
"AR",2019,28.5
"ND",2011,28.5
"KY",2019,28.5
"NE",2011,28.5
"TX",2013,28.5
"IL",2011,28.5
"NY",2019,28.5
"IL",2011,28.5
"NH",2019,28.5
"MD",2019,28.5
"AZ",2019,28.5
"IN",2019,28.5
"AR",2015,28.5
"IN",2019,28.5
"OH",2011,28.5
"AZ",2011,28.5
"LA",2011,28.5
"NY",2015,28.5
"CT",2011,28.5
"PA",2015,28.5
"MN",2011,28.5
"AL",2011,28.5
"OR",2011,28.5
"DE",2013,28.5
"OK",2015,28.5
"AR",2015,28.5
"IN",2011,28.5
"MT",2011,28.5
"IA",2011,28.5
"NV",2015,28.5
"DE",2013,28.6
"PA",2011,28.6
"NM",2011,28.6
"AZ",2015,28.6
"GA",2013,28.6
"AL",2017,28.6
"NY",2017,28.6
"ND",2015,28.6
"ME",2017,28.6
"VA",2011,28.6
"KS",2013,28.6
"NY",2019,28.6
"MD",2019,28.6
"KS",2019,28.6
"TX",2019,28.6
"NC",2015,28.6
"ME",2019,28.6
"CT",2019,28.6
"NC",2013,28.6
"SC",2019,28.6
"UT",2019,28.6
"MA",2013,28.6
"PA",2015,28.6
"DE",2013,28.6
"KS",2011,28.6
"NE",2011,28.6
"AR",2015,28.6
"WI",2011,28.6
"PA",2011,28.6
"NJ",2013,28.6
"WV",2013,28.6
"TX",2015,28.6
"KY",2015,28.6
"UT",2011,28.6
"NC",2011,28.6
"LA",2011,28.6
"CT",2015,28.6
"FL",2013,28.6
"DE",2011,28.6
"NE",2011,28.6
"GA",2017,28.7
"MO",2017,28.7
"WV",2017,28.7
"KY",2017,28.7
"IN",2017,28.7
"VA",2017,28.7
"PA",2013,28.7
"RI",2015,28.7
"TX",2011,28.7
"MN",2013,28.7
"AL",2019,28.7
"MO",2011,28.7
"SD",2019,28.7
"NE",2013,28.7
"TX",2019,28.7
"WV",2019,28.7
"NJ",2015,28.7
"VA",2015,28.7
"VA",2013,28.7
"GA",2019,28.7
"MN",2015,28.7
"NC",2019,28.7
"MS",2011,28.7
"IL",2019,28.7
"VA",2019,28.7
"NY",2013,28.7
"MN",2013,28.7
"MD",2011,28.7
"MA",2013,28.7
"IA",2011,28.7
"NV",2011,28.7
"MD",2015,28.7
"AL",2011,28.7
"KS",2011,28.7
"NM",2011,28.7
"IN",2011,28.7
"KY",2011,28.7
"TX",2015,28.7
"IN",2013,28.7
"TX",2013,28.7
"MO",2013,28.7
"IA",2013,28.7
"MA",2013,28.7
"WV",2017,28.8
"KY",2017,28.8
"IN",2017,28.8
"AZ",2017,28.8
"CT",2017,28.8
"CA",2017,28.8
"NJ",2015,28.8
"AR",2011,28.8
"SC",2015,28.8
"PA",2013,28.8
"MD",2011,28.8
"AR",2015,28.8
"LA",2015,28.8
"NE",2015,28.8
"PA",2017,28.8
"KS",2017,28.8
"MI",2017,28.8
"PA",2017,28.8
"TX",2017,28.8
"KY",2011,28.8
"ID",2017,28.8
"AR",2019,28.8
"KS",2015,28.8
"SC",2019,28.8
"OH",2019,28.8
"IL",2019,28.8
"ND",2019,28.8
"SC",2019,28.8
"MN",2019,28.8
"NE",2019,28.8
"WA",2011,28.8
"AL",2015,28.8
"NJ",2015,28.8
"CO",2015,28.8
"VA",2015,28.8
"IL",2013,28.8
"WY",2011,28.8
"NC",2011,28.8
"KY",2013,28.8
"RI",2015,28.8
"CT",2013,28.8
"OH",2017,28.9
"MO",2017,28.9
"TN",2017,28.9
"OH",2017,28.9
"NE",2017,28.9
"NE",2017,28.9
"IA",2017,28.9
"CT",2017,28.9
"PA",2017,28.9
"SD",2017,28.9
"NE",2015,28.9
"NM",2011,28.9
"DE",2011,28.9
"NE",2011,28.9
"DE",2013,28.9
"NC",2015,28.9
"GA",2013,28.9
"MN",2011,28.9
"TN",2015,28.9
"PA",2017,28.9
"CA",2017,28.9
"IA",2015,28.9
"NV",2017,28.9
"KS",2015,28.9
"CT",2011,28.9
"MA",2019,28.9
"DE",2015,28.9
"ME",2019,28.9
"MN",2019,28.9
"GA",2019,28.9
"ND",2019,28.9
"PA",2019,28.9
"OH",2019,28.9
"KS",2019,28.9
"KS",2019,28.9
"KS",2019,28.9
"MA",2015,28.9
"MS",2011,28.9
"WA",2011,28.9
"FL",2013,28.9
"GA",2013,28.9
"NJ",2013,28.9
"WI",2013,28.9
"MO",2017,29
"TX",2017,29
"NJ",2017,29
"IN",2017,29
"MD",2017,29
"LA",2017,29
"TX",2017,29
"WA",2015,29
"ME",2013,29
"MO",2011,29
"ND",2015,29
"MO",2013,29
"AR",2011,29
"ND",2011,29
"IN",2017,29
"IL",2015,29
"KY",2011,29
"SD",2011,29
"GA",2015,29
"RI",2011,29
"OH",2013,29
"OR",2019,29
"IA",2019,29
"LA",2019,29
"ME",2019,29
"MI",2019,29
"MA",2019,29
"VA",2015,29
"FL",2013,29
"CT",2015,29
"WY",2013,29
"GA",2011,29
"CO",2013,29
"OH",2011,29
"CT",2013,29
"NY",2013,29
"CA",2015,29
"MS",2011,29
"MD",2013,29
"KS",2013,29
"AZ",2013,29
"MO",2011,29
"TN",2015,29
"KS",2015,29
"OK",2011,29
"AL",2013,29
"AZ",2017,29.1
"AL",2017,29.1
"HI",2017,29.1
"PA",2017,29.1
"MS",2017,29.1
"OH",2017,29.1
"GA",2011,29.1
"MN",2015,29.1
"CA",2011,29.1
"NY",2017,29.1
"NC",2017,29.1
"RI",2011,29.1
"NV",2017,29.1
"MD",2017,29.1
"OH",2013,29.1
"AZ",2013,29.1
"NC",2013,29.1
"IN",2019,29.1
"RI",2019,29.1
"ND",2019,29.1
"IN",2015,29.1
"TX",2011,29.1
"IN",2019,29.1
"NH",2019,29.1
"NY",2013,29.1
"NY",2015,29.1
"AL",2011,29.1
"KS",2013,29.1
"PA",2011,29.1
"IL",2015,29.1
"NH",2013,29.1
"NY",2015,29.1
"CT",2013,29.1
"NM",2013,29.1
"NC",2015,29.1
"IN",2011,29.1
"NC",2015,29.1
"DE",2011,29.1
"OK",2015,29.1
"MO",2015,29.1
"ID",2011,29.1
"NY",2017,29.2
"MN",2017,29.2
"MS",2015,29.2
"VA",2011,29.2
"FL",2015,29.2
"MD",2015,29.2
"KY",2017,29.2
"IN",2017,29.2
"LA",2017,29.2
"ND",2011,29.2
"IA",2017,29.2
"KS",2017,29.2
"KY",2013,29.2
"DE",2019,29.2
"MD",2019,29.2
"NE",2019,29.2
"UT",2019,29.2
"NY",2019,29.2
"NV",2019,29.2
"OH",2019,29.2
"WV",2019,29.2
"DE",2019,29.2
"TX",2015,29.2
"MD",2015,29.2
"DE",2011,29.2
"GA",2011,29.2
"MA",2015,29.2
"NV",2013,29.2
"FL",2015,29.2
"WY",2017,29.3
"MO",2017,29.3
"NE",2017,29.3
"GA",2017,29.3
"AZ",2017,29.3
"KS",2013,29.3
"CA",2011,29.3
"NE",2015,29.3
"MN",2015,29.3
"MN",2013,29.3
"KS",2015,29.3
"FL",2011,29.3
"RI",2011,29.3
"NV",2017,29.3
"AR",2017,29.3
"IA",2017,29.3
"KY",2017,29.3
"TN",2017,29.3
"PA",2013,29.3
"NC",2017,29.3
"CT",2013,29.3
"NE",2019,29.3
"NE",2013,29.3
"PA",2019,29.3
"MS",2019,29.3
"OK",2013,29.3
"PA",2013,29.3
"MO",2015,29.3
"RI",2019,29.3
"CT",2019,29.3
"AR",2019,29.3
"TX",2015,29.3
"AZ",2019,29.3
"ND",2019,29.3
"MO",2019,29.3
"AZ",2011,29.3
"DE",2011,29.3
"NJ",2013,29.3
"AL",2015,29.3
"KY",2011,29.3
"AZ",2015,29.3
"AZ",2015,29.3
"AR",2011,29.3
"PA",2015,29.3
"IA",2015,29.3
"MN",2013,29.3
"NJ",2015,29.3
"NC",2017,29.4
"MT",2017,29.4
"VA",2017,29.4
"MN",2017,29.4
"MI",2017,29.4
"CO",2017,29.4
"NH",2017,29.4
"IL",2017,29.4
"MO",2017,29.4
"RI",2013,29.4
"RI",2013,29.4
"GA",2017,29.4
"MO",2017,29.4
"WI",2017,29.4
"MD",2013,29.4
"NE",2017,29.4
"WA",2017,29.4
"TN",2015,29.4
"PA",2019,29.4
"IA",2019,29.4
"AR",2019,29.4
"MO",2011,29.4
"KY",2013,29.4
"MA",2011,29.4
"IA",2019,29.4
"SD",2019,29.4
"ME",2015,29.4
"IN",2019,29.4
"ME",2019,29.4
"NE",2019,29.4
"WY",2011,29.4
"NC",2015,29.4
"MO",2019,29.4
"NE",2019,29.4
"OH",2011,29.4
"VA",2013,29.4
"ME",2013,29.4
"MI",2015,29.4
"ND",2011,29.4
"NY",2011,29.4
"TX",2011,29.4
"NE",2015,29.4
"MD",2015,29.4
"NH",2015,29.4
"ME",2013,29.4
"GA",2011,29.4
"TN",2015,29.4
"NC",2013,29.4
"MI",2017,29.5
"NV",2017,29.5
"IN",2017,29.5
"NE",2017,29.5
"SC",2017,29.5
"NJ",2013,29.5
"KS",2015,29.5
"NC",2013,29.5
"KY",2015,29.5
"ND",2013,29.5
"AK",2013,29.5
"MA",2013,29.5
"IN",2011,29.5
"SC",2013,29.5
"FL",2015,29.5
"NC",2017,29.5
"PA",2015,29.5
"LA",2019,29.5
"NE",2015,29.5
"IN",2019,29.5
"MO",2013,29.5
"MN",2011,29.5
"WA",2019,29.5
"PA",2015,29.5
"NC",2019,29.5
"AR",2019,29.5
"PA",2019,29.5
"LA",2019,29.5
"NY",2015,29.5
"NC",2013,29.5
"VA",2013,29.5
"KS",2015,29.5
"NV",2013,29.5
"RI",2011,29.5
"NC",2013,29.5
"NE",2015,29.5
"NY",2015,29.5
"WV",2015,29.5
"NJ",2011,29.5
"OH",2017,29.6
"KS",2017,29.6
"SC",2017,29.6
"IA",2017,29.6
"MT",2017,29.6
"WV",2017,29.6
"KY",2015,29.6
"CA",2015,29.6
"AR",2015,29.6
"CA",2013,29.6
"SC",2011,29.6
"IL",2011,29.6
"OK",2013,29.6
"IA",2017,29.6
"RI",2017,29.6
"AR",2011,29.6
"MI",2013,29.6
"HI",2019,29.6
"HI",2015,29.6
"FL",2015,29.6
"NE",2019,29.6
"TX",2019,29.6
"SD",2019,29.6
"IN",2019,29.6
"KY",2011,29.6
"AR",2019,29.6
"NE",2019,29.6
"KS",2019,29.6
"KS",2015,29.6
"PA",2013,29.6
"OH",2013,29.6
"MO",2015,29.6
"NE",2011,29.6
"NC",2015,29.6
"NV",2015,29.6
"KS",2011,29.6
"MN",2013,29.6
"CA",2015,29.6
"SC",2011,29.6
"SC",2013,29.7
"NY",2017,29.7
"VA",2017,29.7
"MN",2017,29.7
"MS",2017,29.7
"AR",2017,29.7
"WY",2013,29.7
"PA",2015,29.7
"GA",2011,29.7
"NH",2013,29.7
"MN",2011,29.7
"TN",2017,29.7
"RI",2015,29.7
"PA",2017,29.7
"KS",2013,29.7
"FL",2017,29.7
"NV",2017,29.7
"NE",2017,29.7
"RI",2017,29.7
"NJ",2017,29.7
"AL",2015,29.7
"DE",2011,29.7
"NE",2017,29.7
"AK",2017,29.7
"NJ",2015,29.7
"HI",2011,29.7
"KS",2019,29.7
"IA",2019,29.7
"TN",2019,29.7
"FL",2011,29.7
"IL",2019,29.7
"NC",2019,29.7
"MN",2019,29.7
"ID",2013,29.7
"AK",2019,29.7
"LA",2019,29.7
"AL",2019,29.7
"TN",2011,29.7
"DE",2015,29.7
"WA",2011,29.7
"LA",2013,29.7
"CA",2011,29.7
"KY",2011,29.7
"TN",2011,29.7
"OK",2013,29.7
"OK",2011,29.7
"CT",2013,29.7
"IN",2015,29.7
"OH",2013,29.7
"OH",2015,29.7
"LA",2015,29.7
"CT",2013,29.7
"MO",2017,29.8
"AZ",2017,29.8
"MO",2017,29.8
"TN",2017,29.8
"SD",2017,29.8
"TN",2017,29.8
"SD",2017,29.8
"IA",2017,29.8
"NV",2011,29.8
"NY",2013,29.8
"IL",2011,29.8
"PA",2015,29.8
"AZ",2017,29.8
"WV",2017,29.8
"MS",2017,29.8
"CT",2017,29.8
"MA",2017,29.8
"IL",2015,29.8
"CA",2017,29.8
"NJ",2017,29.8
"IA",2019,29.8
"IA",2019,29.8
"NV",2019,29.8
"TN",2019,29.8
"PA",2013,29.8
"SC",2015,29.8
"MA",2015,29.8
"NC",2019,29.8
"TN",2019,29.8
"MI",2019,29.8
"AZ",2019,29.8
"CT",2019,29.8
"ID",2013,29.8
"LA",2015,29.8
"WA",2013,29.8
"MD",2015,29.8
"KY",2013,29.8
"IL",2015,29.8
"SC",2013,29.8
"KY",2011,29.8
"PA",2015,29.8
"MD",2011,29.8
"MI",2017,29.9
"MI",2017,29.9
"AR",2017,29.9
"MD",2011,29.9
"WV",2015,29.9
"WV",2013,29.9
"HI",2017,29.9
"TN",2017,29.9
"CA",2017,29.9
"MA",2015,29.9
"CT",2017,29.9
"MS",2019,29.9
"WI",2019,29.9
"PA",2013,29.9
"KS",2013,29.9
"NV",2019,29.9
"MD",2013,29.9
"WY",2019,29.9
"SD",2019,29.9
"PA",2019,29.9
"VA",2019,29.9
"MN",2019,29.9
"LA",2015,29.9
"TX",2019,29.9
"NC",2019,29.9
"SC",2015,29.9
"IN",2015,29.9
"CO",2013,29.9
"PA",2011,29.9
"WV",2011,29.9
"MI",2013,29.9
"SD",2015,29.9
"NE",2013,29.9
"AR",2015,29.9
"VT",2015,29.9
"WI",2013,29.9
"DE",2017,30
"MN",2017,30
"FL",2017,30
"NH",2017,30
"TX",2011,30
"TX",2013,30
"KS",2013,30
"AR",2013,30
"WI",2015,30
"IL",2017,30
"NC",2015,30
"UT",2017,30
"MD",2017,30
"ME",2017,30
"KS",2017,30
"WY",2019,30
"CO",2015,30
"MN",2013,30
"RI",2011,30
"TN",2019,30
"SD",2015,30
"MA",2011,30
"IL",2011,30
"OK",2019,30
"LA",2019,30
"ND",2019,30
"RI",2019,30
"FL",2019,30
"SD",2019,30
"KS",2013,30
"DE",2011,30
"NC",2011,30
"OH",2013,30
"PA",2013,30
"CA",2011,30
"MI",2013,30
"FL",2013,30
"DE",2013,30
"KS",2017,30.1
"DE",2017,30.1
"KY",2017,30.1
"MO",2017,30.1
"KS",2013,30.1
"CA",2011,30.1
"AK",2011,30.1
"NJ",2015,30.1
"NH",2013,30.1
"NM",2013,30.1
"UT",2011,30.1
"WV",2017,30.1
"TN",2017,30.1
"GA",2017,30.1
"MI",2019,30.1
"IA",2019,30.1
"OH",2015,30.1
"NE",2019,30.1
"AK",2011,30.1
"OH",2019,30.1
"NE",2015,30.1
"WY",2019,30.1
"MD",2013,30.1
"CT",2019,30.1
"MI",2015,30.1
"NM",2019,30.1
"KS",2019,30.1
"IL",2019,30.1
"WA",2019,30.1
"MN",2015,30.1
"AZ",2019,30.1
"IL",2013,30.1
"VA",2013,30.1
"LA",2013,30.1
"MI",2015,30.1
"AK",2015,30.1
"ID",2013,30.1
"CA",2015,30.1
"WI",2011,30.1
"KS",2015,30.1
"CT",2011,30.1
"AR",2017,30.2
"TN",2017,30.2
"OH",2017,30.2
"SD",2017,30.2
"DE",2017,30.2
"IA",2017,30.2
"OR",2017,30.2
"ID",2013,30.2
"RI",2013,30.2
"WV",2011,30.2
"AR",2013,30.2
"MO",2011,30.2
"VA",2013,30.2
"IA",2017,30.2
"MA",2017,30.2
"NM",2017,30.2
"NM",2015,30.2
"RI",2019,30.2
"OH",2019,30.2
"KS",2019,30.2
"IL",2019,30.2
"AZ",2019,30.2
"OR",2019,30.2
"NY",2019,30.2
"KS",2015,30.2
"TN",2019,30.2
"TN",2019,30.2
"GA",2019,30.2
"MN",2019,30.2
"OH",2019,30.2
"AR",2013,30.2
"MN",2013,30.2
"WV",2015,30.2
"NE",2015,30.2
"DE",2015,30.2
"UT",2015,30.2
"UT",2015,30.2
"KS",2013,30.2
"MD",2011,30.2
"CT",2011,30.2
"AK",2013,30.2
"NE",2011,30.2
"MO",2011,30.2
"PA",2013,30.2
"NJ",2011,30.2
"AZ",2017,30.3
"IA",2017,30.3
"WV",2017,30.3
"MT",2017,30.3
"LA",2017,30.3
"MI",2017,30.3
"KS",2017,30.3
"HI",2013,30.3
"RI",2015,30.3
"NM",2011,30.3
"MI",2015,30.3
"VA",2015,30.3
"PA",2017,30.3
"IL",2017,30.3
"OK",2011,30.3
"VA",2011,30.3
"UT",2017,30.3
"KS",2017,30.3
"MI",2011,30.3
"DE",2019,30.3
"CT",2019,30.3
"IN",2013,30.3
"WV",2019,30.3
"MI",2019,30.3
"DE",2019,30.3
"MO",2019,30.3
"RI",2011,30.3
"IA",2019,30.3
"AR",2019,30.3
"CT",2013,30.3
"SD",2015,30.3
"NE",2015,30.3
"AL",2013,30.3
"SC",2011,30.3
"IL",2013,30.3
"NC",2011,30.3
"NE",2015,30.3
"ND",2011,30.3
"WA",2015,30.3
"DE",2011,30.3
"MO",2013,30.3
"NY",2013,30.3
"OK",2017,30.4
"WI",2017,30.4
"NM",2017,30.4
"VA",2017,30.4
"WV",2015,30.4
"MA",2017,30.4
"NM",2017,30.4
"KS",2017,30.4
"PA",2017,30.4
"CT",2011,30.4
"NV",2011,30.4
"MN",2017,30.4
"MA",2015,30.4
"IA",2017,30.4
"UT",2017,30.4
"SD",2017,30.4
"ND",2019,30.4
"IL",2019,30.4
"SD",2019,30.4
"KS",2019,30.4
"SD",2019,30.4
"CO",2019,30.4
"WI",2019,30.4
"OH",2011,30.4
"NM",2011,30.4
"LA",2015,30.4
"OH",2011,30.4
"MO",2013,30.4
"VT",2013,30.4
"NJ",2011,30.4
"MA",2013,30.4
"RI",2013,30.4
"SC",2013,30.4
"NE",2013,30.4
"NH",2015,30.4
"LA",2011,30.4
"MI",2011,30.4
"AZ",2017,30.5
"NY",2017,30.5
"NM",2017,30.5
"TX",2017,30.5
"HI",2017,30.5
"IA",2017,30.5
"CT",2017,30.5
"HI",2017,30.5
"IL",2013,30.5
"CT",2013,30.5
"RI",2011,30.5
"WY",2011,30.5
"UT",2011,30.5
"MD",2013,30.5
"GA",2017,30.5
"OH",2017,30.5
"HI",2015,30.5
"VT",2017,30.5
"NC",2017,30.5
"MA",2015,30.5
"UT",2017,30.5
"IA",2017,30.5
"NE",2017,30.5
"IA",2017,30.5
"NV",2019,30.5
"TX",2019,30.5
"VA",2019,30.5
"PA",2011,30.5
"WA",2019,30.5
"IN",2019,30.5
"MD",2019,30.5
"GA",2019,30.5
"NM",2011,30.5
"MA",2019,30.5
"GA",2019,30.5
"NC",2019,30.5
"UT",2011,30.5
"GA",2011,30.5
"KS",2013,30.5
"MO",2011,30.5
"OH",2013,30.5
"WV",2015,30.5
"AR",2015,30.5
"IL",2011,30.5
"MT",2011,30.5
"IL",2013,30.5
"TN",2011,30.5
"OH",2011,30.5
"OH",2011,30.5
"MD",2017,30.6
"ME",2017,30.6
"RI",2011,30.6
"NE",2013,30.6
"WI",2011,30.6
"MO",2013,30.6
"KS",2017,30.6
"SD",2017,30.6
"MT",2017,30.6
"AR",2011,30.6
"LA",2019,30.6
"VA",2015,30.6
"UT",2019,30.6
"MI",2019,30.6
"PA",2019,30.6
"CA",2019,30.6
"UT",2019,30.6
"MA",2019,30.6
"MO",2015,30.6
"NV",2011,30.6
"KS",2019,30.6
"AL",2019,30.6
"IA",2011,30.6
"PA",2015,30.6
"SC",2013,30.6
"MN",2015,30.6
"NJ",2013,30.6
"CT",2011,30.6
"WA",2011,30.6
"SC",2011,30.6
"MD",2011,30.6
"MN",2013,30.6
"UT",2013,30.6
"PA",2011,30.6
"AR",2011,30.6
"AZ",2015,30.6
"IN",2013,30.6
"PA",2015,30.6
"MO",2015,30.6
"MA",2011,30.6
"ID",2013,30.6
"MI",2017,30.7
"AR",2017,30.7
"WA",2017,30.7
"NY",2011,30.7
"WV",2013,30.7
"ND",2013,30.7
"VT",2013,30.7
"DE",2015,30.7
"UT",2011,30.7
"FL",2017,30.7
"AR",2017,30.7
"KY",2017,30.7
"KS",2017,30.7
"MI",2013,30.7
"ME",2019,30.7
"NV",2019,30.7
"AL",2019,30.7
"MO",2013,30.7
"VA",2019,30.7
"MN",2019,30.7
"KS",2019,30.7
"NY",2019,30.7
"OH",2019,30.7
"NE",2015,30.7
"MD",2013,30.7
"LA",2011,30.7
"RI",2011,30.7
"OK",2015,30.7
"SC",2011,30.7
"PA",2015,30.7
"WA",2015,30.7
"MT",2011,30.7
"NY",2015,30.7
"CO",2015,30.7
"ID",2015,30.7
"MI",2011,30.7
"IL",2015,30.7
"CO",2013,30.7
"NC",2015,30.7
"GA",2015,30.7
"NE",2017,30.8
"OH",2017,30.8
"RI",2017,30.8
"NY",2017,30.8
"ND",2015,30.8
"WI",2013,30.8
"KY",2011,30.8
"ID",2013,30.8
"NH",2011,30.8
"NE",2013,30.8
"MO",2011,30.8
"UT",2017,30.8
"MI",2017,30.8
"CT",2017,30.8
"AR",2017,30.8
"ID",2019,30.8
"GA",2019,30.8
"OH",2011,30.8
"AR",2015,30.8
"AZ",2019,30.8
"IA",2019,30.8
"SC",2019,30.8
"FL",2019,30.8
"SD",2019,30.8
"NV",2019,30.8
"NJ",2015,30.8
"NJ",2011,30.8
"DE",2011,30.8
"OH",2015,30.8
"WI",2015,30.8
"MT",2013,30.8
"MA",2017,30.9
"VA",2017,30.9
"KS",2017,30.9
"AZ",2017,30.9
"KS",2015,30.9
"AZ",2011,30.9
"NJ",2011,30.9
"DE",2015,30.9
"GA",2011,30.9
"MO",2011,30.9
"HI",2017,30.9
"SC",2017,30.9
"MN",2017,30.9
"OK",2017,30.9
"AL",2017,30.9
"OR",2017,30.9
"MS",2017,30.9
"SC",2017,30.9
"KS",2017,30.9
"KS",2015,30.9
"OR",2019,30.9
"NJ",2015,30.9
"MI",2013,30.9
"HI",2019,30.9
"AZ",2019,30.9
"IA",2019,30.9
"IN",2019,30.9
"OR",2019,30.9
"MN",2013,30.9
"HI",2015,30.9
"NJ",2013,30.9
"ME",2015,30.9
"VA",2011,30.9
"UT",2013,30.9
"DE",2013,30.9
"NY",2013,30.9
"NV",2011,30.9
"SC",2015,30.9
"CO",2011,30.9
"NY",2011,30.9
"KY",2013,31
"UT",2017,31
"MI",2017,31
"IL",2017,31
"KS",2017,31
"WY",2017,31
"MO",2017,31
"NY",2017,31
"IN",2013,31
"OK",2011,31
"SD",2011,31
"GA",2013,31
"TX",2011,31
"IA",2011,31
"SC",2011,31
"SD",2013,31
"ND",2017,31
"ME",2017,31
"RI",2017,31
"IN",2017,31
"DE",2017,31
"AK",2019,31
"OH",2019,31
"NE",2019,31
"VA",2019,31
"IA",2019,31
"VA",2019,31
"WY",2019,31
"MD",2015,31
"ME",2019,31
"FL",2011,31
"MA",2015,31
"NC",2013,31
"GA",2011,31
"IL",2015,31
"RI",2015,31
"MA",2011,31
"GA",2015,31
"MO",2011,31
"VA",2011,31
"KS",2011,31
"MN",2011,31
"MI",2011,31
"WA",2015,31
"MA",2017,31.1
"SD",2017,31.1
"MD",2017,31.1
"GA",2017,31.1
"NV",2017,31.1
"VA",2017,31.1
"TX",2011,31.1
"CT",2011,31.1
"AR",2011,31.1
"MO",2015,31.1
"UT",2011,31.1
"ID",2013,31.1
"NC",2013,31.1
"ME",2017,31.1
"MI",2017,31.1
"TN",2017,31.1
"ME",2017,31.1
"RI",2017,31.1
"MN",2011,31.1
"SD",2019,31.1
"TX",2019,31.1
"CT",2019,31.1
"UT",2019,31.1
"IL",2015,31.1
"OR",2019,31.1
"AR",2019,31.1
"RI",2019,31.1
"UT",2011,31.1
"MT",2019,31.1
"HI",2019,31.1
"NE",2013,31.1
"GA",2011,31.1
"KS",2015,31.1
"PA",2015,31.1
"AL",2015,31.1
"MD",2015,31.1
"WV",2011,31.1
"IL",2013,31.1
"IL",2015,31.1
"AK",2013,31.1
"DE",2013,31.1
"LA",2013,31.1
"SC",2013,31.1
"OK",2013,31.1
"OR",2011,31.1
"TX",2011,31.1
"SC",2011,31.1
"FL",2015,31.1
"CT",2013,31.1
"KY",2015,31.1
"GA",2013,31.1
"NM",2013,31.1
"AR",2011,31.2
"WV",2017,31.2
"MN",2017,31.2
"PA",2013,31.2
"MI",2013,31.2
"NV",2013,31.2
"FL",2013,31.2
"NJ",2015,31.2
"NM",2015,31.2
"MN",2017,31.2
"IL",2017,31.2
"IA",2015,31.2
"TN",2019,31.2
"MI",2019,31.2
"OH",2013,31.2
"IL",2019,31.2
"NC",2013,31.2
"PA",2019,31.2
"OH",2019,31.2
"MD",2019,31.2
"IN",2019,31.2
"NM",2019,31.2
"SD",2019,31.2
"WA",2019,31.2
"NM",2013,31.2
"UT",2019,31.2
"IA",2019,31.2
"VT",2015,31.2
"MN",2013,31.2
"IL",2011,31.2
"IA",2013,31.2
"NM",2011,31.2
"MA",2015,31.2
"GA",2013,31.2
"OH",2015,31.2
"KY",2011,31.2
"ME",2013,31.2
"AL",2013,31.2
"IL",2013,31.2
"OH",2017,31.3
"MD",2017,31.3
"KY",2017,31.3
"NH",2017,31.3
"NM",2015,31.3
"DE",2015,31.3
"NM",2013,31.3
"IA",2015,31.3
"AR",2013,31.3
"NC",2015,31.3
"UT",2011,31.3
"CA",2017,31.3
"GA",2015,31.3
"OH",2011,31.3
"IL",2015,31.3
"ND",2019,31.3
"KY",2019,31.3
"NM",2019,31.3
"NE",2013,31.3
"MI",2019,31.3
"MO",2011,31.3
"WI",2015,31.3
"TN",2019,31.3
"NY",2019,31.3
"ME",2019,31.3
"WY",2013,31.3
"GA",2019,31.3
"KY",2013,31.3
"WV",2013,31.3
"MO",2013,31.3
"MO",2013,31.3
"NJ",2015,31.3
"KS",2015,31.3
"DE",2015,31.3
"WV",2013,31.3
"NV",2013,31.3
"ME",2015,31.3
"RI",2011,31.3
"NJ",2013,31.3
"IL",2011,31.3
"ID",2011,31.3
"MN",2011,31.3
"GA",2015,31.3
"TN",2015,31.3
"NY",2011,31.3
"IL",2013,31.3
"OH",2015,31.3
"CT",2011,31.3
"WV",2013,31.3
"MN",2011,31.3
"VA",2017,31.4
"NM",2017,31.4
"CO",2017,31.4
"AK",2017,31.4
"WV",2017,31.4
"ME",2015,31.4
"MO",2015,31.4
"SC",2015,31.4
"NM",2013,31.4
"UT",2017,31.4
"WY",2011,31.4
"NM",2017,31.4
"PA",2017,31.4
"SC",2017,31.4
"WI",2015,31.4
"WV",2017,31.4
"OR",2017,31.4
"NE",2019,31.4
"NY",2019,31.4
"IN",2011,31.4
"OH",2019,31.4
"PA",2015,31.4
"NJ",2011,31.4
"NH",2011,31.4
"MO",2011,31.4
"GA",2015,31.4
"NH",2011,31.4
"LA",2015,31.4
"ID",2015,31.4
"AR",2015,31.4
"MA",2015,31.4
"SD",2015,31.4
"CO",2015,31.4
"MD",2015,31.4
"NV",2015,31.4
"FL",2013,31.4
"ND",2013,31.4
"IN",2011,31.4
"SD",2015,31.4
"AZ",2011,31.4
"SD",2017,31.5
"MD",2017,31.5
"ME",2017,31.5
"MD",2017,31.5
"SD",2017,31.5
"HI",2017,31.5
"AL",2017,31.5
"MO",2011,31.5
"MN",2011,31.5
"NY",2015,31.5
"MO",2013,31.5
"ID",2015,31.5
"CA",2015,31.5
"KS",2013,31.5
"WV",2017,31.5
"WA",2017,31.5
"ME",2017,31.5
"NH",2015,31.5
"NJ",2017,31.5
"OR",2017,31.5
"MD",2011,31.5
"WY",2019,31.5
"NJ",2011,31.5
"AK",2019,31.5
"NM",2019,31.5
"PA",2019,31.5
"DE",2015,31.5
"VT",2019,31.5
"NM",2013,31.5
"ME",2015,31.5
"NE",2013,31.5
"FL",2015,31.5
"IN",2011,31.5
"KS",2011,31.5
"IN",2011,31.5
"UT",2013,31.5
"LA",2013,31.5
"MT",2015,31.5
"VA",2015,31.5
"NV",2011,31.5
"CA",2013,31.5
"OK",2015,31.5
"RI",2015,31.5
"AZ",2013,31.5
"CT",2013,31.5
"NC",2011,31.5
"NM",2011,31.5
"NC",2017,31.6
"AZ",2017,31.6
"OR",2017,31.6
"MI",2017,31.6
"CT",2017,31.6
"KY",2017,31.6
"LA",2015,31.6
"NM",2013,31.6
"GA",2013,31.6
"NJ",2015,31.6
"OH",2013,31.6
"PA",2017,31.6
"FL",2017,31.6
"WI",2013,31.6
"AK",2017,31.6
"OR",2015,31.6
"IL",2019,31.6
"WV",2019,31.6
"CA",2013,31.6
"RI",2019,31.6
"UT",2019,31.6
"MO",2013,31.6
"MI",2019,31.6
"CT",2015,31.6
"MO",2019,31.6
"AK",2015,31.6
"NY",2011,31.6
"PA",2015,31.6
"NY",2013,31.6
"IN",2015,31.6
"PA",2011,31.6
"IL",2013,31.6
"RI",2011,31.6
"FL",2015,31.6
"WI",2017,31.7
"WY",2017,31.7
"NC",2017,31.7
"CA",2017,31.7
"RI",2017,31.7
"NJ",2017,31.7
"OH",2013,31.7
"IN",2013,31.7
"KY",2015,31.7
"MA",2011,31.7
"WV",2013,31.7
"NH",2013,31.7
"WI",2013,31.7
"MN",2015,31.7
"OH",2015,31.7
"WI",2013,31.7
"RI",2015,31.7
"FL",2017,31.7
"MI",2017,31.7
"SD",2017,31.7
"CT",2011,31.7
"DE",2017,31.7
"NC",2015,31.7
"MN",2019,31.7
"NM",2019,31.7
"WV",2019,31.7
"IL",2011,31.7
"AZ",2013,31.7
"AL",2013,31.7
"WI",2013,31.7
"AK",2015,31.7
"GA",2019,31.7
"GA",2015,31.7
"VT",2013,31.7
"MO",2013,31.7
"WV",2015,31.7
"AZ",2015,31.7
"AZ",2011,31.7
"KY",2013,31.7
"MO",2015,31.7
"KY",2015,31.7
"KY",2013,31.7
"NV",2011,31.7
"GA",2011,31.7
"MN",2011,31.7
"WV",2011,31.7
"SC",2015,31.7
"WV",2013,31.7
"NM",2011,31.7
"SD",2017,31.8
"KS",2017,31.8
"OH",2017,31.8
"IN",2017,31.8
"NM",2017,31.8
"FL",2017,31.8
"ME",2017,31.8
"IA",2015,31.8
"NV",2013,31.8
"GA",2011,31.8
"VA",2011,31.8
"NE",2013,31.8
"NV",2011,31.8
"SD",2017,31.8
"TN",2017,31.8
"IN",2017,31.8
"PA",2015,31.8
"RI",2017,31.8
"AR",2019,31.8
"RI",2019,31.8
"WI",2019,31.8
"OH",2013,31.8
"OR",2019,31.8
"NV",2015,31.8
"AK",2019,31.8
"RI",2019,31.8
"OH",2019,31.8
"OR",2015,31.8
"MA",2013,31.8
"NE",2015,31.8
"WI",2013,31.8
"GA",2011,31.8
"MN",2011,31.8
"MD",2015,31.8
"KS",2011,31.8
"VA",2013,31.8
"MN",2011,31.8
"OH",2015,31.8
"WV",2017,31.9
"WV",2017,31.9
"WI",2013,31.9
"MN",2013,31.9
"NH",2011,31.9
"WV",2013,31.9
"MO",2013,31.9
"VA",2011,31.9
"DE",2017,31.9
"VA",2017,31.9
"MI",2017,31.9
"NY",2015,31.9
"AR",2017,31.9
"SD",2017,31.9
"OH",2019,31.9
"HI",2019,31.9
"KS",2015,31.9
"MI",2015,31.9
"MN",2015,31.9
"MO",2019,31.9
"OR",2019,31.9
"VA",2013,31.9
"OH",2013,31.9
"WA",2019,31.9
"DE",2019,31.9
"CO",2019,31.9
"MD",2011,31.9
"UT",2011,31.9
"PA",2011,31.9
"NY",2013,31.9
"DE",2013,31.9
"MI",2013,31.9
"NH",2013,31.9
"IA",2013,31.9
"AZ",2011,31.9
"MI",2013,31.9
"MA",2015,31.9
"IL",2011,31.9
"NY",2013,31.9
"LA",2017,32
"HI",2017,32
"CA",2017,32
"HI",2017,32
"DE",2017,32
"UT",2015,32
"GA",2011,32
"UT",2015,32
"NY",2011,32
"ME",2011,32
"WI",2013,32
"AR",2013,32
"VT",2017,32
"ID",2017,32
"SC",2019,32
"AR",2019,32
"RI",2015,32
"VA",2013,32
"AR",2015,32
"UT",2013,32
"MI",2013,32
"MO",2015,32
"MI",2011,32
"OH",2015,32
"NE",2011,32
"SD",2013,32
"KY",2017,32.1
"RI",2017,32.1
"VA",2017,32.1
"NJ",2017,32.1
"FL",2017,32.1
"MS",2017,32.1
"NJ",2013,32.1
"MT",2011,32.1
"NY",2013,32.1
"FL",2017,32.1
"WA",2013,32.1
"CT",2013,32.1
"NE",2017,32.1
"DE",2019,32.1
"FL",2015,32.1
"MD",2019,32.1
"MI",2019,32.1
"MD",2019,32.1
"NC",2019,32.1
"NC",2019,32.1
"AZ",2019,32.1
"PA",2019,32.1
"LA",2015,32.1
"DE",2011,32.1
"LA",2015,32.1
"OH",2015,32.1
"WV",2011,32.1
"RI",2013,32.1
"DE",2015,32.1
"UT",2015,32.1
"UT",2011,32.1
"MD",2015,32.1
"MD",2015,32.1
"UT",2013,32.1
"RI",2015,32.1
"VA",2013,32.1
"RI",2013,32.1
"MI",2017,32.2
"WA",2017,32.2
"AL",2015,32.2
"RI",2013,32.2
"WI",2013,32.2
"VA",2015,32.2
"GA",2013,32.2
"CO",2017,32.2
"CT",2017,32.2
"SC",2017,32.2
"HI",2017,32.2
"VT",2017,32.2
"OH",2015,32.2
"IN",2019,32.2
"VA",2019,32.2
"NV",2019,32.2
"AL",2019,32.2
"CO",2019,32.2
"NJ",2013,32.2
"UT",2011,32.2
"OH",2011,32.2
"HI",2015,32.2
"CO",2015,32.2
"OK",2011,32.2
"MI",2011,32.2
"CO",2015,32.2
"WV",2013,32.2
"SD",2013,32.2
"DE",2011,32.2
"VA",2013,32.2
"MD",2013,32.2
"NY",2013,32.2
"MI",2011,32.2
"OH",2015,32.2
"OK",2015,32.2
"NJ",2013,32.2
"NE",2013,32.2
"WA",2011,32.2
"ME",2011,32.2
"MD",2013,32.3
"CT",2013,32.3
"NC",2017,32.3
"VA",2017,32.3
"IL",2017,32.3
"VA",2015,32.3
"KS",2017,32.3
"MN",2017,32.3
"WY",2015,32.3
"AK",2011,32.3
"IL",2015,32.3
"GA",2019,32.3
"UT",2019,32.3
"TN",2019,32.3
"MO",2013,32.3
"IN",2019,32.3
"MI",2015,32.3
"MI",2019,32.3
"MA",2019,32.3
"WY",2013,32.3
"OK",2015,32.3
"ND",2015,32.3
"HI",2015,32.3
"MD",2015,32.3
"ID",2015,32.3
"MT",2013,32.3
"OH",2011,32.3
"MN",2013,32.3
"VA",2011,32.3
"AZ",2015,32.3
"ID",2015,32.3
"AZ",2015,32.3
"NV",2015,32.3
"ME",2013,32.3
"OR",2015,32.3
"IL",2017,32.4
"OH",2017,32.4
"VA",2017,32.4
"NJ",2017,32.4
"MD",2017,32.4
"MI",2017,32.4
"SC",2017,32.4
"MO",2013,32.4
"FL",2011,32.4
"CT",2015,32.4
"PA",2015,32.4
"NV",2013,32.4
"IL",2011,32.4
"IL",2015,32.4
"OH",2013,32.4
"SC",2017,32.4
"SC",2015,32.4
"NY",2019,32.4
"GA",2013,32.4
"FL",2019,32.4
"TX",2019,32.4
"NV",2011,32.4
"IL",2019,32.4
"AL",2019,32.4
"WV",2013,32.4
"MN",2015,32.4
"NJ",2015,32.4
"WY",2011,32.4
"OH",2015,32.4
"VA",2015,32.4
"MI",2011,32.4
"NH",2011,32.4
"AR",2011,32.4
"NE",2011,32.4
"AK",2011,32.4
"NM",2011,32.4
"VA",2013,32.4
"RI",2011,32.4
"WA",2017,32.5
"UT",2017,32.5
"LA",2017,32.5
"ME",2013,32.5
"DE",2013,32.5
"NV",2015,32.5
"AR",2015,32.5
"FL",2011,32.5
"ME",2017,32.5
"NJ",2017,32.5
"LA",2017,32.5
"SC",2013,32.5
"CA",2019,32.5
"GA",2019,32.5
"MA",2019,32.5
"CA",2019,32.5
"WV",2013,32.5
"MI",2019,32.5
"NE",2019,32.5
"CT",2019,32.5
"NY",2015,32.5
"GA",2015,32.5
"MT",2011,32.5
"CT",2013,32.5
"ME",2011,32.5
"WI",2013,32.5
"SD",2015,32.5
"OK",2015,32.5
"OK",2011,32.5
"SD",2015,32.5
"ME",2015,32.5
"NJ",2017,32.6
"SC",2017,32.6
"DE",2017,32.6
"SD",2015,32.6
"WY",2015,32.6
"WA",2015,32.6
"MI",2015,32.6
"PA",2017,32.6
"RI",2011,32.6
"NH",2017,32.6
"MO",2017,32.6
"FL",2017,32.6
"MT",2015,32.6
"AK",2011,32.6
"CA",2019,32.6
"UT",2019,32.6
"NE",2013,32.6
"ND",2019,32.6
"DE",2019,32.6
"RI",2019,32.6
"MI",2013,32.6
"SC",2019,32.6
"WA",2013,32.6
"OR",2019,32.6
"GA",2019,32.6
"DE",2013,32.6
"OH",2013,32.6
"AR",2019,32.6
"CA",2015,32.6
"AL",2013,32.6
"AR",2015,32.6
"CT",2013,32.6
"VA",2011,32.6
"MO",2015,32.6
"SD",2013,32.6
"SC",2013,32.6
"MD",2013,32.6
"MI",2015,32.6
"OH",2011,32.6
"AZ",2015,32.6
"ME",2015,32.6
"MN",2015,32.6
"IL",2015,32.6
"VA",2015,32.6
"HI",2017,32.7
"HI",2011,32.7
"NV",2015,32.7
"PA",2011,32.7
"SC",2013,32.7
"TN",2017,32.7
"CT",2017,32.7
"ND",2017,32.7
"NV",2013,32.7
"WI",2017,32.7
"LA",2017,32.7
"HI",2011,32.7
"AK",2011,32.7
"MO",2011,32.7
"NM",2019,32.7
"GA",2019,32.7
"WV",2019,32.7
"MN",2019,32.7
"SC",2013,32.7
"CA",2019,32.7
"NC",2019,32.7
"OH",2015,32.7
"NM",2019,32.7
"NM",2015,32.7
"UT",2011,32.7
"SC",2015,32.7
"MO",2015,32.7
"ME",2013,32.7
"WI",2013,32.7
"NY",2015,32.7
"WA",2011,32.7
"SD",2013,32.7
"SD",2011,32.7
"ME",2011,32.7
"AK",2013,32.7
"MI",2015,32.7
"IL",2013,32.7
"ID",2017,32.8
"ME",2011,32.8
"WA",2017,32.8
"CT",2011,32.8
"NH",2017,32.8
"CA",2019,32.8
"OH",2019,32.8
"MD",2015,32.8
"MI",2019,32.8
"WI",2019,32.8
"ID",2019,32.8
"LA",2019,32.8
"UT",2013,32.8
"WI",2011,32.8
"WI",2019,32.8
"MD",2019,32.8
"CO",2019,32.8
"PA",2015,32.8
"MO",2013,32.8
"AZ",2013,32.8
"NE",2013,32.8
"DE",2015,32.8
"SD",2015,32.8
"FL",2015,32.8
"WY",2011,32.8
"ME",2011,32.8
"AK",2015,32.8
"NJ",2011,32.8
"MO",2015,32.8
"UT",2013,32.8
"SC",2015,32.8
"WV",2015,32.8
"WI",2017,32.9
"CO",2017,32.9
"AZ",2017,32.9
"ID",2011,32.9
"VA",2013,32.9
"KS",2013,32.9
"NE",2015,32.9
"ME",2015,32.9
"WY",2013,32.9
"OH",2017,32.9
"KY",2017,32.9
"NH",2013,32.9
"NY",2017,32.9
"NC",2017,32.9
"NM",2017,32.9
"IA",2017,32.9
"UT",2013,32.9
"UT",2019,32.9
"AZ",2019,32.9
"CT",2013,32.9
"MA",2019,32.9
"PA",2019,32.9
"RI",2019,32.9
"NY",2011,32.9
"AZ",2019,32.9
"IL",2013,32.9
"MS",2019,32.9
"MI",2019,32.9
"CA",2019,32.9
"NM",2013,32.9
"OH",2011,32.9
"SC",2015,32.9
"WV",2015,32.9
"CT",2015,32.9
"NY",2011,32.9
"SC",2011,32.9
"GA",2013,32.9
"OH",2015,32.9
"WV",2015,32.9
"NE",2011,32.9
"IL",2011,32.9
"MA",2015,32.9
"NV",2013,32.9
"ID",2013,32.9
"MN",2015,32.9
"NH",2017,33
"AZ",2017,33
"CT",2015,33
"MN",2017,33
"NY",2017,33
"WY",2011,33
"MA",2017,33
"RI",2013,33
"WY",2011,33
"ID",2019,33
"WI",2013,33
"NC",2019,33
"PA",2019,33
"IA",2019,33
"DE",2013,33
"KS",2019,33
"DE",2019,33
"GA",2019,33
"NH",2019,33
"FL",2013,33
"OH",2013,33
"MN",2011,33
"HI",2011,33
"SC",2011,33
"AZ",2015,33
"WY",2015,33
"MN",2015,33
"VT",2015,33
"VA",2011,33
"SD",2015,33
"GA",2015,33
"SD",2015,33
"AZ",2017,33.1
"UT",2017,33.1
"AZ",2011,33.1
"MT",2015,33.1
"KS",2013,33.1
"AK",2017,33.1
"NJ",2011,33.1
"IL",2017,33.1
"MO",2011,33.1
"CT",2019,33.1
"NE",2019,33.1
"AR",2019,33.1
"KS",2013,33.1
"IL",2019,33.1
"UT",2019,33.1
"MT",2011,33.1
"CT",2019,33.1
"NH",2013,33.1
"NM",2011,33.1
"FL",2015,33.1
"DE",2013,33.1
"NY",2013,33.1
"NM",2015,33.1
"MI",2015,33.1
"NY",2011,33.1
"OK",2013,33.1
"MS",2017,33.2
"SC",2017,33.2
"SD",2017,33.2
"PA",2017,33.2
"ME",2017,33.2
"FL",2017,33.2
"IL",2017,33.2
"ID",2017,33.2
"GA",2017,33.2
"NH",2011,33.2
"RI",2013,33.2
"WA",2011,33.2
"GA",2015,33.2
"UT",2015,33.2
"AZ",2015,33.2
"WV",2017,33.2
"SC",2013,33.2
"UT",2013,33.2
"KS",2019,33.2
"SD",2019,33.2
"AL",2019,33.2
"MA",2019,33.2
"AK",2019,33.2
"AR",2015,33.2
"ME",2019,33.2
"GA",2019,33.2
"AZ",2013,33.2
"IL",2013,33.2
"MO",2015,33.2
"MN",2015,33.2
"CT",2015,33.2
"OH",2013,33.2
"LA",2013,33.2
"DE",2013,33.2
"WY",2013,33.2
"KY",2015,33.2
"MN",2013,33.2
"VA",2015,33.3
"WA",2017,33.3
"NY",2017,33.3
"OR",2017,33.3
"CA",2017,33.3
"MN",2017,33.3
"MN",2017,33.3
"NJ",2015,33.3
"AK",2011,33.3
"PA",2013,33.3
"VA",2011,33.3
"NJ",2017,33.3
"AZ",2013,33.3
"IN",2017,33.3
"WA",2017,33.3
"WA",2011,33.3
"CT",2017,33.3
"NV",2015,33.3
"MO",2015,33.3
"KY",2011,33.3
"OR",2019,33.3
"GA",2019,33.3
"PA",2015,33.3
"PA",2013,33.3
"CT",2019,33.3
"VA",2013,33.3
"WV",2019,33.3
"FL",2019,33.3
"CA",2011,33.3
"WA",2013,33.3
"GA",2011,33.3
"MD",2015,33.3
"WY",2011,33.3
"MA",2011,33.3
"WA",2013,33.3
"GA",2015,33.3
"WV",2015,33.3
"MD",2015,33.3
"MA",2011,33.3
"ID",2017,33.4
"MN",2011,33.4
"SC",2017,33.4
"PA",2017,33.4
"WA",2017,33.4
"UT",2011,33.4
"VA",2011,33.4
"VT",2011,33.4
"WV",2017,33.4
"OH",2017,33.4
"NM",2011,33.4
"CA",2013,33.4
"VA",2019,33.4
"MI",2015,33.4
"ME",2019,33.4
"ME",2019,33.4
"PA",2019,33.4
"DE",2019,33.4
"MO",2019,33.4
"WY",2019,33.4
"OH",2015,33.4
"GA",2011,33.4
"DE",2015,33.4
"OH",2011,33.4
"TX",2015,33.4
"ID",2011,33.4
"WV",2013,33.4
"HI",2013,33.4
"PA",2011,33.4
"HI",2015,33.4
"AZ",2015,33.4
"OH",2013,33.4
"ID",2015,33.4
"IN",2017,33.5
"PA",2017,33.5
"MA",2017,33.5
"MN",2015,33.5
"KY",2011,33.5
"VT",2013,33.5
"OH",2011,33.5
"AL",2013,33.5
"WV",2015,33.5
"KS",2017,33.5
"NV",2015,33.5
"KS",2017,33.5
"MN",2015,33.5
"VA",2013,33.5
"MI",2017,33.5
"NC",2017,33.5
"IL",2011,33.5
"PA",2019,33.5
"WY",2015,33.5
"NE",2019,33.5
"HI",2019,33.5
"TN",2019,33.5
"MN",2019,33.5
"NM",2019,33.5
"MA",2011,33.5
"WY",2015,33.5
"KY",2015,33.5
"OR",2015,33.5
"MA",2011,33.5
"AL",2019,33.5
"NV",2013,33.5
"HI",2011,33.5
"GA",2015,33.5
"WA",2011,33.5
"IN",2013,33.5
"TX",2011,33.5
"NV",2013,33.5
"GA",2015,33.5
"UT",2013,33.5
"NJ",2011,33.5
"CT",2015,33.5
"UT",2015,33.5
"AZ",2015,33.5
"WI",2013,33.5
"MN",2015,33.5
"AK",2013,33.5
"MO",2015,33.5
"WI",2017,33.6
"WY",2017,33.6
"KY",2013,33.6
"CO",2011,33.6
"UT",2011,33.6
"NH",2011,33.6
"NV",2015,33.6
"FL",2017,33.6
"NC",2013,33.6
"MA",2017,33.6
"WV",2013,33.6
"VT",2015,33.6
"DE",2019,33.6
"CA",2019,33.6
"UT",2019,33.6
"VA",2019,33.6
"MN",2013,33.6
"FL",2013,33.6
"IN",2019,33.6
"AR",2019,33.6
"MD",2019,33.6
"WY",2011,33.6
"DE",2019,33.6
"GA",2013,33.6
"AK",2011,33.6
"MD",2015,33.6
"NV",2013,33.6
"PA",2013,33.6
"MI",2013,33.6
"VA",2011,33.6
"DE",2013,33.6
"CA",2015,33.6
"CA",2015,33.6
"MI",2011,33.6
"WY",2011,33.6
"IL",2013,33.6
"MI",2011,33.6
"VA",2013,33.6
"CT",2011,33.6
"AK",2015,33.6
"KS",2015,33.6
"NJ",2013,33.6
"UT",2011,33.6
"ID",2013,33.6
"NH",2011,33.6
"UT",2017,33.7
"CT",2017,33.7
"UT",2017,33.7
"CT",2015,33.7
"FL",2011,33.7
"NM",2015,33.7
"GA",2013,33.7
"GA",2013,33.7
"SD",2015,33.7
"CO",2017,33.7
"ME",2017,33.7
"FL",2019,33.7
"NY",2011,33.7
"RI",2019,33.7
"CO",2019,33.7
"MT",2011,33.7
"AZ",2019,33.7
"AL",2019,33.7
"AK",2013,33.7
"MN",2015,33.7
"DE",2019,33.7
"OR",2015,33.7
"MN",2011,33.7
"SD",2013,33.7
"ID",2015,33.7
"ME",2011,33.7
"MA",2013,33.7
"OH",2015,33.7
"ME",2011,33.7
"NJ",2013,33.7
"OH",2013,33.7
"MI",2017,33.8
"SD",2017,33.8
"PA",2017,33.8
"MS",2017,33.8
"AR",2017,33.8
"ME",2017,33.8
"OH",2017,33.8
"MN",2017,33.8
"MA",2011,33.8
"ME",2013,33.8
"AZ",2011,33.8
"UT",2013,33.8
"KY",2011,33.8
"HI",2017,33.8
"MN",2011,33.8
"WV",2019,33.8
"AZ",2011,33.8
"CO",2019,33.8
"NM",2019,33.8
"MI",2019,33.8
"SC",2019,33.8
"MA",2019,33.8
"VT",2015,33.8
"TX",2019,33.8
"WY",2019,33.8
"NE",2013,33.8
"CA",2019,33.8
"LA",2019,33.8
"DE",2019,33.8
"VA",2019,33.8
"RI",2015,33.8
"MI",2015,33.8
"AK",2011,33.8
"NJ",2013,33.8
"TX",2011,33.8
"AK",2013,33.8
"SC",2015,33.8
"ME",2011,33.8
"MI",2011,33.8
"WI",2015,33.8
"NH",2011,33.8
"NV",2011,33.8
"AZ",2015,33.8
"CA",2015,33.8
"AK",2015,33.8
"NM",2013,33.8
"MA",2017,33.9
"ME",2017,33.9
"IL",2017,33.9
"LA",2017,33.9
"MT",2017,33.9
"TX",2013,33.9
"MD",2011,33.9
"GA",2011,33.9
"CO",2017,33.9
"MD",2015,33.9
"WA",2011,33.9
"AL",2017,33.9
"AZ",2017,33.9
"MI",2017,33.9
"NC",2019,33.9
"SC",2019,33.9
"ME",2015,33.9
"MD",2019,33.9
"NV",2019,33.9
"NH",2019,33.9
"RI",2019,33.9
"MI",2013,33.9
"UT",2015,33.9
"IA",2019,33.9
"AR",2019,33.9
"VA",2019,33.9
"HI",2019,33.9
"HI",2019,33.9
"WV",2019,33.9
"IL",2019,33.9
"ND",2015,33.9
"MI",2013,33.9
"VA",2015,33.9
"UT",2015,33.9
"ME",2011,33.9
"WV",2015,33.9
"HI",2015,33.9
"KS",2015,33.9
"FL",2015,33.9
"NY",2013,34
"NY",2017,34
"NM",2017,34
"AZ",2013,34
"ID",2017,34
"WV",2017,34
"AZ",2017,34
"CO",2017,34
"CO",2013,34
"HI",2013,34
"IA",2011,34
"AZ",2017,34
"HI",2017,34
"MD",2017,34
"VA",2017,34
"WY",2017,34
"WA",2011,34
"NM",2019,34
"MD",2019,34
"SC",2019,34
"MI",2019,34
"MA",2019,34
"HI",2019,34
"NM",2019,34
"AK",2011,34
"NJ",2011,34
"ME",2015,34
"IL",2013,34
"MT",2011,34
"WY",2011,34
"SD",2015,34
"FL",2011,34
"NH",2013,34
"NH",2011,34
"PA",2015,34
"ME",2017,34.1
"MI",2017,34.1
"MN",2017,34.1
"WI",2017,34.1
"MN",2011,34.1
"CT",2013,34.1
"GA",2015,34.1
"NV",2013,34.1
"PA",2011,34.1
"WV",2015,34.1
"MA",2015,34.1
"MN",2015,34.1
"IL",2015,34.1
"OH",2019,34.1
"MI",2019,34.1
"HI",2019,34.1
"WA",2019,34.1
"SC",2019,34.1
"OH",2011,34.1
"VA",2015,34.1
"SC",2011,34.1
"MI",2013,34.1
"ME",2013,34.1
"SD",2015,34.1
"CO",2013,34.1
"AK",2011,34.1
"GA",2011,34.1
"NY",2011,34.1
"TN",2015,34.1
"WV",2015,34.1
"RI",2017,34.2
"MT",2017,34.2
"CO",2017,34.2
"KS",2017,34.2
"FL",2013,34.2
"OR",2011,34.2
"MT",2017,34.2
"AZ",2017,34.2
"RI",2019,34.2
"WY",2019,34.2
"HI",2019,34.2
"NH",2015,34.2
"FL",2019,34.2
"OK",2013,34.2
"NY",2019,34.2
"TX",2019,34.2
"CT",2019,34.2
"HI",2019,34.2
"OR",2019,34.2
"FL",2011,34.2
"TN",2019,34.2
"HI",2013,34.2
"WY",2015,34.2
"MI",2015,34.2
"VA",2013,34.2
"SC",2015,34.2
"CO",2011,34.2
"IL",2013,34.2
"MI",2015,34.2
"WY",2015,34.2
"FL",2013,34.2
"ID",2015,34.2
"MT",2011,34.2
"MI",2013,34.2
"OR",2011,34.2
"MI",2015,34.2
"WI",2011,34.2
"NJ",2013,34.2
"MA",2013,34.2
"VA",2013,34.2
"MT",2017,34.3
"WA",2017,34.3
"TN",2017,34.3
"WY",2017,34.3
"SC",2017,34.3
"NV",2017,34.3
"VT",2013,34.3
"UT",2015,34.3
"SD",2013,34.3
"ID",2013,34.3
"IL",2013,34.3
"OR",2013,34.3
"WY",2011,34.3
"RI",2017,34.3
"CA",2011,34.3
"ME",2013,34.3
"IL",2019,34.3
"NH",2011,34.3
"AR",2019,34.3
"UT",2011,34.3
"MN",2019,34.3
"CO",2019,34.3
"OR",2013,34.3
"UT",2015,34.3
"MI",2019,34.3
"WY",2015,34.3
"ME",2011,34.3
"WV",2015,34.3
"AZ",2011,34.3
"OH",2013,34.3
"UT",2013,34.3
"CA",2013,34.3
"WV",2013,34.3
"WV",2013,34.3
"CO",2015,34.3
"NV",2015,34.3
"SC",2011,34.3
"KY",2013,34.3
"ID",2015,34.3
"WY",2017,34.4
"UT",2013,34.4
"OR",2011,34.4
"ID",2015,34.4
"NY",2011,34.4
"ID",2017,34.4
"AK",2017,34.4
"IL",2017,34.4
"FL",2017,34.4
"GA",2013,34.4
"MI",2019,34.4
"WV",2019,34.4
"GA",2019,34.4
"MD",2019,34.4
"DE",2013,34.4
"NM",2015,34.4
"SD",2013,34.4
"ME",2019,34.4
"AK",2013,34.4
"IL",2011,34.4
"VT",2011,34.4
"MO",2013,34.4
"CA",2015,34.4
"NJ",2011,34.4
"UT",2011,34.4
"KY",2011,34.4
"SD",2013,34.4
"WI",2013,34.4
"OH",2015,34.4
"CT",2011,34.4
"ID",2013,34.4
"WA",2011,34.4
"MI",2015,34.4
"AZ",2011,34.5
"OH",2017,34.5
"WY",2017,34.5
"NH",2017,34.5
"WI",2015,34.5
"MT",2011,34.5
"IL",2013,34.5
"CA",2015,34.5
"IL",2011,34.5
"OH",2011,34.5
"CT",2011,34.5
"OR",2017,34.5
"NH",2017,34.5
"ME",2017,34.5
"NH",2017,34.5
"UT",2017,34.5
"NM",2017,34.5
"NM",2015,34.5
"AR",2019,34.5
"PA",2019,34.5
"AK",2013,34.5
"CA",2019,34.5
"MN",2011,34.5
"OR",2015,34.5
"WV",2019,34.5
"CO",2019,34.5
"AK",2015,34.5
"MO",2011,34.5
"CO",2013,34.5
"HI",2011,34.5
"NH",2011,34.5
"RI",2013,34.5
"PA",2011,34.5
"WY",2013,34.5
"AZ",2015,34.5
"VA",2011,34.5
"MI",2011,34.5
"IN",2017,34.6
"HI",2017,34.6
"WV",2017,34.6
"MD",2017,34.6
"NH",2011,34.6
"IN",2015,34.6
"MO",2015,34.6
"ID",2015,34.6
"MN",2015,34.6
"MN",2015,34.6
"MN",2017,34.6
"IA",2017,34.6
"ME",2015,34.6
"NV",2019,34.6
"UT",2019,34.6
"MA",2019,34.6
"NY",2019,34.6
"MA",2013,34.6
"GA",2011,34.6
"IA",2013,34.6
"MI",2011,34.6
"ID",2013,34.6
"CA",2015,34.6
"WV",2015,34.6
"MA",2011,34.6
"AZ",2013,34.6
"FL",2013,34.6
"NM",2011,34.6
"MI",2015,34.6
"WA",2013,34.6
"MI",2015,34.6
"NJ",2013,34.6
"FL",2017,34.7
"ND",2017,34.7
"MA",2017,34.7
"MI",2015,34.7
"UT",2017,34.7
"OR",2017,34.7
"WI",2015,34.7
"NH",2017,34.7
"NM",2017,34.7
"MI",2013,34.7
"MT",2011,34.7
"ME",2019,34.7
"MN",2019,34.7
"UT",2013,34.7
"SD",2013,34.7
"IL",2013,34.7
"RI",2019,34.7
"NH",2013,34.7
"NH",2015,34.7
"NH",2011,34.7
"NH",2013,34.7
"HI",2015,34.7
"ME",2015,34.7
"ME",2011,34.7
"NV",2013,34.7
"LA",2011,34.7
"MO",2015,34.7
"NM",2013,34.7
"AZ",2013,34.7
"ID",2011,34.7
"WY",2011,34.7
"WY",2015,34.7
"MI",2013,34.7
"ID",2013,34.7
"WI",2017,34.8
"PA",2017,34.8
"NV",2017,34.8
"NY",2017,34.8
"WY",2013,34.8
"UT",2013,34.8
"NV",2013,34.8
"MT",2013,34.8
"CT",2017,34.8
"WY",2017,34.8
"PA",2017,34.8
"CA",2013,34.8
"WY",2017,34.8
"RI",2017,34.8
"CO",2017,34.8
"AK",2019,34.8
"AK",2019,34.8
"TN",2019,34.8
"VA",2019,34.8
"NM",2019,34.8
"NY",2019,34.8
"NH",2013,34.8
"ME",2019,34.8
"MA",2019,34.8
"ID",2019,34.8
"AR",2011,34.8
"ID",2015,34.8
"NM",2011,34.8
"WY",2013,34.8
"HI",2011,34.8
"CA",2013,34.8
"VA",2013,34.8
"WV",2013,34.8
"NE",2013,34.8
"WA",2011,34.8
"NJ",2013,34.8
"NM",2013,34.8
"CT",2017,34.9
"WV",2017,34.9
"LA",2017,34.9
"OR",2017,34.9
"NC",2013,34.9
"UT",2015,34.9
"CO",2013,34.9
"WY",2011,34.9
"CO",2011,34.9
"SD",2017,34.9
"RI",2011,34.9
"OR",2019,34.9
"TX",2011,34.9
"WA",2019,34.9
"MI",2013,34.9
"MI",2019,34.9
"TX",2019,34.9
"ID",2019,34.9
"MI",2011,34.9
"ME",2013,34.9
"CA",2011,34.9
"SD",2013,34.9
"PA",2015,34.9
"ID",2011,34.9
"ME",2015,34.9
"MT",2011,34.9
"ID",2011,34.9
"CO",2015,34.9
"AK",2015,34.9
"MT",2017,35
"NM",2017,35
"CA",2017,35
"CT",2017,35
"PA",2017,35
"WA",2013,35
"PA",2013,35
"MI",2011,35
"NJ",2011,35
"WV",2013,35
"OH",2011,35
"FL",2013,35
"NH",2011,35
"CO",2017,35
"HI",2011,35
"WA",2019,35
"ID",2019,35
"AK",2015,35
"AZ",2019,35
"NC",2013,35
"UT",2019,35
"HI",2013,35
"WA",2019,35
"LA",2015,35
"NJ",2011,35
"IL",2013,35
"FL",2011,35
"MA",2013,35
"NC",2011,35
"MA",2015,35
"NE",2015,35
"UT",2015,35
"NM",2013,35
"VT",2013,35
"VA",2017,35.1
"CA",2017,35.1
"WI",2017,35.1
"WV",2015,35.1
"AZ",2017,35.1
"VT",2017,35.1
"AR",2017,35.1
"WY",2017,35.1
"IA",2017,35.1
"AK",2013,35.1
"WA",2015,35.1
"WY",2017,35.1
"WV",2017,35.1
"SC",2017,35.1
"AK",2017,35.1
"GA",2013,35.1
"IL",2019,35.1
"FL",2015,35.1
"IL",2019,35.1
"IL",2019,35.1
"OH",2011,35.1
"AZ",2015,35.1
"NH",2013,35.1
"VA",2019,35.1
"ME",2015,35.1
"SD",2013,35.1
"CT",2013,35.1
"CT",2011,35.1
"HI",2015,35.1
"AK",2013,35.1
"RI",2015,35.1
"GA",2011,35.1
"NJ",2015,35.1
"AL",2013,35.1
"CT",2015,35.1
"WY",2013,35.1
"WY",2017,35.2
"CA",2017,35.2
"OR",2017,35.2
"AZ",2011,35.2
"WA",2011,35.2
"AK",2013,35.2
"VT",2011,35.2
"FL",2013,35.2
"WI",2015,35.2
"MT",2015,35.2
"UT",2011,35.2
"WI",2011,35.2
"NH",2017,35.2
"AZ",2019,35.2
"AR",2019,35.2
"AZ",2019,35.2
"MA",2019,35.2
"UT",2015,35.2
"WI",2019,35.2
"MT",2013,35.2
"SD",2019,35.2
"NV",2013,35.2
"CA",2015,35.2
"ND",2019,35.2
"MI",2019,35.2
"NM",2015,35.2
"WY",2015,35.2
"WI",2011,35.2
"HI",2013,35.2
"UT",2011,35.2
"NH",2013,35.2
"CT",2011,35.2
"DE",2013,35.2
"SC",2011,35.2
"CA",2015,35.2
"MT",2017,35.3
"AK",2017,35.3
"OR",2017,35.3
"PA",2017,35.3
"VT",2017,35.3
"MO",2017,35.3
"AK",2013,35.3
"FL",2011,35.3
"UT",2011,35.3
"UT",2017,35.3
"NV",2017,35.3
"AR",2019,35.3
"OH",2019,35.3
"NJ",2011,35.3
"MN",2011,35.3
"WI",2019,35.3
"CA",2015,35.3
"AK",2015,35.3
"VT",2015,35.3
"MO",2015,35.3
"MI",2011,35.3
"NH",2015,35.3
"HI",2013,35.3
"CT",2013,35.3
"CA",2017,35.4
"CA",2017,35.4
"CT",2011,35.4
"NV",2013,35.4
"WI",2011,35.4
"NJ",2011,35.4
"DE",2013,35.4
"WV",2013,35.4
"CO",2015,35.4
"WY",2015,35.4
"FL",2011,35.4
"ID",2017,35.4
"FL",2015,35.4
"RI",2017,35.4
"WA",2017,35.4
"VA",2017,35.4
"ID",2013,35.4
"SD",2013,35.4
"DE",2019,35.4
"WI",2019,35.4
"CT",2019,35.4
"WI",2019,35.4
"UT",2019,35.4
"NH",2015,35.4
"WY",2019,35.4
"WA",2015,35.4
"NY",2011,35.4
"OH",2011,35.4
"VT",2011,35.4
"SD",2013,35.4
"LA",2013,35.4
"ME",2013,35.4
"OH",2011,35.4
"LA",2013,35.4
"FL",2011,35.4
"SD",2015,35.4
"MT",2013,35.5
"AK",2017,35.5
"SD",2015,35.5
"NH",2015,35.5
"ME",2011,35.5
"UT",2017,35.5
"WV",2017,35.5
"CO",2013,35.5
"WI",2019,35.5
"MN",2019,35.5
"FL",2011,35.5
"NC",2019,35.5
"UT",2013,35.5
"MN",2019,35.5
"DE",2019,35.5
"NC",2013,35.5
"TX",2019,35.5
"ID",2011,35.5
"ME",2013,35.5
"NY",2015,35.5
"PA",2011,35.5
"UT",2015,35.5
"AZ",2011,35.5
"WI",2015,35.5
"OK",2011,35.5
"OH",2013,35.5
"SC",2013,35.5
"VA",2011,35.5
"AR",2011,35.5
"NM",2013,35.5
"NV",2011,35.5
"SD",2013,35.5
"PA",2017,35.6
"ME",2015,35.6
"TN",2015,35.6
"ME",2013,35.6
"TN",2017,35.6
"NH",2017,35.6
"ME",2011,35.6
"MI",2013,35.6
"ME",2019,35.6
"NM",2019,35.6
"ME",2019,35.6
"CO",2019,35.6
"MD",2019,35.6
"MD",2019,35.6
"WV",2019,35.6
"MA",2015,35.6
"TN",2019,35.6
"NV",2015,35.6
"ME",2011,35.6
"CT",2019,35.6
"ME",2013,35.6
"CO",2013,35.6
"NJ",2013,35.6
"UT",2011,35.6
"IL",2013,35.6
"ME",2013,35.6
"GA",2011,35.6
"WV",2015,35.6
"ID",2015,35.6
"UT",2011,35.6
"CT",2015,35.6
"SC",2011,35.6
"MT",2011,35.6
"ME",2013,35.6
"ID",2017,35.7
"FL",2017,35.7
"MA",2017,35.7
"IA",2017,35.7
"AZ",2017,35.7
"WY",2013,35.7
"MA",2011,35.7
"AK",2015,35.7
"CA",2017,35.7
"CA",2017,35.7
"ME",2015,35.7
"MT",2017,35.7
"NV",2019,35.7
"WA",2019,35.7
"AZ",2019,35.7
"CO",2019,35.7
"AK",2011,35.7
"VA",2011,35.7
"NH",2013,35.7
"NV",2013,35.7
"ID",2011,35.7
"WI",2011,35.7
"NY",2011,35.7
"PA",2015,35.7
"VT",2015,35.7
"NJ",2011,35.7
"MA",2011,35.7
"MT",2011,35.7
"AK",2017,35.8
"VT",2017,35.8
"WA",2017,35.8
"WA",2017,35.8
"CO",2017,35.8
"NM",2015,35.8
"AK",2015,35.8
"VA",2011,35.8
"UT",2015,35.8
"KS",2017,35.8
"HI",2017,35.8
"CO",2013,35.8
"WA",2013,35.8
"DE",2019,35.8
"CA",2019,35.8
"CA",2015,35.8
"WY",2019,35.8
"MI",2013,35.8
"DE",2011,35.8
"SC",2011,35.8
"NM",2011,35.8
"CO",2011,35.8
"NC",2011,35.8
"WV",2015,35.8
"HI",2015,35.8
"NJ",2011,35.8
"MT",2011,35.8
"AZ",2015,35.8
"WI",2017,35.9
"VA",2017,35.9
"NJ",2013,35.9
"IA",2011,35.9
"WI",2011,35.9
"AZ",2013,35.9
"WA",2013,35.9
"WY",2017,35.9
"LA",2017,35.9
"NV",2017,35.9
"NM",2017,35.9
"ME",2011,35.9
"FL",2013,35.9
"OR",2019,35.9
"WI",2019,35.9
"WA",2015,35.9
"VA",2013,35.9
"OR",2011,35.9
"MD",2011,35.9
"MT",2015,35.9
"UT",2015,35.9
"MI",2013,35.9
"ME",2013,35.9
"SD",2015,35.9
"MN",2011,35.9
"ID",2011,35.9
"NM",2013,35.9
"WI",2011,35.9
"WI",2011,35.9
"MA",2011,35.9
"KY",2017,36
"KY",2017,36
"CT",2015,36
"MN",2015,36
"NV",2015,36
"FL",2015,36
"WI",2017,36
"CA",2015,36
"CO",2015,36
"ID",2017,36
"CO",2019,36
"OH",2019,36
"CA",2013,36
"DE",2019,36
"WY",2019,36
"UT",2019,36
"MT",2011,36
"MA",2011,36
"WY",2011,36
"CA",2013,36
"GA",2011,36
"MD",2017,36.1
"WI",2017,36.1
"CO",2011,36.1
"NH",2015,36.1
"NH",2015,36.1
"OH",2013,36.1
"WY",2017,36.1
"VT",2011,36.1
"WY",2013,36.1
"CA",2011,36.1
"DE",2015,36.1
"HI",2013,36.1
"DE",2019,36.1
"MN",2013,36.1
"ID",2019,36.1
"OR",2019,36.1
"WY",2019,36.1
"VT",2011,36.1
"MA",2015,36.1
"NM",2015,36.1
"WA",2013,36.1
"VT",2013,36.1
"MI",2015,36.1
"WA",2015,36.1
"HI",2015,36.1
"AK",2013,36.1
"CA",2015,36.1
"NE",2015,36.1
"IL",2013,36.1
"RI",2017,36.2
"AZ",2017,36.2
"OR",2017,36.2
"ID",2017,36.2
"ID",2017,36.2
"NY",2011,36.2
"WY",2019,36.2
"MA",2013,36.2
"NV",2013,36.2
"FL",2019,36.2
"WV",2019,36.2
"VT",2019,36.2
"SC",2015,36.2
"UT",2011,36.2
"NY",2011,36.2
"MA",2013,36.2
"WY",2013,36.2
"DE",2015,36.2
"WY",2015,36.2
"NV",2013,36.2
"MT",2017,36.3
"AK",2017,36.3
"WA",2017,36.3
"CO",2017,36.3
"WY",2015,36.3
"NM",2011,36.3
"NV",2011,36.3
"NH",2017,36.3
"NV",2017,36.3
"CA",2017,36.3
"ID",2017,36.3
"MN",2011,36.3
"DE",2017,36.3
"KS",2019,36.3
"LA",2011,36.3
"ID",2019,36.3
"HI",2019,36.3
"CO",2019,36.3
"MO",2011,36.3
"NC",2011,36.3
"CA",2011,36.3
"MA",2013,36.3
"NH",2011,36.3
"NH",2011,36.3
"HI",2011,36.3
"MT",2013,36.3
"WY",2013,36.3
"HI",2017,36.4
"VA",2017,36.4
"NM",2017,36.4
"MI",2013,36.4
"AK",2013,36.4
"MO",2017,36.4
"MI",2011,36.4
"ME",2013,36.4
"WI",2017,36.4
"MT",2013,36.4
"WV",2017,36.4
"HI",2019,36.4
"CA",2019,36.4
"NY",2019,36.4
"MN",2011,36.4
"NH",2019,36.4
"GA",2013,36.4
"NM",2015,36.4
"NM",2015,36.4
"FL",2019,36.4
"WY",2019,36.4
"FL",2011,36.4
"MA",2011,36.4
"CO",2015,36.4
"OH",2015,36.4
"WI",2015,36.4
"IL",2011,36.4
"SD",2013,36.4
"MA",2013,36.4
"WY",2013,36.4
"MT",2013,36.4
"MT",2017,36.5
"HI",2017,36.5
"NM",2017,36.5
"NM",2011,36.5
"HI",2015,36.5
"CA",2011,36.5
"WI",2017,36.5
"MI",2011,36.5
"NM",2015,36.5
"MT",2015,36.5
"MA",2019,36.5
"CA",2019,36.5
"FL",2019,36.5
"MN",2019,36.5
"NY",2019,36.5
"AK",2019,36.5
"OR",2019,36.5
"MA",2013,36.5
"MI",2013,36.5
"OR",2013,36.5
"CO",2013,36.5
"WA",2011,36.5
"SD",2013,36.5
"NE",2011,36.5
"VT",2015,36.5
"AZ",2013,36.5
"WA",2013,36.5
"ID",2015,36.5
"CO",2013,36.5
"ME",2015,36.5
"CA",2015,36.5
"MA",2013,36.5
"WA",2013,36.5
"WI",2017,36.6
"MA",2013,36.6
"RI",2013,36.6
"WI",2017,36.6
"NJ",2011,36.6
"NV",2011,36.6
"CT",2019,36.6
"AR",2013,36.6
"ND",2019,36.6
"ID",2011,36.6
"AZ",2019,36.6
"WV",2019,36.6
"AR",2019,36.6
"AK",2019,36.6
"FL",2015,36.6
"NM",2013,36.6
"AZ",2013,36.6
"UT",2015,36.6
"WA",2011,36.6
"VT",2013,36.6
"WI",2011,36.6
"NV",2015,36.6
"HI",2013,36.6
"NM",2011,36.6
"KS",2013,36.6
"MA",2011,36.6
"MI",2011,36.6
"WA",2015,36.6
"MT",2013,36.6
"IL",2011,36.6
"ID",2017,36.7
"HI",2015,36.7
"HI",2011,36.7
"ME",2015,36.7
"VT",2013,36.7
"NH",2019,36.7
"MN",2019,36.7
"WY",2019,36.7
"MT",2013,36.7
"NY",2019,36.7
"NY",2019,36.7
"NH",2013,36.7
"NM",2011,36.7
"FL",2011,36.7
"WY",2013,36.7
"NJ",2011,36.7
"OR",2011,36.7
"NC",2015,36.7
"WA",2017,36.8
"GA",2011,36.8
"ME",2011,36.8
"SD",2015,36.8
"NJ",2017,36.8
"MT",2017,36.8
"DE",2013,36.8
"HI",2017,36.8
"NV",2019,36.8
"SC",2019,36.8
"WI",2019,36.8
"WI",2019,36.8
"AR",2019,36.8
"ME",2019,36.8
"CO",2019,36.8
"AK",2015,36.8
"WY",2015,36.8
"AZ",2019,36.8
"MN",2019,36.8
"NM",2013,36.8
"WA",2015,36.8
"WI",2011,36.8
"DE",2015,36.8
"AZ",2011,36.8
"NJ",2013,36.8
"WY",2017,36.9
"OR",2017,36.9
"CT",2017,36.9
"SC",2011,36.9
"NH",2015,36.9
"ID",2017,36.9
"NM",2017,36.9
"CT",2015,36.9
"UT",2019,36.9
"ID",2011,36.9
"ID",2011,36.9
"HI",2011,36.9
"WY",2019,36.9
"MT",2013,36.9
"RI",2015,36.9
"HI",2015,36.9
"MA",2011,36.9
"MA",2013,36.9
"WA",2011,36.9
"SC",2013,36.9
"CO",2015,36.9
"SD",2013,36.9
"NV",2011,36.9
"AZ",2013,36.9
"MO",2011,36.9
"VT",2015,36.9
"WY",2017,37
"WI",2017,37
"HI",2017,37
"HI",2017,37
"CA",2013,37
"VT",2015,37
"MT",2017,37
"CO",2017,37
"NC",2017,37
"HI",2019,37
"CO",2019,37
"MD",2019,37
"NH",2019,37
"AL",2015,37
"AZ",2015,37
"OR",2019,37
"AK",2019,37
"VT",2019,37
"SC",2019,37
"HI",2019,37
"HI",2015,37
"WY",2013,37
"MI",2011,37
"CT",2011,37
"OR",2015,37
"CT",2011,37
"CO",2011,37
"IA",2015,37
"NV",2011,37
"AK",2015,37
"NH",2013,37
"MI",2013,37
"VA",2013,37
"GA",2011,37
"SC",2017,37.1
"NM",2017,37.1
"SC",2015,37.1
"NM",2015,37.1
"KY",2015,37.1
"MN",2019,37.1
"WA",2019,37.1
"VA",2011,37.1
"VT",2019,37.1
"WA",2015,37.1
"MA",2011,37.1
"WI",2011,37.1
"CO",2015,37.1
"VA",2011,37.1
"WI",2015,37.1
"CA",2013,37.1
"MN",2013,37.1
"NV",2011,37.1
"CA",2015,37.1
"WA",2017,37.2
"AZ",2013,37.2
"OR",2017,37.2
"PA",2017,37.2
"ME",2019,37.2
"NH",2019,37.2
"AK",2019,37.2
"MN",2015,37.2
"UT",2019,37.2
"NH",2013,37.2
"AK",2019,37.2
"OR",2011,37.2
"MT",2013,37.2
"NM",2019,37.2
"CT",2015,37.2
"NM",2011,37.2
"HI",2015,37.2
"SD",2013,37.2
"CO",2017,37.3
"WA",2017,37.3
"OR",2013,37.3
"NM",2017,37.3
"IL",2015,37.3
"WY",2015,37.3
"FL",2019,37.3
"NH",2015,37.3
"WI",2019,37.3
"AK",2015,37.3
"MA",2013,37.3
"MN",2015,37.3
"VA",2013,37.3
"OR",2015,37.3
"WI",2017,37.4
"CT",2011,37.4
"AZ",2011,37.4
"HI",2013,37.4
"ME",2017,37.4
"MT",2017,37.4
"TN",2017,37.4
"WI",2017,37.4
"AK",2017,37.4
"WA",2013,37.4
"LA",2015,37.4
"MI",2011,37.4
"HI",2019,37.4
"IN",2019,37.4
"CA",2019,37.4
"KS",2019,37.4
"CT",2019,37.4
"NH",2011,37.4
"MA",2013,37.4
"CA",2011,37.4
"CA",2013,37.4
"IL",2013,37.4
"CO",2017,37.5
"AZ",2017,37.5
"ME",2017,37.5
"WI",2015,37.5
"CO",2017,37.5
"WA",2017,37.5
"NV",2011,37.5
"VA",2011,37.5
"FL",2019,37.5
"AK",2011,37.5
"WI",2013,37.5
"OR",2019,37.5
"ID",2019,37.5
"HI",2019,37.5
"CT",2019,37.5
"WI",2019,37.5
"NM",2019,37.5
"NV",2011,37.5
"AK",2015,37.5
"MN",2011,37.5
"OH",2011,37.5
"AR",2015,37.5
"UT",2011,37.5
"WI",2011,37.5
"NH",2015,37.5
"VA",2011,37.5
"NY",2011,37.5
"MT",2011,37.5
"MT",2015,37.5
"ME",2011,37.5
"VT",2015,37.5
"AK",2017,37.6
"AK",2015,37.6
"WA",2015,37.6
"WA",2013,37.6
"NV",2015,37.6
"HI",2013,37.6
"NY",2019,37.6
"CA",2011,37.6
"CO",2019,37.6
"WA",2019,37.6
"MN",2019,37.6
"HI",2019,37.6
"IN",2019,37.6
"FL",2011,37.6
"NM",2015,37.6
"HI",2013,37.6
"IN",2011,37.6
"MT",2013,37.6
"AZ",2011,37.6
"MN",2011,37.6
"CA",2011,37.6
"NH",2017,37.7
"VT",2017,37.7
"MA",2015,37.7
"AK",2017,37.7
"CO",2015,37.7
"WA",2013,37.7
"CO",2019,37.7
"IA",2019,37.7
"FL",2019,37.7
"MT",2011,37.7
"CT",2019,37.7
"FL",2015,37.7
"AK",2011,37.7
"AK",2013,37.7
"CT",2015,37.7
"UT",2015,37.7
"MA",2013,37.7
"PA",2017,37.8
"NM",2017,37.8
"NH",2017,37.8
"AK",2013,37.8
"KS",2013,37.8
"MA",2017,37.8
"CO",2017,37.8
"FL",2019,37.8
"RI",2013,37.8
"WI",2019,37.8
"ME",2019,37.8
"CO",2011,37.8
"CA",2019,37.8
"AK",2011,37.8
"MT",2013,37.8
"AZ",2013,37.8
"AK",2013,37.8
"AK",2013,37.8
"HI",2011,37.9
"MT",2017,37.9
"NY",2017,37.9
"NY",2019,37.9
"MA",2019,37.9
"WA",2015,37.9
"NC",2019,37.9
"HI",2019,37.9
"FL",2011,37.9
"HI",2011,37.9
"CO",2013,37.9
"WI",2015,37.9
"WY",2015,37.9
"FL",2015,37.9
"UT",2017,38
"OR",2017,38
"MO",2015,38
"FL",2017,38
"AK",2017,38
"IL",2011,38
"ID",2015,38
"RI",2019,38
"OH",2019,38
"AZ",2019,38
"NV",2019,38
"WA",2015,38
"WV",2015,38
"VA",2015,38.1
"MA",2017,38.1
"OR",2013,38.1
"NH",2019,38.1
"VT",2013,38.1
"OR",2019,38.1
"MT",2011,38.1
"CT",2011,38.1
"AK",2011,38.1
"CT",2015,38.1
"HI",2011,38.1
"OH",2011,38.1
"WY",2015,38.1
"AZ",2013,38.1
"MD",2013,38.1
"GA",2013,38.1
"SD",2017,38.2
"MO",2013,38.2
"MT",2015,38.2
"NH",2017,38.2
"NC",2011,38.2
"WI",2019,38.2
"NE",2019,38.2
"NH",2011,38.2
"GA",2015,38.2
"WY",2011,38.2
"MA",2011,38.2
"AK",2011,38.2
"AZ",2015,38.2
"VT",2013,38.2
"AK",2015,38.2
"IL",2013,38.2
"WA",2015,38.2
"NE",2013,38.2
"VT",2015,38.2
"OR",2017,38.3
"ME",2011,38.3
"OR",2013,38.3
"WI",2015,38.3
"AK",2013,38.3
"NY",2019,38.3
"FL",2019,38.3
"NM",2019,38.3
"RI",2019,38.3
"HI",2019,38.3
"WI",2019,38.3
"AK",2019,38.3
"MD",2019,38.3
"MN",2019,38.3
"WA",2015,38.3
"CA",2011,38.3
"HI",2013,38.3
"AK",2013,38.3
"HI",2015,38.3
"AK",2015,38.3
"PA",2017,38.4
"CA",2017,38.4
"FL",2017,38.4
"NH",2013,38.4
"OR",2013,38.4
"ID",2011,38.4
"OR",2013,38.4
"AZ",2019,38.4
"CA",2015,38.4
"VT",2019,38.4
"CT",2019,38.4
"HI",2019,38.4
"SC",2011,38.4
"VT",2011,38.4
"MT",2015,38.4
"AZ",2011,38.4
"MD",2013,38.4
"CO",2011,38.5
"NV",2015,38.5
"CA",2017,38.5
"MA",2011,38.5
"WA",2019,38.5
"NM",2019,38.5
"WV",2019,38.5
"WA",2011,38.5
"NM",2013,38.5
"MT",2015,38.5
"WI",2015,38.5
"CO",2013,38.5
"CA",2013,38.5
"NM",2013,38.5
"AZ",2015,38.5
"NE",2017,38.6
"VT",2011,38.6
"VT",2015,38.6
"CO",2015,38.6
"WA",2017,38.6
"WA",2015,38.6
"OR",2017,38.6
"NM",2013,38.6
"NJ",2013,38.6
"OH",2019,38.6
"NH",2013,38.6
"WY",2013,38.6
"HI",2013,38.6
"NH",2015,38.6
"FL",2017,38.7
"AK",2017,38.7
"MT",2013,38.7
"AK",2013,38.7
"CO",2013,38.7
"MT",2015,38.7
"KS",2015,38.7
"HI",2013,38.7
"VT",2017,38.7
"WY",2011,38.7
"VA",2011,38.7
"CA",2011,38.7
"FL",2019,38.7
"NM",2019,38.7
"AR",2019,38.7
"ME",2019,38.7
"FL",2019,38.7
"FL",2013,38.7
"VT",2013,38.7
"WA",2013,38.7
"WI",2015,38.7
"ID",2013,38.7
"HI",2011,38.7
"OH",2015,38.7
"WI",2011,38.7
"WY",2013,38.7
"ID",2017,38.8
"OR",2017,38.8
"VT",2015,38.8
"CO",2015,38.8
"WI",2017,38.8
"AZ",2011,38.8
"AK",2011,38.8
"WA",2019,38.8
"AZ",2019,38.8
"HI",2019,38.8
"HI",2019,38.8
"AK",2019,38.8
"ID",2019,38.8
"SC",2013,38.8
"MT",2013,38.8
"WY",2015,38.8
"CA",2013,38.8
"UT",2013,38.8
"UT",2013,38.8
"MT",2013,38.8
"VT",2017,38.9
"OR",2017,38.9
"UT",2013,38.9
"CO",2015,38.9
"VT",2011,38.9
"HI",2017,38.9
"IA",2017,38.9
"CO",2017,38.9
"OR",2011,38.9
"MN",2019,38.9
"IN",2019,38.9
"VA",2019,38.9
"ME",2015,38.9
"IL",2019,38.9
"NH",2013,38.9
"HI",2015,38.9
"VT",2011,38.9
"MA",2011,38.9
"MN",2011,38.9
"NM",2017,39
"MI",2017,39
"WY",2017,39
"HI",2015,39
"OR",2015,39
"AK",2017,39
"TN",2019,39
"ID",2019,39
"WY",2019,39
"VT",2015,39
"NH",2019,39
"OR",2019,39
"MN",2019,39
"CO",2015,39
"MD",2015,39
"VT",2013,39
"AZ",2017,39.1
"WI",2017,39.1
"CO",2015,39.1
"KY",2011,39.1
"VT",2015,39.1
"WY",2013,39.1
"HI",2011,39.1
"CA",2013,39.1
"VT",2011,39.1
"NM",2013,39.1
"OR",2015,39.1
"VT",2013,39.1
"HI",2011,39.1
"VT",2017,39.2
"CO",2013,39.2
"WA",2015,39.2
"MA",2015,39.2
"CA",2013,39.2
"VT",2013,39.2
"MN",2019,39.2
"PA",2019,39.2
"WY",2013,39.2
"CO",2013,39.2
"MT",2013,39.2
"HI",2011,39.2
"CA",2011,39.2
"NY",2015,39.2
"CO",2011,39.2
"NM",2011,39.2
"WI",2011,39.2
"NM",2013,39.2
"VT",2015,39.2
"VT",2015,39.2
"WI",2015,39.3
"WY",2017,39.3
"VT",2017,39.3
"CO",2017,39.3
"ME",2015,39.3
"NM",2015,39.3
"DE",2019,39.3
"ID",2019,39.3
"OH",2015,39.3
"OR",2011,39.3
"WY",2019,39.3
"SC",2019,39.3
"AK",2011,39.3
"UT",2017,39.4
"WA",2013,39.4
"OR",2017,39.4
"NM",2015,39.4
"VT",2017,39.4
"CA",2017,39.4
"CO",2019,39.4
"MD",2019,39.4
"VT",2011,39.4
"ID",2011,39.4
"ID",2013,39.4
"VT",2013,39.4
"HI",2015,39.4
"CA",2013,39.4
"WY",2011,39.4
"AK",2017,39.5
"NV",2017,39.5
"CA",2017,39.5
"MI",2017,39.5
"HI",2017,39.5
"CO",2011,39.5
"HI",2013,39.5
"NH",2019,39.5
"VT",2013,39.5
"OR",2015,39.5
"AK",2015,39.5
"AK",2013,39.5
"CO",2015,39.5
"NV",2011,39.5
"AK",2011,39.5
"MT",2011,39.5
"CA",2011,39.6
"CA",2011,39.6
"CO",2011,39.6
"AZ",2019,39.6
"WA",2015,39.6
"ID",2015,39.6
"AZ",2019,39.6
"MA",2019,39.6
"CO",2019,39.6
"ID",2019,39.6
"OR",2015,39.6
"VA",2015,39.6
"AZ",2013,39.6
"WA",2013,39.6
"NV",2013,39.6
"VT",2013,39.6
"CA",2015,39.7
"MT",2015,39.7
"NV",2015,39.7
"WY",2015,39.7
"AZ",2011,39.7
"NV",2015,39.7
"MI",2019,39.7
"MN",2019,39.7
"DE",2019,39.7
"NV",2015,39.7
"CO",2011,39.7
"VT",2013,39.7
"OR",2019,39.7
"FL",2013,39.7
"NH",2015,39.7
"WA",2013,39.7
"MT",2013,39.7
"HI",2011,39.7
"VT",2011,39.7
"WA",2017,39.8
"OR",2017,39.8
"WY",2017,39.8
"AK",2017,39.8
"OR",2015,39.8
"OR",2015,39.8
"NH",2019,39.8
"OR",2015,39.8
"RI",2019,39.8
"CO",2013,39.8
"NM",2015,39.8
"NH",2015,39.8
"NJ",2011,39.8
"ME",2011,39.9
"RI",2017,39.9
"OH",2017,39.9
"CA",2011,39.9
"CA",2011,39.9
"WA",2011,39.9
"FL",2011,39.9
"VT",2011,39.9
"WA",2011,40
"ME",2011,40
"MN",2015,40
"AK",2011,40
"CO",2011,40
"GA",2019,40
"NM",2019,40
"CO",2019,40
"VT",2011,40
"MT",2015,40
"ID",2015,40
"WI",2011,40
"NV",2013,40
"VT",2015,40
"CA",2015,40
"NM",2017,40.1
"AK",2017,40.1
"RI",2017,40.1
"VT",2017,40.1
"WA",2019,40.1
"WV",2019,40.1
"WI",2015,40.1
"DE",2011,40.1
"MT",2015,40.1
"NE",2013,40.1
"WY",2011,40.1
"ME",2017,40.2
"MN",2017,40.2
"HI",2017,40.2
"OR",2011,40.2
"WY",2015,40.2
"NV",2019,40.2
"HI",2013,40.2
"WA",2015,40.2
"NM",2015,40.2
"SD",2015,40.2
"SD",2013,40.2
"OR",2015,40.2
"MT",2017,40.3
"ID",2015,40.3
"VT",2017,40.3
"MS",2017,40.3
"WI",2019,40.3
"SC",2015,40.3
"CO",2011,40.3
"SC",2017,40.4
"FL",2017,40.4
"VT",2013,40.4
"CO",2017,40.4
"VT",2017,40.4
"VT",2019,40.4
"MT",2015,40.4
"CO",2019,40.4
"HI",2011,40.4
"CA",2013,40.4
"ME",2015,40.4
"ID",2017,40.5
"AK",2017,40.5
"VT",2017,40.5
"HI",2017,40.5
"NM",2011,40.5
"ID",2011,40.5
"WA",2019,40.5
"CO",2013,40.5
"IL",2019,40.5
"WA",2013,40.5
"MO",2015,40.5
"VA",2017,40.6
"AK",2017,40.6
"HI",2015,40.6
"MI",2015,40.6
"OH",2013,40.6
"NM",2011,40.6
"MI",2013,40.6
"ME",2011,40.6
"MA",2013,40.6
"CO",2011,40.7
"WA",2015,40.7
"OR",2011,40.7
"VT",2019,40.7
"AK",2013,40.7
"FL",2019,40.7
"SD",2013,40.7
"NV",2011,40.7
"VT",2011,40.8
"ME",2013,40.8
"CT",2017,40.8
"NM",2019,40.8
"NH",2019,40.8
"MA",2013,40.8
"HI",2013,40.8
"CO",2011,40.8
"ID",2019,40.8
"WA",2019,40.8
"WV",2015,40.8
"MT",2015,40.8
"NJ",2017,40.9
"NH",2019,40.9
"CA",2011,40.9
"OR",2011,40.9
"ID",2011,40.9
"MT",2013,40.9
"MI",2015,40.9
"NH",2015,40.9
"HI",2013,40.9
"VT",2017,41
"OR",2017,41
"VT",2017,41
"ID",2011,41
"HI",2011,41
"ID",2017,41
"MT",2011,41
"AK",2015,41
"CO",2013,41
"WY",2013,41
"MT",2019,41
"NM",2019,41
"NV",2013,41
"NM",2015,41
"HI",2013,41
"WA",2017,41.1
"IL",2017,41.1
"VT",2011,41.1
"CA",2015,41.1
"AK",2015,41.1
"ND",2015,41.1
"OH",2011,41.1
"WA",2015,41.1
"MT",2017,41.2
"MT",2017,41.2
"CO",2015,41.2
"ME",2017,41.2
"CO",2017,41.2
"ME",2019,41.2
"AK",2019,41.2
"ME",2019,41.2
"NH",2019,41.2
"CO",2019,41.2
"ME",2015,41.2
"OR",2011,41.2
"VT",2015,41.2
"WI",2015,41.2
"OR",2013,41.2
"VT",2017,41.3
"AZ",2017,41.3
"AK",2017,41.3
"FL",2011,41.3
"RI",2015,41.3
"OR",2013,41.3
"VT",2019,41.3
"VT",2011,41.3
"WY",2019,41.3
"CA",2019,41.3
"MT",2013,41.3
"OR",2013,41.3
"NE",2017,41.4
"OR",2019,41.4
"NH",2011,41.4
"OR",2013,41.4
"HI",2015,41.4
"WA",2017,41.5
"MT",2017,41.5
"ME",2013,41.5
"CA",2013,41.5
"ME",2015,41.5
"FL",2013,41.5
"CT",2017,41.6
"CO",2017,41.6
"WA",2017,41.6
"WV",2019,41.6
"MT",2019,41.6
"MT",2019,41.6
"OR",2011,41.6
"DE",2013,41.6
"OR",2015,41.6
"NV",2015,41.6
"OR",2015,41.6
"MT",2019,41.7
"NH",2019,41.7
"CO",2019,41.7
"MI",2011,41.7
"ME",2011,41.7
"MT",2011,41.7
"NV",2015,41.7
"NC",2013,41.8
"CO",2011,41.8
"WY",2019,41.8
"NH",2015,41.8
"CT",2015,41.8
"ID",2019,41.8
"NH",2015,41.8
"MI",2015,41.8
"ME",2015,41.8
"MT",2015,41.8
"CA",2017,41.9
"WA",2019,41.9
"MN",2019,41.9
"HI",2015,41.9
"OR",2019,41.9
"MT",2019,41.9
"VT",2019,41.9
"NH",2015,41.9
"OR",2017,42
"WA",2015,42
"NM",2017,42.1
"RI",2019,42.1
"WA",2019,42.1
"FL",2019,42.1
"NM",2019,42.1
"LA",2019,42.1
"NM",2015,42.1
"AK",2015,42.1
"OR",2011,42.1
"WY",2013,42.1
"MT",2017,42.2
"NH",2019,42.2
"FL",2019,42.2
"NM",2019,42.2
"WI",2013,42.2
"OR",2011,42.2
"HI",2011,42.2
"FL",2015,42.2
"FL",2015,42.3
"ME",2013,42.3
"OR",2019,42.3
"MA",2011,42.3
"CO",2015,42.3
"ID",2019,42.4
"FL",2015,42.4
"MT",2011,42.4
"SD",2013,42.5
"AK",2019,42.5
"WA",2019,42.5
"VT",2015,42.5
"OR",2011,42.5
"MT",2015,42.6
"OR",2013,42.6
"CA",2019,42.6
"TN",2019,42.6
"CO",2013,42.6
"OR",2013,42.6
"OR",2011,42.6
"KY",2011,42.7
"OR",2011,42.7
"CT",2019,42.7
"VT",2019,42.7
"VT",2019,42.7
"NM",2013,42.7
"CO",2011,42.7
"HI",2011,42.7
"ID",2013,42.7
"UT",2017,42.8
"ID",2011,42.8
"WY",2019,42.8
"OR",2013,42.8
"GA",2013,42.8
"WA",2015,42.8
"WA",2017,42.9
"HI",2017,42.9
"WA",2019,42.9
"OR",2013,42.9
"VT",2013,42.9
"VT",2017,43
"NH",2019,43
"NE",2013,43
"OR",2011,43
"WY",2015,43
"NV",2015,43
"WI",2017,43.1
"CA",2013,43.1
"ME",2017,43.1
"VT",2019,43.1
"ID",2011,43.1
"WA",2019,43.1
"ID",2019,43.1
"HI",2013,43.1
"CO",2011,43.1
"VT",2011,43.1
"HI",2017,43.2
"NV",2015,43.2
"HI",2019,43.2
"MT",2019,43.2
"ID",2019,43.2
"PA",2019,43.2
"AZ",2011,43.2
"CA",2011,43.2
"CO",2019,43.3
"AK",2011,43.3
"AK",2011,43.3
"NM",2011,43.3
"CO",2017,43.4
"MT",2015,43.4
"MT",2019,43.4
"HI",2011,43.4
"MT",2013,43.4
"MT",2017,43.6
"MT",2019,43.6
"VT",2019,43.6
"WY",2015,43.6
"MN",2019,43.6
"SD",2013,43.6
"CO",2011,43.7
"MT",2015,43.7
"VT",2019,43.7
"MI",2011,43.7
"AK",2019,43.7
"ID",2019,43.7
"IN",2019,43.7
"VT",2019,43.8
"HI",2013,43.8
"NH",2015,43.8
"NH",2013,43.8
"ME",2011,43.8
"CO",2011,43.8
"CO",2013,43.8
"UT",2011,43.9
"HI",2015,43.9
"AZ",2019,43.9
"MT",2019,43.9
"VT",2015,43.9
"AZ",2013,43.9
"MT",2013,44
"OR",2013,44
"NH",2019,44
"ID",2011,44
"UT",2017,44.1
"HI",2013,44.1
"KY",2017,44.1
"CO",2015,44.1
"OH",2013,44.1
"OR",2011,44.2
"AK",2017,44.2
"FL",2019,44.2
"CO",2011,44.2
"AK",2015,44.2
"WI",2017,44.3
"NH",2017,44.3
"MD",2019,44.3
"MT",2019,44.3
"OR",2011,44.3
"ID",2017,44.4
"AK",2015,44.4
"MT",2019,44.4
"CO",2011,44.4
"NM",2015,44.4
"CA",2015,44.5
"HI",2011,44.5
"CO",2017,44.5
"ID",2019,44.5
"MT",2013,44.5
"UT",2015,44.5
"MT",2019,44.6
"WA",2019,44.6
"WI",2015,44.7
"WI",2013,44.7
"OR",2015,44.7
"CA",2017,44.8
"AK",2011,44.8
"AZ",2015,44.8
"MA",2011,44.8
"AK",2013,44.8
"CO",2015,44.8
"NM",2015,44.8
"FL",2019,44.9
"NH",2019,44.9
"CO",2011,44.9
"VT",2015,44.9
"AZ",2019,45
"VT",2019,45
"ME",2013,45
"WI",2011,45.1
"MT",2019,45.1
"WI",2019,45.1
"MT",2015,45.1
"OR",2013,45.2
"OR",2017,45.2
"NM",2013,45.2
"AZ",2011,45.2
"OR",2015,45.2
"OR",2013,45.2
"FL",2011,45.2
"UT",2019,45.3
"ME",2019,45.3
"MN",2013,45.3
"WA",2011,45.4
"OR",2019,45.5
"AK",2019,45.5
"VT",2013,45.5
"CA",2017,45.6
"FL",2019,45.6
"NV",2015,45.6
"NV",2015,45.6
"CO",2015,45.6
"OR",2015,45.7
"MT",2019,45.7
"MD",2015,45.7
"MT",2019,45.8
"MT",2015,45.8
"VT",2019,45.9
"AK",2019,45.9
"GA",2013,46
"MT",2015,46
"OR",2013,46
"VT",2017,46.1
"UT",2013,46.1
"VT",2011,46.1
"MT",2019,46.1
"TX",2015,46.1
"VT",2011,46.1
"AZ",2015,46.2
"NE",2017,46.2
"VT",2019,46.2
"OR",2013,46.3
"MT",2019,46.3
"FL",2019,46.3
"SC",2011,46.3
"VT",2019,46.3
"CA",2013,46.3
"VT",2011,46.3
"ID",2013,46.3
"NM",2017,46.4
"NH",2017,46.4
"MT",2019,46.4
"VT",2017,46.5
"SD",2015,46.5
"AK",2011,46.6
"ID",2017,46.7
"VT",2017,46.7
"CO",2013,46.7
"ID",2015,46.8
"VT",2011,46.8
"HI",2017,47
"CA",2019,47.1
"OR",2011,47.1
"ME",2013,47.1
"MT",2015,47.2
"VT",2019,47.2
"HI",2019,47.2
"MT",2011,47.2
"SC",2017,47.3
"ID",2013,47.3
"CO",2015,47.3
"VT",2019,47.3
"OR",2013,47.3
"WA",2013,47.4
"FL",2019,47.4
"VT",2019,47.5
"CA",2011,47.6
"WI",2015,47.6
"CA",2015,47.7
"VT",2015,47.7
"HI",2013,47.7
"ID",2019,47.8
"MT",2019,47.8
"VT",2013,47.8
"AK",2019,47.9
"OR",2015,47.9
"CA",2017,48
"CT",2015,48
"CO",2017,48.1
"MN",2019,48.1
"CO",2013,48.2
"MT",2019,48.3
"HI",2013,48.3
"CO",2011,48.5
"HI",2015,48.7
"NM",2013,48.8
"OR",2015,48.8
"OR",2011,48.9
"ID",2019,49
"AK",2019,49.1
"CA",2019,49.1
"HI",2011,49.2
"VA",2019,49.3
"MT",2011,49.5
"WA",2017,49.6
"CO",2011,49.6
"MT",2019,50.2
"CO",2017,50.3
"CO",2019,50.3
"MT",2019,50.4
"MT",2019,50.5
"CA",2011,50.6
"NM",2019,50.7
"ID",2019,50.8
"CA",2017,50.9
"NH",2019,50.9
"OR",2013,51.1
"VT",2019,51.3
"MD",2015,51.3
"WA",2015,51.5
"CA",2019,51.7
"AK",2019,51.8
"WY",2019,51.9
"WA",2019,51.9
"OR",2013,52
"TN",2017,52.6
"CA",2013,53.1
"WI",2017,54.9
"WI",2011,55.2
"TX",2019,55.5
"KY",2015,55.9
"SD",2013,56.1
"VT",2019,56.4
"CO",2015,58.1
"HI",2013,64.9
