"State","Year","Adults who Exercise Moderately and Lift Weights (%)"
"TN",2013,3
"SD",2019,4.4
"IA",2011,5
"MS",2013,5.1
"AR",2013,5.4
"KY",2019,5.6
"RI",2013,5.6
"TN",2011,5.7
"WV",2017,5.8
"TN",2013,5.8
"NJ",2013,6.1
"PA",2015,6.2
"WV",2011,6.4
"AR",2017,6.5
"TN",2013,7
"TN",2017,7.1
"WV",2013,7.2
"AR",2017,7.3
"AL",2015,7.3
"AL",2017,7.4
"WV",2013,7.4
"AR",2013,7.4
"WV",2015,7.4
"TN",2011,7.6
"TN",2011,7.6
"WV",2013,7.7
"MS",2015,7.7
"AL",2011,7.7
"WV",2017,7.8
"LA",2013,7.8
"VA",2013,7.9
"ID",2015,7.9
"DE",2015,8
"AL",2017,8.2
"WV",2011,8.2
"RI",2017,8.2
"SD",2017,8.2
"TX",2017,8.2
"MS",2015,8.2
"VA",2017,8.3
"MS",2011,8.3
"OK",2013,8.3
"WV",2013,8.3
"PA",2013,8.3
"NE",2015,8.4
"AR",2013,8.4
"SC",2011,8.4
"WV",2011,8.5
"PA",2011,8.5
"NE",2017,8.7
"AZ",2013,8.7
"OK",2019,8.7
"AR",2015,8.7
"TN",2013,8.7
"MS",2013,8.8
"TX",2015,8.8
"LA",2017,8.9
"MO",2019,8.9
"TN",2013,8.9
"AL",2013,8.9
"TX",2013,8.9
"MS",2017,9
"ND",2017,9.1
"AR",2013,9.1
"TN",2017,9.2
"MS",2011,9.2
"NC",2019,9.2
"DE",2017,9.3
"IL",2015,9.3
"MS",2013,9.3
"WV",2019,9.3
"WV",2011,9.3
"WV",2015,9.3
"ND",2011,9.3
"AL",2013,9.4
"LA",2011,9.4
"AZ",2011,9.4
"TX",2013,9.4
"CT",2015,9.5
"WV",2011,9.5
"IA",2013,9.5
"KY",2013,9.5
"AL",2011,9.5
"LA",2013,9.6
"MS",2015,9.6
"RI",2013,9.6
"OK",2011,9.6
"SC",2017,9.7
"MS",2019,9.7
"AR",2013,9.7
"VT",2015,9.7
"TN",2011,9.7
"MS",2015,9.7
"AR",2011,9.7
"OK",2013,9.7
"IN",2017,9.8
"KY",2017,9.8
"VT",2015,9.8
"MS",2011,9.8
"MI",2011,9.8
"WV",2013,9.8
"NC",2015,9.8
"OK",2011,9.8
"WV",2015,9.9
"OR",2017,9.9
"MD",2017,9.9
"TN",2013,9.9
"AR",2011,9.9
"WV",2013,9.9
"TX",2015,9.9
"KY",2015,9.9
"TN",2011,9.9
"WA",2013,9.9
"AR",2011,9.9
"OH",2013,9.9
"OH",2017,10
"GA",2017,10
"LA",2013,10
"MD",2017,10.1
"TN",2017,10.1
"WV",2017,10.1
"AL",2017,10.1
"OK",2017,10.1
"MS",2015,10.1
"FL",2017,10.1
"AL",2019,10.1
"WV",2019,10.1
"NV",2011,10.1
"MS",2013,10.1
"NY",2017,10.2
"TN",2011,10.2
"LA",2011,10.2
"MO",2013,10.2
"SD",2011,10.2
"AL",2017,10.3
"NJ",2017,10.3
"UT",2013,10.3
"IN",2015,10.3
"MO",2017,10.3
"MD",2011,10.3
"RI",2019,10.3
"WV",2011,10.3
"MS",2013,10.3
"UT",2015,10.3
"WV",2013,10.3
"VA",2015,10.4
"WV",2015,10.4
"MS",2011,10.4
"NH",2011,10.4
"WV",2019,10.4
"MS",2019,10.4
"WV",2015,10.4
"TN",2011,10.4
"WV",2013,10.4
"NC",2017,10.5
"MT",2017,10.5
"KS",2011,10.5
"TN",2015,10.5
"ID",2013,10.5
"WV",2013,10.5
"OK",2019,10.5
"KY",2019,10.5
"ND",2019,10.5
"WV",2015,10.5
"AR",2015,10.5
"AL",2013,10.5
"AR",2013,10.5
"LA",2011,10.5
"IA",2013,10.6
"WV",2011,10.6
"LA",2011,10.6
"AR",2017,10.6
"NC",2013,10.6
"LA",2011,10.6
"DE",2017,10.7
"WV",2013,10.7
"MA",2017,10.7
"AL",2019,10.7
"CA",2019,10.7
"KY",2019,10.7
"NH",2015,10.7
"TN",2013,10.7
"LA",2013,10.7
"RI",2011,10.7
"AR",2013,10.7
"TN",2011,10.7
"WV",2015,10.7
"AL",2011,10.7
"MS",2011,10.7
"OK",2011,10.7
"TX",2017,10.8
"KY",2017,10.8
"VA",2015,10.8
"KY",2013,10.8
"IN",2013,10.8
"LA",2011,10.8
"NE",2019,10.8
"NV",2019,10.8
"NY",2013,10.8
"OK",2011,10.8
"MD",2015,10.8
"TN",2011,10.8
"AR",2015,10.8
"WV",2011,10.8
"MS",2017,10.9
"IN",2011,10.9
"WV",2013,10.9
"WV",2017,10.9
"AR",2013,10.9
"NY",2015,10.9
"AL",2011,10.9
"MO",2015,10.9
"TN",2013,11
"IN",2015,11
"LA",2015,11
"KY",2019,11
"IN",2013,11
"WA",2011,11
"MS",2019,11
"OH",2019,11
"NC",2011,11
"OK",2015,11
"MS",2011,11
"KY",2015,11.1
"KY",2017,11.1
"MA",2017,11.1
"ND",2013,11.1
"LA",2017,11.1
"KS",2011,11.1
"NV",2019,11.1
"PA",2013,11.1
"MA",2019,11.1
"AL",2011,11.1
"FL",2013,11.1
"TX",2011,11.1
"TX",2017,11.2
"SC",2017,11.2
"AL",2017,11.2
"KY",2011,11.2
"AR",2015,11.2
"MS",2011,11.2
"IN",2019,11.2
"KY",2019,11.2
"OK",2013,11.2
"TN",2013,11.2
"VT",2013,11.2
"FL",2017,11.3
"TN",2013,11.3
"AL",2013,11.3
"NC",2015,11.3
"KY",2019,11.3
"GA",2011,11.3
"ND",2011,11.3
"MS",2013,11.3
"KY",2015,11.3
"MS",2015,11.3
"NH",2013,11.3
"NJ",2013,11.4
"ID",2015,11.4
"OR",2015,11.4
"GA",2011,11.4
"LA",2017,11.4
"AZ",2013,11.4
"MS",2011,11.4
"MD",2013,11.4
"LA",2011,11.4
"VA",2011,11.4
"SD",2013,11.4
"IN",2015,11.5
"NY",2017,11.5
"KY",2013,11.5
"KY",2013,11.5
"WI",2013,11.5
"TN",2013,11.5
"RI",2017,11.5
"WV",2017,11.5
"SC",2013,11.5
"DE",2011,11.5
"MA",2019,11.5
"WV",2011,11.5
"TN",2011,11.5
"RI",2011,11.5
"MD",2015,11.5
"NH",2013,11.5
"IA",2011,11.5
"NJ",2017,11.6
"KS",2011,11.6
"CA",2013,11.6
"KY",2017,11.6
"DE",2013,11.6
"IA",2013,11.6
"WI",2015,11.6
"ND",2013,11.6
"OH",2013,11.7
"MS",2015,11.7
"OK",2019,11.7
"ME",2019,11.7
"ID",2019,11.7
"TN",2011,11.7
"WV",2015,11.7
"AL",2015,11.7
"NV",2017,11.8
"AR",2017,11.8
"WV",2013,11.8
"OK",2015,11.8
"ND",2015,11.8
"WV",2017,11.8
"NM",2013,11.8
"PA",2013,11.8
"TX",2019,11.8
"TN",2011,11.8
"WV",2015,11.8
"LA",2011,11.8
"AL",2015,11.8
"KS",2015,11.8
"AR",2013,11.8
"TX",2017,11.9
"VT",2017,11.9
"KY",2017,11.9
"MS",2017,11.9
"NY",2015,11.9
"OK",2015,11.9
"NH",2015,11.9
"KY",2019,11.9
"WA",2015,11.9
"ME",2015,11.9
"IN",2015,11.9
"KY",2011,11.9
"KS",2013,11.9
"KY",2013,11.9
"TN",2017,12
"IN",2017,12
"NC",2017,12
"OK",2017,12
"MS",2019,12
"OK",2019,12
"LA",2011,12
"MA",2011,12
"OK",2013,12
"AL",2011,12
"MO",2015,12
"MI",2015,12
"NV",2011,12
"AR",2011,12
"DE",2015,12
"IN",2011,12
"KS",2013,12
"GA",2017,12.1
"MS",2017,12.1
"AL",2015,12.1
"OK",2017,12.1
"NH",2017,12.1
"KS",2011,12.1
"TN",2015,12.1
"AR",2013,12.1
"DE",2015,12.1
"OK",2017,12.1
"MS",2019,12.1
"IN",2013,12.1
"MO",2011,12.1
"TX",2013,12.1
"OK",2017,12.2
"OR",2017,12.2
"NM",2017,12.2
"RI",2017,12.2
"TN",2013,12.2
"KY",2011,12.2
"KY",2015,12.2
"DE",2017,12.2
"MS",2013,12.2
"IA",2017,12.2
"AZ",2017,12.2
"MO",2019,12.2
"NY",2015,12.2
"LA",2019,12.2
"OK",2011,12.2
"MD",2013,12.2
"PA",2011,12.2
"NV",2015,12.2
"MO",2017,12.3
"MD",2017,12.3
"VT",2011,12.3
"RI",2013,12.3
"AR",2013,12.3
"ME",2015,12.3
"ME",2019,12.3
"DE",2013,12.3
"RI",2013,12.3
"PA",2019,12.3
"OK",2019,12.3
"SC",2015,12.3
"CT",2011,12.3
"OK",2015,12.3
"LA",2015,12.3
"WV",2013,12.3
"AR",2015,12.3
"NE",2011,12.3
"SC",2013,12.3
"AR",2011,12.3
"TN",2011,12.3
"IN",2017,12.4
"ME",2011,12.4
"LA",2013,12.4
"IA",2011,12.4
"TX",2013,12.4
"GA",2015,12.4
"CA",2011,12.4
"TX",2011,12.4
"SD",2015,12.4
"TX",2013,12.4
"TX",2015,12.4
"AR",2015,12.4
"IL",2015,12.4
"NC",2013,12.4
"SD",2011,12.4
"RI",2011,12.4
"WV",2011,12.4
"AL",2011,12.4
"NH",2015,12.4
"MO",2013,12.5
"NJ",2017,12.5
"AR",2015,12.5
"OH",2011,12.5
"AL",2015,12.5
"FL",2015,12.5
"AL",2013,12.5
"MI",2013,12.5
"AR",2015,12.5
"MA",2015,12.5
"AL",2013,12.6
"OK",2013,12.6
"AL",2019,12.6
"OK",2019,12.6
"MS",2019,12.6
"NE",2013,12.6
"AR",2015,12.6
"IN",2015,12.6
"TN",2017,12.7
"ME",2017,12.7
"SC",2015,12.7
"WV",2011,12.7
"KS",2011,12.7
"WV",2017,12.7
"ID",2017,12.7
"MS",2019,12.7
"WV",2013,12.7
"CO",2019,12.7
"MO",2011,12.7
"TN",2015,12.7
"LA",2013,12.7
"WV",2011,12.7
"IN",2015,12.7
"OH",2015,12.7
"AR",2013,12.7
"NY",2011,12.7
"IN",2013,12.7
"VT",2013,12.7
"TN",2011,12.7
"OK",2015,12.7
"AR",2011,12.7
"ME",2017,12.8
"OK",2017,12.8
"KS",2017,12.8
"IN",2017,12.8
"MS",2011,12.8
"CA",2015,12.8
"NC",2011,12.8
"OK",2013,12.8
"SD",2017,12.8
"TN",2017,12.8
"AL",2011,12.8
"ND",2013,12.8
"CT",2013,12.8
"LA",2011,12.8
"NH",2015,12.8
"HI",2015,12.8
"AR",2015,12.8
"GA",2013,12.8
"ND",2013,12.8
"PA",2011,12.8
"MO",2013,12.8
"SD",2011,12.8
"WY",2013,12.8
"KY",2017,12.9
"WA",2015,12.9
"MS",2013,12.9
"SD",2011,12.9
"VA",2019,12.9
"LA",2015,12.9
"IN",2013,12.9
"MA",2011,12.9
"WV",2015,12.9
"TX",2013,12.9
"AR",2017,13
"MS",2011,13
"AL",2011,13
"KY",2015,13
"WY",2013,13
"NV",2017,13
"AL",2017,13
"FL",2013,13
"NV",2019,13
"OK",2019,13
"TN",2019,13
"WV",2011,13
"NM",2015,13
"WV",2017,13.1
"IN",2013,13.1
"KY",2011,13.1
"AL",2017,13.1
"MA",2019,13.1
"TN",2011,13.1
"NC",2019,13.1
"OK",2011,13.1
"TN",2015,13.1
"AR",2013,13.1
"WV",2015,13.1
"CA",2017,13.2
"CT",2017,13.2
"DE",2017,13.2
"UT",2017,13.2
"TX",2013,13.2
"OK",2013,13.2
"AR",2011,13.2
"MO",2013,13.2
"AL",2011,13.2
"TN",2019,13.2
"GA",2013,13.2
"MO",2019,13.2
"MO",2019,13.2
"AR",2019,13.2
"RI",2015,13.2
"OH",2013,13.2
"IA",2011,13.2
"GA",2011,13.2
"IN",2015,13.2
"MI",2017,13.3
"CT",2017,13.3
"IN",2015,13.3
"ME",2015,13.3
"MS",2011,13.3
"NC",2019,13.3
"SD",2011,13.3
"IN",2013,13.3
"ND",2015,13.3
"TN",2015,13.3
"IA",2013,13.3
"MS",2013,13.3
"TN",2015,13.3
"FL",2015,13.3
"MI",2017,13.4
"SD",2017,13.4
"IN",2011,13.4
"SC",2013,13.4
"OK",2013,13.4
"AL",2015,13.4
"WA",2013,13.4
"KS",2017,13.4
"OK",2011,13.4
"AR",2019,13.4
"LA",2019,13.4
"ME",2019,13.4
"MS",2019,13.4
"VA",2019,13.4
"OK",2015,13.4
"VA",2013,13.4
"PA",2011,13.4
"GA",2015,13.4
"WI",2011,13.4
"NV",2013,13.4
"WV",2017,13.5
"LA",2017,13.5
"TN",2017,13.5
"GA",2015,13.5
"ND",2011,13.5
"NV",2013,13.5
"ND",2017,13.5
"ID",2011,13.5
"AR",2017,13.5
"OH",2017,13.5
"AK",2019,13.5
"LA",2013,13.5
"WV",2019,13.5
"MS",2019,13.5
"OH",2019,13.5
"MS",2015,13.5
"SD",2019,13.5
"ME",2015,13.5
"NC",2011,13.5
"MS",2013,13.5
"MT",2015,13.5
"MO",2011,13.5
"ND",2015,13.5
"AZ",2015,13.5
"MD",2011,13.5
"LA",2011,13.5
"NY",2017,13.6
"AL",2017,13.6
"IN",2017,13.6
"NC",2017,13.6
"MS",2017,13.6
"MA",2017,13.6
"AR",2017,13.6
"MD",2013,13.6
"IN",2011,13.6
"PA",2013,13.6
"OH",2011,13.6
"MA",2011,13.6
"IN",2015,13.6
"KY",2017,13.6
"OH",2013,13.6
"WY",2019,13.6
"OK",2019,13.6
"KS",2015,13.6
"MO",2011,13.6
"MS",2011,13.6
"KY",2011,13.6
"SD",2011,13.6
"MT",2011,13.6
"TN",2013,13.6
"GA",2011,13.6
"DE",2015,13.6
"VT",2015,13.6
"IA",2015,13.6
"OK",2013,13.6
"ND",2015,13.6
"RI",2013,13.6
"NJ",2017,13.7
"KY",2017,13.7
"ND",2017,13.7
"WY",2013,13.7
"AL",2015,13.7
"NE",2017,13.7
"ND",2017,13.7
"MS",2015,13.7
"ND",2017,13.7
"WA",2017,13.7
"WA",2011,13.7
"KY",2013,13.7
"IN",2019,13.7
"WV",2015,13.7
"OK",2015,13.7
"IN",2011,13.7
"KY",2011,13.7
"NC",2013,13.7
"IA",2011,13.7
"WA",2011,13.7
"OK",2013,13.7
"WY",2013,13.7
"MO",2013,13.7
"NC",2015,13.7
"LA",2017,13.8
"OH",2017,13.8
"OK",2011,13.8
"OK",2013,13.8
"KY",2015,13.8
"AR",2013,13.8
"MS",2015,13.8
"ND",2013,13.8
"TN",2017,13.8
"MI",2017,13.8
"TN",2017,13.8
"NV",2019,13.8
"OK",2019,13.8
"KY",2013,13.8
"MS",2011,13.8
"IL",2011,13.8
"NC",2015,13.8
"IA",2013,13.8
"MO",2011,13.8
"WV",2015,13.8
"ND",2015,13.8
"IA",2011,13.8
"IA",2015,13.9
"NH",2017,13.9
"NH",2017,13.9
"WY",2011,13.9
"AK",2015,13.9
"AL",2017,13.9
"ND",2017,13.9
"IA",2013,13.9
"LA",2017,13.9
"MS",2011,13.9
"SD",2013,13.9
"NC",2019,13.9
"SC",2011,13.9
"TN",2011,13.9
"NY",2013,13.9
"MO",2011,13.9
"OH",2013,13.9
"MD",2013,13.9
"OK",2011,13.9
"WV",2017,14
"MA",2017,14
"IN",2017,14
"WY",2013,14
"LA",2015,14
"LA",2015,14
"KY",2015,14
"RI",2013,14
"KY",2017,14
"OK",2015,14
"CT",2013,14
"OK",2013,14
"MO",2017,14
"KS",2011,14
"VA",2011,14
"PA",2013,14
"MD",2019,14
"MA",2019,14
"WI",2015,14
"IN",2013,14
"WV",2019,14
"KY",2019,14
"TX",2015,14
"GA",2015,14
"AR",2015,14
"IN",2011,14
"OH",2015,14
"TX",2013,14
"AR",2017,14.1
"KY",2011,14.1
"LA",2013,14.1
"VA",2017,14.1
"IN",2015,14.1
"DE",2017,14.1
"SC",2017,14.1
"KY",2013,14.1
"NH",2013,14.1
"OK",2015,14.1
"IA",2015,14.1
"AR",2019,14.1
"NE",2019,14.1
"NJ",2015,14.1
"RI",2011,14.1
"RI",2015,14.1
"IA",2015,14.1
"ME",2011,14.1
"NJ",2011,14.1
"FL",2013,14.1
"ND",2013,14.1
"WA",2011,14.1
"MI",2015,14.1
"RI",2017,14.2
"IA",2011,14.2
"TX",2017,14.2
"MT",2017,14.2
"ND",2013,14.2
"TX",2017,14.2
"KY",2019,14.2
"MS",2019,14.2
"MS",2019,14.2
"IA",2019,14.2
"MS",2011,14.2
"SC",2011,14.2
"ME",2013,14.2
"MN",2013,14.2
"LA",2017,14.3
"NH",2017,14.3
"TN",2017,14.3
"AL",2011,14.3
"UT",2011,14.3
"ME",2017,14.3
"SC",2017,14.3
"NE",2011,14.3
"CT",2015,14.3
"IA",2011,14.3
"UT",2019,14.3
"ID",2019,14.3
"RI",2015,14.3
"OK",2011,14.3
"SD",2015,14.3
"KS",2013,14.3
"MO",2011,14.3
"AL",2013,14.3
"MS",2013,14.3
"AL",2015,14.3
"ND",2011,14.3
"PA",2011,14.3
"AR",2011,14.3
"NC",2011,14.3
"PA",2017,14.4
"AL",2017,14.4
"OK",2017,14.4
"CT",2017,14.4
"ME",2017,14.4
"IN",2013,14.4
"ID",2011,14.4
"RI",2013,14.4
"WV",2015,14.4
"ND",2017,14.4
"IA",2017,14.4
"NC",2017,14.4
"WV",2019,14.4
"MO",2019,14.4
"OR",2015,14.4
"SD",2013,14.4
"GA",2013,14.4
"SC",2013,14.4
"NH",2013,14.4
"GA",2015,14.4
"WY",2013,14.4
"NE",2011,14.4
"KS",2011,14.4
"SD",2011,14.4
"SC",2013,14.4
"IN",2017,14.5
"ND",2013,14.5
"OK",2017,14.5
"IN",2017,14.5
"NC",2017,14.5
"MN",2017,14.5
"NE",2015,14.5
"IN",2011,14.5
"KS",2013,14.5
"MO",2011,14.5
"OH",2015,14.5
"SD",2017,14.5
"HI",2017,14.5
"TN",2013,14.5
"NC",2015,14.5
"AR",2013,14.5
"ME",2013,14.5
"SC",2013,14.5
"OK",2019,14.5
"NM",2019,14.5
"AL",2019,14.5
"IN",2013,14.5
"IA",2015,14.5
"VA",2013,14.5
"RI",2015,14.5
"SC",2011,14.5
"MI",2015,14.5
"SC",2011,14.5
"NC",2013,14.5
"NY",2017,14.6
"OK",2017,14.6
"KS",2017,14.6
"RI",2017,14.6
"TX",2017,14.6
"IN",2013,14.6
"KS",2013,14.6
"AZ",2017,14.6
"OK",2017,14.6
"WV",2011,14.6
"AL",2019,14.6
"WV",2019,14.6
"IL",2015,14.6
"NE",2019,14.6
"CT",2019,14.6
"NC",2011,14.6
"AR",2015,14.6
"MO",2019,14.6
"FL",2011,14.6
"MI",2011,14.6
"WI",2013,14.6
"MS",2011,14.6
"VT",2011,14.6
"MO",2015,14.6
"MI",2013,14.6
"IN",2015,14.6
"RI",2015,14.6
"PA",2015,14.6
"NV",2011,14.6
"MN",2011,14.6
"NH",2015,14.6
"TN",2013,14.6
"LA",2011,14.6
"TN",2013,14.6
"VA",2013,14.6
"IL",2013,14.6
"SD",2017,14.7
"OK",2017,14.7
"OH",2017,14.7
"IL",2017,14.7
"WV",2015,14.7
"TX",2017,14.7
"NE",2013,14.7
"AL",2019,14.7
"RI",2011,14.7
"MO",2011,14.7
"PA",2013,14.7
"IA",2011,14.7
"NE",2013,14.7
"ND",2013,14.7
"WV",2013,14.7
"AL",2013,14.7
"TX",2015,14.7
"TN",2013,14.7
"NC",2011,14.7
"NM",2011,14.7
"MS",2017,14.8
"IL",2017,14.8
"ND",2017,14.8
"VA",2011,14.8
"SC",2011,14.8
"SC",2017,14.8
"ND",2011,14.8
"KS",2017,14.8
"MD",2017,14.8
"TN",2017,14.8
"NY",2017,14.8
"GA",2019,14.8
"AL",2019,14.8
"SD",2011,14.8
"WV",2019,14.8
"LA",2013,14.8
"UT",2015,14.8
"NJ",2015,14.8
"KY",2019,14.8
"IA",2019,14.8
"TX",2011,14.8
"SC",2015,14.8
"IN",2015,14.8
"NE",2013,14.8
"RI",2015,14.8
"NE",2011,14.8
"MS",2013,14.9
"WV",2017,14.9
"MS",2017,14.9
"GA",2015,14.9
"IA",2013,14.9
"MO",2017,14.9
"MO",2019,14.9
"SD",2013,14.9
"OK",2019,14.9
"ME",2011,14.9
"NJ",2015,14.9
"NY",2015,14.9
"WA",2013,14.9
"AR",2015,14.9
"IN",2015,14.9
"PA",2015,14.9
"KS",2013,14.9
"ND",2013,14.9
"LA",2011,14.9
"NC",2015,14.9
"NH",2011,14.9
"TX",2011,14.9
"SD",2017,15
"MI",2017,15
"MO",2017,15
"AR",2017,15
"DE",2017,15
"SD",2011,15
"IL",2013,15
"DE",2017,15
"AL",2017,15
"CO",2015,15
"IA",2017,15
"OK",2017,15
"MD",2017,15
"AR",2019,15
"MS",2019,15
"CT",2013,15
"IL",2019,15
"NY",2019,15
"MO",2019,15
"KY",2019,15
"AL",2011,15
"NE",2013,15
"IN",2011,15
"TX",2011,15
"WV",2013,15
"PA",2015,15
"SC",2011,15
"WV",2013,15
"LA",2015,15
"OK",2015,15
"MS",2017,15.1
"NC",2013,15.1
"OH",2017,15.1
"MS",2017,15.1
"WI",2017,15.1
"OH",2017,15.1
"NC",2017,15.1
"NJ",2013,15.1
"SD",2013,15.1
"IN",2011,15.1
"WV",2011,15.1
"IN",2017,15.1
"WY",2017,15.1
"MO",2017,15.1
"WV",2017,15.1
"IA",2017,15.1
"CT",2017,15.1
"TX",2013,15.1
"KS",2017,15.1
"PA",2017,15.1
"OH",2013,15.1
"MA",2015,15.1
"MO",2019,15.1
"MD",2019,15.1
"CA",2019,15.1
"ME",2019,15.1
"PA",2019,15.1
"OK",2019,15.1
"AL",2019,15.1
"LA",2015,15.1
"AR",2013,15.1
"RI",2011,15.1
"NM",2013,15.1
"OH",2013,15.1
"KS",2011,15.1
"SD",2015,15.1
"IN",2011,15.1
"CT",2013,15.1
"VT",2011,15.1
"MI",2015,15.1
"NC",2015,15.1
"AL",2013,15.1
"GA",2015,15.1
"SC",2015,15.1
"MO",2013,15.1
"TX",2017,15.2
"NE",2017,15.2
"MA",2015,15.2
"FL",2015,15.2
"NC",2013,15.2
"AL",2013,15.2
"PA",2013,15.2
"MN",2013,15.2
"TX",2017,15.2
"IA",2017,15.2
"KS",2017,15.2
"FL",2019,15.2
"KS",2015,15.2
"OH",2011,15.2
"NE",2011,15.2
"MI",2011,15.2
"DE",2019,15.2
"IA",2019,15.2
"ID",2011,15.2
"IA",2011,15.2
"OH",2013,15.2
"KS",2011,15.2
"WV",2011,15.2
"VA",2015,15.2
"NV",2011,15.2
"LA",2011,15.2
"ND",2011,15.2
"MO",2015,15.2
"PA",2011,15.2
"SD",2011,15.2
"IA",2013,15.2
"KS",2013,15.2
"IA",2011,15.2
"ND",2015,15.2
"MN",2017,15.3
"OK",2017,15.3
"NE",2017,15.3
"KY",2011,15.3
"CO",2015,15.3
"MD",2011,15.3
"TN",2011,15.3
"NE",2017,15.3
"NC",2011,15.3
"LA",2017,15.3
"MI",2017,15.3
"NE",2017,15.3
"SD",2019,15.3
"KY",2019,15.3
"NY",2019,15.3
"OH",2015,15.3
"AL",2011,15.3
"GA",2015,15.3
"SD",2013,15.3
"MS",2013,15.3
"WY",2013,15.3
"NE",2013,15.3
"OK",2015,15.3
"RI",2011,15.3
"NE",2011,15.3
"WV",2011,15.3
"VA",2011,15.3
"KS",2011,15.3
"MO",2013,15.3
"SD",2015,15.3
"LA",2011,15.3
"NJ",2011,15.3
"TN",2011,15.3
"FL",2013,15.3
"MS",2015,15.3
"CA",2017,15.4
"WY",2017,15.4
"CT",2013,15.4
"MO",2013,15.4
"MO",2013,15.4
"ND",2015,15.4
"MO",2013,15.4
"VT",2011,15.4
"IN",2011,15.4
"AL",2015,15.4
"NY",2013,15.4
"MT",2011,15.4
"GA",2017,15.4
"MO",2015,15.4
"IA",2011,15.4
"MO",2015,15.4
"NE",2011,15.4
"CA",2015,15.4
"AR",2013,15.4
"NJ",2015,15.4
"VT",2015,15.4
"KS",2011,15.4
"NC",2011,15.4
"IL",2015,15.4
"NC",2011,15.4
"IN",2015,15.4
"SD",2011,15.4
"NE",2011,15.4
"WI",2011,15.4
"DE",2011,15.4
"GA",2013,15.4
"LA",2011,15.4
"PA",2011,15.4
"KY",2011,15.4
"IA",2015,15.4
"IN",2017,15.5
"MO",2017,15.5
"OK",2017,15.5
"AR",2017,15.5
"MO",2017,15.5
"LA",2017,15.5
"RI",2017,15.5
"SC",2017,15.5
"SC",2015,15.5
"MN",2011,15.5
"KS",2013,15.5
"ME",2015,15.5
"LA",2011,15.5
"AL",2015,15.5
"ME",2015,15.5
"ME",2013,15.5
"KY",2013,15.5
"AL",2017,15.5
"SD",2017,15.5
"MO",2015,15.5
"NV",2017,15.5
"NC",2017,15.5
"KY",2011,15.5
"OH",2017,15.5
"CT",2015,15.5
"CA",2019,15.5
"WV",2019,15.5
"AZ",2019,15.5
"MO",2019,15.5
"TX",2015,15.5
"NC",2015,15.5
"NV",2015,15.5
"ND",2011,15.5
"NY",2011,15.5
"GA",2015,15.5
"KY",2015,15.5
"TX",2017,15.6
"TX",2017,15.6
"SC",2017,15.6
"IA",2017,15.6
"ID",2017,15.6
"KY",2017,15.6
"IA",2013,15.6
"AR",2011,15.6
"CO",2013,15.6
"NE",2015,15.6
"SC",2017,15.6
"TX",2017,15.6
"WI",2017,15.6
"IN",2015,15.6
"CT",2011,15.6
"NC",2019,15.6
"PA",2015,15.6
"PA",2015,15.6
"KY",2019,15.6
"TX",2019,15.6
"SC",2013,15.6
"OK",2019,15.6
"SD",2011,15.6
"AR",2015,15.6
"OR",2011,15.6
"AL",2011,15.6
"GA",2013,15.6
"MI",2015,15.6
"LA",2015,15.6
"AL",2013,15.6
"PA",2013,15.6
"VT",2013,15.6
"OK",2011,15.6
"MO",2015,15.6
"WV",2011,15.6
"WI",2015,15.6
"UT",2017,15.7
"CO",2017,15.7
"RI",2017,15.7
"NC",2017,15.7
"OH",2015,15.7
"NY",2015,15.7
"KY",2013,15.7
"TX",2011,15.7
"SD",2011,15.7
"SC",2011,15.7
"TX",2013,15.7
"IN",2013,15.7
"TX",2017,15.7
"WV",2013,15.7
"IA",2011,15.7
"GA",2013,15.7
"SC",2013,15.7
"SD",2015,15.7
"IL",2019,15.7
"MS",2019,15.7
"VT",2015,15.7
"NC",2013,15.7
"OK",2019,15.7
"ME",2011,15.7
"MN",2011,15.7
"ND",2011,15.7
"IA",2015,15.7
"ID",2013,15.7
"NV",2011,15.7
"RI",2015,15.7
"ID",2013,15.7
"AR",2011,15.7
"AK",2011,15.7
"MO",2013,15.7
"WI",2011,15.7
"OH",2017,15.8
"AL",2017,15.8
"SD",2017,15.8
"NE",2017,15.8
"DE",2017,15.8
"IA",2017,15.8
"AR",2017,15.8
"AR",2017,15.8
"LA",2017,15.8
"OK",2013,15.8
"DE",2015,15.8
"FL",2013,15.8
"KS",2013,15.8
"IN",2017,15.8
"ND",2017,15.8
"KS",2015,15.8
"ND",2011,15.8
"IN",2013,15.8
"IN",2019,15.8
"AL",2019,15.8
"WV",2015,15.8
"NC",2015,15.8
"OK",2013,15.8
"SC",2013,15.8
"ID",2015,15.8
"KS",2013,15.8
"WV",2015,15.8
"WV",2015,15.8
"SD",2017,15.9
"IL",2017,15.9
"SD",2013,15.9
"TN",2013,15.9
"MI",2015,15.9
"OK",2017,15.9
"TX",2017,15.9
"SD",2017,15.9
"NV",2017,15.9
"AL",2017,15.9
"VA",2013,15.9
"FL",2019,15.9
"KS",2015,15.9
"AR",2019,15.9
"AZ",2011,15.9
"MO",2019,15.9
"TN",2019,15.9
"ND",2019,15.9
"LA",2019,15.9
"MI",2015,15.9
"WA",2015,15.9
"KY",2013,15.9
"NV",2011,15.9
"WA",2011,15.9
"MN",2015,15.9
"AL",2013,15.9
"OR",2011,15.9
"ND",2013,15.9
"RI",2011,15.9
"DE",2015,15.9
"MO",2015,15.9
"WY",2011,15.9
"KS",2011,15.9
"UT",2013,15.9
"MI",2013,15.9
"AL",2017,16
"GA",2017,16
"AR",2017,16
"KS",2017,16
"AK",2017,16
"NV",2017,16
"MS",2017,16
"ND",2015,16
"PA",2013,16
"IN",2013,16
"KY",2015,16
"ND",2017,16
"NE",2013,16
"MT",2017,16
"CA",2011,16
"CT",2019,16
"TX",2015,16
"SC",2019,16
"SC",2015,16
"TX",2013,16
"DE",2019,16
"OK",2011,16
"WV",2019,16
"NJ",2013,16
"NY",2013,16
"MS",2019,16
"NC",2015,16
"MD",2011,16
"IA",2015,16
"TN",2015,16
"FL",2013,16
"PA",2015,16
"TX",2015,16
"PA",2015,16
"AR",2015,16
"SD",2011,16
"FL",2013,16
"OK",2015,16
"FL",2013,16
"OH",2017,16.1
"NJ",2017,16.1
"OH",2017,16.1
"AR",2017,16.1
"ID",2017,16.1
"AR",2017,16.1
"AL",2017,16.1
"SC",2017,16.1
"ND",2013,16.1
"MI",2013,16.1
"AR",2011,16.1
"MO",2011,16.1
"RI",2015,16.1
"MD",2011,16.1
"MI",2013,16.1
"LA",2017,16.1
"NC",2017,16.1
"MS",2017,16.1
"DE",2013,16.1
"KY",2013,16.1
"VA",2017,16.1
"NV",2017,16.1
"ME",2017,16.1
"NC",2011,16.1
"ND",2013,16.1
"MI",2015,16.1
"GA",2011,16.1
"NM",2011,16.1
"ND",2013,16.1
"TN",2013,16.1
"HI",2011,16.1
"NE",2011,16.1
"RI",2013,16.1
"MN",2013,16.1
"SD",2015,16.1
"ME",2015,16.1
"SC",2011,16.1
"NC",2011,16.1
"AL",2015,16.1
"WY",2015,16.1
"KS",2013,16.1
"FL",2017,16.2
"OK",2011,16.2
"NY",2017,16.2
"IL",2011,16.2
"SC",2013,16.2
"MD",2011,16.2
"NC",2011,16.2
"NE",2015,16.2
"MO",2011,16.2
"OK",2013,16.2
"PA",2011,16.2
"OK",2011,16.2
"UT",2017,16.2
"CT",2015,16.2
"MA",2017,16.2
"MO",2017,16.2
"WI",2017,16.2
"IA",2017,16.2
"NJ",2015,16.2
"MO",2011,16.2
"AR",2019,16.2
"MO",2019,16.2
"ME",2019,16.2
"OK",2013,16.2
"NE",2011,16.2
"IN",2013,16.2
"AL",2013,16.2
"PA",2019,16.2
"IN",2015,16.2
"ME",2015,16.2
"ND",2015,16.2
"OH",2015,16.2
"NC",2015,16.2
"FL",2013,16.2
"TN",2013,16.2
"MD",2011,16.2
"MO",2011,16.2
"IA",2013,16.2
"NH",2011,16.2
"SC",2015,16.2
"OH",2017,16.3
"ME",2017,16.3
"WI",2017,16.3
"MO",2017,16.3
"WV",2017,16.3
"OK",2011,16.3
"MN",2015,16.3
"AL",2011,16.3
"AL",2011,16.3
"CA",2013,16.3
"WA",2015,16.3
"SD",2013,16.3
"IN",2015,16.3
"ME",2017,16.3
"MN",2017,16.3
"WY",2011,16.3
"RI",2017,16.3
"MO",2019,16.3
"RI",2019,16.3
"WI",2015,16.3
"LA",2019,16.3
"IN",2011,16.3
"OK",2019,16.3
"NE",2015,16.3
"SD",2011,16.3
"DE",2011,16.3
"KS",2011,16.3
"ID",2015,16.3
"KY",2015,16.3
"AL",2011,16.3
"MD",2013,16.3
"WY",2011,16.3
"MI",2013,16.3
"ME",2011,16.3
"OH",2017,16.4
"GA",2017,16.4
"ND",2017,16.4
"VA",2017,16.4
"NJ",2015,16.4
"AL",2011,16.4
"LA",2011,16.4
"NV",2017,16.4
"IA",2017,16.4
"CT",2017,16.4
"PA",2013,16.4
"NE",2013,16.4
"WI",2011,16.4
"NY",2013,16.4
"OH",2013,16.4
"WV",2019,16.4
"OH",2015,16.4
"AL",2019,16.4
"MI",2013,16.4
"MO",2015,16.4
"KS",2019,16.4
"OR",2019,16.4
"RI",2011,16.4
"DE",2015,16.4
"MA",2015,16.4
"OH",2015,16.4
"NY",2015,16.4
"KS",2011,16.4
"SD",2015,16.4
"ND",2013,16.4
"ME",2011,16.4
"IN",2013,16.4
"TX",2011,16.4
"KS",2015,16.4
"ME",2011,16.4
"AR",2017,16.5
"CA",2017,16.5
"FL",2011,16.5
"DE",2011,16.5
"TX",2011,16.5
"MA",2013,16.5
"TX",2011,16.5
"IN",2015,16.5
"WA",2013,16.5
"IL",2013,16.5
"IN",2011,16.5
"AL",2011,16.5
"MT",2011,16.5
"AZ",2017,16.5
"SC",2017,16.5
"KY",2017,16.5
"NY",2013,16.5
"MI",2011,16.5
"MI",2013,16.5
"VA",2011,16.5
"ID",2019,16.5
"ME",2019,16.5
"IA",2011,16.5
"WI",2011,16.5
"KS",2011,16.5
"SC",2011,16.5
"KS",2015,16.5
"RI",2013,16.5
"MS",2015,16.5
"PA",2011,16.5
"NY",2013,16.5
"ND",2015,16.5
"MA",2015,16.5
"GA",2013,16.5
"NJ",2013,16.5
"GA",2013,16.5
"NE",2011,16.5
"MN",2011,16.5
"TX",2017,16.6
"GA",2017,16.6
"WV",2017,16.6
"NV",2017,16.6
"ND",2017,16.6
"MS",2017,16.6
"NE",2017,16.6
"ND",2017,16.6
"IA",2011,16.6
"MI",2017,16.6
"MS",2017,16.6
"NH",2017,16.6
"SC",2017,16.6
"ND",2017,16.6
"AR",2019,16.6
"AR",2011,16.6
"SC",2019,16.6
"VA",2019,16.6
"IA",2019,16.6
"IA",2019,16.6
"MS",2019,16.6
"PA",2019,16.6
"WY",2011,16.6
"WV",2015,16.6
"CT",2011,16.6
"KS",2013,16.6
"RI",2015,16.6
"KS",2015,16.6
"LA",2013,16.6
"NY",2011,16.6
"FL",2011,16.6
"AK",2013,16.6
"MA",2011,16.6
"KY",2013,16.6
"NY",2013,16.6
"TN",2015,16.6
"MT",2015,16.6
"IA",2015,16.6
"OK",2015,16.6
"WV",2017,16.7
"LA",2017,16.7
"IN",2017,16.7
"RI",2017,16.7
"OK",2017,16.7
"ND",2017,16.7
"OH",2011,16.7
"ND",2013,16.7
"CT",2013,16.7
"SD",2011,16.7
"NH",2017,16.7
"RI",2017,16.7
"VT",2015,16.7
"NC",2017,16.7
"AR",2011,16.7
"NC",2017,16.7
"MO",2011,16.7
"NE",2017,16.7
"MD",2013,16.7
"NC",2013,16.7
"MD",2011,16.7
"IN",2019,16.7
"SD",2019,16.7
"NV",2011,16.7
"TN",2015,16.7
"HI",2011,16.7
"MO",2013,16.7
"MO",2013,16.7
"AL",2015,16.7
"TX",2015,16.7
"NY",2011,16.7
"MA",2015,16.7
"ME",2011,16.7
"DE",2013,16.7
"NV",2013,16.7
"SC",2015,16.7
"NH",2017,16.8
"LA",2011,16.8
"HI",2017,16.8
"PA",2017,16.8
"KY",2017,16.8
"NC",2015,16.8
"NE",2013,16.8
"MD",2011,16.8
"MS",2011,16.8
"OH",2013,16.8
"HI",2017,16.8
"MT",2017,16.8
"WV",2017,16.8
"MD",2015,16.8
"NV",2019,16.8
"WA",2019,16.8
"OR",2019,16.8
"MO",2019,16.8
"KY",2019,16.8
"OH",2015,16.8
"CT",2011,16.8
"LA",2011,16.8
"ID",2013,16.8
"KS",2011,16.8
"IA",2011,16.8
"FL",2015,16.8
"KY",2011,16.8
"VA",2011,16.8
"GA",2011,16.8
"TX",2015,16.8
"VA",2013,16.8
"VA",2015,16.8
"PA",2013,16.8
"IL",2011,16.8
"NY",2013,16.8
"MD",2015,16.8
"RI",2013,16.8
"IN",2017,16.9
"KS",2017,16.9
"TN",2017,16.9
"PA",2017,16.9
"NJ",2017,16.9
"TN",2017,16.9
"SD",2013,16.9
"SC",2015,16.9
"IL",2015,16.9
"AK",2013,16.9
"IN",2013,16.9
"NY",2013,16.9
"OR",2017,16.9
"OK",2015,16.9
"IA",2017,16.9
"NY",2015,16.9
"WY",2017,16.9
"SC",2013,16.9
"OK",2013,16.9
"MD",2019,16.9
"AR",2019,16.9
"LA",2019,16.9
"AK",2019,16.9
"FL",2015,16.9
"CT",2011,16.9
"OH",2019,16.9
"IA",2019,16.9
"AZ",2015,16.9
"TX",2011,16.9
"FL",2011,16.9
"AR",2015,16.9
"DE",2015,16.9
"MD",2011,16.9
"OK",2011,16.9
"KY",2011,16.9
"IN",2011,16.9
"MI",2013,16.9
"NJ",2011,16.9
"ND",2015,16.9
"WY",2011,16.9
"TN",2015,16.9
"MN",2011,16.9
"NH",2013,16.9
"CT",2015,16.9
"RI",2017,17
"ME",2017,17
"TN",2017,17
"MA",2017,17
"TX",2017,17
"UT",2017,17
"IN",2017,17
"NV",2017,17
"TN",2017,17
"VT",2017,17
"ID",2013,17
"MN",2015,17
"WI",2013,17
"KY",2015,17
"AL",2015,17
"KY",2013,17
"TN",2017,17
"MN",2017,17
"NE",2011,17
"DE",2017,17
"OK",2017,17
"AL",2017,17
"MI",2017,17
"CT",2011,17
"ME",2019,17
"RI",2019,17
"SD",2015,17
"KS",2019,17
"NC",2013,17
"NV",2019,17
"SD",2019,17
"KY",2015,17
"TX",2013,17
"MI",2015,17
"AL",2011,17
"ME",2013,17
"DE",2011,17
"SC",2011,17
"ND",2015,17
"TN",2015,17
"VA",2015,17
"SD",2011,17
"PA",2017,17.1
"IN",2017,17.1
"DE",2015,17.1
"WY",2013,17.1
"PA",2015,17.1
"WI",2013,17.1
"KS",2011,17.1
"TN",2015,17.1
"GA",2015,17.1
"DE",2011,17.1
"MI",2013,17.1
"ND",2017,17.1
"ND",2017,17.1
"ID",2015,17.1
"MD",2017,17.1
"AR",2017,17.1
"MN",2017,17.1
"KS",2019,17.1
"MO",2019,17.1
"NM",2019,17.1
"IN",2013,17.1
"OK",2019,17.1
"WV",2019,17.1
"NE",2015,17.1
"AK",2019,17.1
"TN",2011,17.1
"ME",2019,17.1
"ME",2019,17.1
"IA",2011,17.1
"NJ",2011,17.1
"VA",2011,17.1
"IN",2013,17.1
"OR",2015,17.1
"OH",2011,17.1
"NY",2015,17.1
"MI",2011,17.1
"CT",2015,17.1
"MO",2011,17.1
"NH",2015,17.1
"ND",2013,17.1
"MS",2015,17.1
"NH",2011,17.1
"OK",2017,17.2
"IA",2017,17.2
"NY",2017,17.2
"MN",2017,17.2
"MS",2017,17.2
"NY",2017,17.2
"MO",2013,17.2
"NJ",2011,17.2
"NY",2015,17.2
"KY",2013,17.2
"IA",2011,17.2
"WY",2013,17.2
"OH",2013,17.2
"WV",2017,17.2
"MO",2015,17.2
"MI",2017,17.2
"GA",2019,17.2
"NC",2019,17.2
"UT",2011,17.2
"RI",2019,17.2
"DE",2019,17.2
"NE",2019,17.2
"ND",2019,17.2
"AL",2013,17.2
"OK",2013,17.2
"WA",2013,17.2
"UT",2015,17.2
"NY",2011,17.2
"GA",2011,17.2
"MN",2013,17.2
"IA",2015,17.2
"MS",2015,17.2
"HI",2011,17.2
"LA",2013,17.2
"VT",2013,17.2
"DE",2013,17.2
"OK",2011,17.2
"MO",2015,17.2
"KS",2013,17.2
"NY",2015,17.2
"WI",2015,17.2
"MA",2017,17.3
"FL",2017,17.3
"MO",2017,17.3
"KY",2017,17.3
"NV",2017,17.3
"AL",2017,17.3
"IN",2011,17.3
"MO",2011,17.3
"AL",2011,17.3
"KY",2011,17.3
"CT",2015,17.3
"HI",2015,17.3
"ND",2015,17.3
"MS",2017,17.3
"LA",2017,17.3
"CO",2011,17.3
"NV",2019,17.3
"WI",2015,17.3
"AL",2019,17.3
"IA",2013,17.3
"FL",2011,17.3
"NV",2019,17.3
"IA",2019,17.3
"MA",2019,17.3
"MS",2011,17.3
"MS",2019,17.3
"MO",2011,17.3
"ID",2013,17.3
"AR",2019,17.3
"ID",2019,17.3
"LA",2015,17.3
"RI",2013,17.3
"NY",2013,17.3
"ND",2011,17.3
"GA",2011,17.3
"AK",2011,17.3
"MA",2013,17.3
"NJ",2015,17.3
"ND",2011,17.3
"IL",2015,17.3
"KS",2017,17.4
"VT",2017,17.4
"IN",2017,17.4
"NV",2017,17.4
"NY",2017,17.4
"ND",2017,17.4
"NY",2017,17.4
"LA",2015,17.4
"FL",2015,17.4
"ME",2015,17.4
"OK",2015,17.4
"AK",2011,17.4
"MI",2017,17.4
"NY",2015,17.4
"AR",2015,17.4
"ND",2011,17.4
"GA",2017,17.4
"IL",2013,17.4
"IN",2017,17.4
"AK",2015,17.4
"NE",2015,17.4
"IN",2015,17.4
"MO",2013,17.4
"OK",2019,17.4
"OH",2015,17.4
"PA",2019,17.4
"ID",2015,17.4
"AK",2011,17.4
"RI",2015,17.4
"AL",2013,17.4
"OH",2011,17.4
"SC",2011,17.4
"SC",2011,17.4
"SD",2011,17.4
"VT",2015,17.4
"ME",2013,17.4
"NY",2011,17.4
"MT",2011,17.4
"HI",2011,17.4
"MA",2013,17.4
"RI",2015,17.4
"FL",2013,17.4
"PA",2015,17.4
"NC",2015,17.4
"TN",2013,17.4
"NY",2017,17.5
"ME",2017,17.5
"DE",2017,17.5
"WI",2017,17.5
"IL",2013,17.5
"ME",2013,17.5
"AZ",2013,17.5
"OH",2013,17.5
"MT",2011,17.5
"AZ",2015,17.5
"TN",2011,17.5
"LA",2017,17.5
"MI",2015,17.5
"VT",2017,17.5
"TX",2017,17.5
"KS",2015,17.5
"NE",2017,17.5
"MO",2013,17.5
"SC",2019,17.5
"NE",2019,17.5
"ID",2013,17.5
"NE",2019,17.5
"AL",2019,17.5
"PA",2013,17.5
"AZ",2013,17.5
"OH",2019,17.5
"VA",2011,17.5
"SD",2013,17.5
"RI",2013,17.5
"CO",2015,17.5
"AR",2013,17.5
"MS",2013,17.5
"FL",2011,17.5
"NY",2011,17.5
"MA",2015,17.5
"SD",2013,17.5
"OH",2015,17.5
"MA",2013,17.5
"NV",2013,17.5
"FL",2017,17.6
"IL",2017,17.6
"MT",2017,17.6
"OK",2015,17.6
"NY",2015,17.6
"NJ",2017,17.6
"MS",2013,17.6
"ND",2015,17.6
"MD",2017,17.6
"AZ",2017,17.6
"KS",2013,17.6
"ME",2017,17.6
"SC",2017,17.6
"LA",2013,17.6
"MD",2013,17.6
"MI",2013,17.6
"AL",2019,17.6
"TX",2013,17.6
"MO",2019,17.6
"GA",2019,17.6
"NC",2019,17.6
"NE",2019,17.6
"NH",2019,17.6
"MN",2015,17.6
"PA",2013,17.6
"GA",2013,17.6
"OH",2013,17.6
"TN",2011,17.6
"AZ",2013,17.6
"AR",2011,17.6
"FL",2011,17.6
"AZ",2013,17.6
"HI",2011,17.6
"CT",2015,17.6
"FL",2015,17.6
"MN",2013,17.6
"OR",2011,17.6
"MI",2013,17.6
"DE",2017,17.7
"VT",2017,17.7
"VA",2015,17.7
"IA",2015,17.7
"MN",2011,17.7
"MT",2013,17.7
"ND",2015,17.7
"KS",2015,17.7
"KS",2011,17.7
"CT",2011,17.7
"ME",2015,17.7
"DE",2017,17.7
"NV",2017,17.7
"KY",2019,17.7
"MI",2019,17.7
"NE",2019,17.7
"NH",2011,17.7
"IL",2013,17.7
"OK",2019,17.7
"ID",2019,17.7
"AL",2019,17.7
"IA",2019,17.7
"WY",2013,17.7
"LA",2019,17.7
"SD",2019,17.7
"MA",2015,17.7
"AZ",2013,17.7
"MT",2013,17.7
"AZ",2013,17.7
"LA",2013,17.7
"GA",2011,17.7
"DE",2011,17.7
"OK",2011,17.7
"PA",2011,17.7
"NY",2015,17.7
"RI",2011,17.7
"PA",2011,17.7
"TX",2011,17.7
"AZ",2011,17.7
"IA",2013,17.7
"MT",2013,17.7
"MD",2013,17.7
"KS",2017,17.8
"NE",2017,17.8
"TN",2017,17.8
"WI",2017,17.8
"MO",2017,17.8
"OR",2017,17.8
"NE",2013,17.8
"OK",2013,17.8
"TN",2015,17.8
"MD",2011,17.8
"AK",2017,17.8
"LA",2013,17.8
"AZ",2017,17.8
"TN",2017,17.8
"NV",2011,17.8
"MI",2017,17.8
"LA",2017,17.8
"MS",2015,17.8
"MO",2017,17.8
"NJ",2011,17.8
"PA",2019,17.8
"AR",2015,17.8
"IN",2019,17.8
"AK",2015,17.8
"WV",2011,17.8
"OK",2013,17.8
"ID",2019,17.8
"NV",2011,17.8
"NY",2013,17.8
"WY",2015,17.8
"VA",2015,17.8
"IL",2011,17.8
"MI",2011,17.8
"SD",2015,17.8
"MS",2011,17.8
"MA",2015,17.8
"FL",2017,17.9
"SD",2017,17.9
"MI",2017,17.9
"MI",2017,17.9
"KY",2017,17.9
"ME",2013,17.9
"UT",2015,17.9
"AL",2015,17.9
"WI",2013,17.9
"ME",2015,17.9
"ME",2013,17.9
"GA",2013,17.9
"KS",2011,17.9
"WV",2011,17.9
"MO",2017,17.9
"MS",2017,17.9
"KS",2017,17.9
"IL",2017,17.9
"KY",2015,17.9
"KY",2019,17.9
"TX",2015,17.9
"DE",2011,17.9
"MA",2019,17.9
"SC",2015,17.9
"NC",2011,17.9
"OH",2019,17.9
"AL",2019,17.9
"AZ",2015,17.9
"IA",2013,17.9
"SD",2011,17.9
"SC",2011,17.9
"MO",2011,17.9
"IN",2011,17.9
"CT",2013,17.9
"IL",2011,17.9
"WV",2011,17.9
"MI",2011,17.9
"FL",2013,17.9
"KS",2013,17.9
"WY",2015,17.9
"NJ",2015,17.9
"NJ",2015,17.9
"NJ",2015,17.9
"OK",2013,17.9
"ND",2011,17.9
"NM",2015,17.9
"ID",2015,17.9
"OR",2011,17.9
"IL",2013,17.9
"VT",2013,17.9
"MT",2017,18
"OH",2017,18
"PA",2017,18
"SD",2017,18
"IL",2017,18
"FL",2017,18
"IL",2015,18
"MD",2013,18
"ME",2015,18
"VA",2017,18
"PA",2017,18
"OH",2017,18
"NM",2017,18
"IN",2015,18
"DE",2011,18
"CT",2015,18
"NH",2013,18
"KY",2015,18
"TN",2017,18
"NC",2013,18
"OH",2019,18
"IN",2019,18
"LA",2019,18
"AK",2019,18
"ME",2019,18
"MO",2013,18
"KS",2011,18
"NV",2019,18
"OK",2019,18
"TX",2019,18
"VA",2011,18
"AR",2011,18
"AR",2013,18
"AL",2013,18
"NE",2011,18
"AR",2013,18
"KY",2015,18
"KS",2013,18
"SD",2013,18
"FL",2013,18
"TX",2015,18
"SC",2011,18
"DE",2013,18
"OH",2015,18
"IA",2013,18
"MA",2013,18
"ND",2011,18
"AR",2013,18
"OH",2011,18
"RI",2017,18.1
"OR",2017,18.1
"IN",2017,18.1
"VA",2017,18.1
"NE",2017,18.1
"MT",2017,18.1
"VA",2017,18.1
"FL",2017,18.1
"IA",2017,18.1
"OR",2015,18.1
"MN",2013,18.1
"MO",2011,18.1
"KY",2011,18.1
"FL",2015,18.1
"FL",2017,18.1
"UT",2017,18.1
"AL",2017,18.1
"MD",2017,18.1
"NC",2017,18.1
"MA",2011,18.1
"NC",2017,18.1
"VA",2017,18.1
"TX",2013,18.1
"NY",2019,18.1
"ND",2019,18.1
"WA",2013,18.1
"IN",2013,18.1
"UT",2019,18.1
"OK",2019,18.1
"MI",2015,18.1
"WV",2019,18.1
"GA",2015,18.1
"ID",2015,18.1
"ND",2011,18.1
"GA",2015,18.1
"IA",2013,18.1
"AK",2015,18.1
"MD",2011,18.1
"MA",2013,18.1
"OH",2011,18.1
"RI",2015,18.1
"MA",2011,18.1
"RI",2011,18.1
"SC",2017,18.2
"ND",2017,18.2
"VT",2017,18.2
"MD",2017,18.2
"NV",2015,18.2
"NM",2013,18.2
"NE",2013,18.2
"IL",2015,18.2
"IN",2013,18.2
"OK",2015,18.2
"WV",2015,18.2
"MT",2017,18.2
"WY",2017,18.2
"ID",2011,18.2
"KY",2017,18.2
"NV",2017,18.2
"NV",2017,18.2
"MA",2019,18.2
"IN",2019,18.2
"CA",2019,18.2
"KS",2019,18.2
"MA",2019,18.2
"AL",2019,18.2
"VT",2013,18.2
"IA",2013,18.2
"NE",2019,18.2
"WV",2019,18.2
"NC",2013,18.2
"NJ",2015,18.2
"ID",2019,18.2
"IL",2011,18.2
"NV",2015,18.2
"MN",2015,18.2
"NJ",2013,18.2
"CT",2011,18.2
"GA",2015,18.2
"AK",2015,18.2
"NC",2015,18.2
"LA",2015,18.2
"NC",2011,18.2
"MS",2015,18.2
"DE",2013,18.2
"NY",2013,18.2
"VT",2013,18.2
"NV",2011,18.2
"ME",2015,18.2
"OK",2011,18.2
"TX",2017,18.3
"OH",2017,18.3
"RI",2017,18.3
"KS",2017,18.3
"SD",2017,18.3
"MI",2017,18.3
"GA",2017,18.3
"SD",2015,18.3
"FL",2015,18.3
"NY",2011,18.3
"HI",2011,18.3
"DE",2011,18.3
"IA",2013,18.3
"NV",2017,18.3
"MS",2017,18.3
"PA",2017,18.3
"RI",2017,18.3
"NJ",2017,18.3
"WA",2011,18.3
"OR",2015,18.3
"IA",2019,18.3
"KY",2019,18.3
"AK",2019,18.3
"ND",2013,18.3
"NY",2019,18.3
"KY",2015,18.3
"AL",2019,18.3
"TX",2013,18.3
"IL",2011,18.3
"KS",2011,18.3
"NE",2015,18.3
"KY",2013,18.3
"ID",2011,18.3
"MD",2013,18.3
"WI",2015,18.3
"MI",2011,18.3
"VT",2015,18.3
"OH",2011,18.3
"ID",2015,18.3
"SD",2015,18.3
"PA",2013,18.3
"WI",2015,18.3
"VT",2013,18.3
"NC",2011,18.3
"UT",2011,18.3
"KY",2011,18.3
"NE",2017,18.4
"WV",2013,18.4
"WI",2015,18.4
"WI",2013,18.4
"KS",2017,18.4
"WA",2017,18.4
"ID",2017,18.4
"ND",2019,18.4
"AR",2019,18.4
"NJ",2013,18.4
"WA",2011,18.4
"NV",2019,18.4
"MI",2011,18.4
"AK",2019,18.4
"NC",2019,18.4
"SD",2013,18.4
"ID",2013,18.4
"NC",2013,18.4
"VA",2015,18.4
"SC",2015,18.4
"MI",2013,18.4
"CA",2011,18.4
"MD",2013,18.4
"ME",2011,18.4
"OH",2015,18.4
"MI",2011,18.4
"NJ",2013,18.4
"AK",2013,18.4
"MI",2011,18.4
"NC",2011,18.4
"OK",2015,18.4
"NE",2011,18.4
"MD",2015,18.4
"RI",2013,18.4
"MN",2017,18.5
"MN",2017,18.5
"OR",2017,18.5
"NC",2017,18.5
"UT",2017,18.5
"AR",2013,18.5
"ND",2015,18.5
"UT",2013,18.5
"CT",2015,18.5
"MT",2011,18.5
"NM",2017,18.5
"ND",2019,18.5
"OH",2019,18.5
"HI",2019,18.5
"MT",2011,18.5
"PA",2013,18.5
"MI",2015,18.5
"MD",2019,18.5
"AK",2019,18.5
"VA",2013,18.5
"MO",2019,18.5
"ND",2019,18.5
"MO",2011,18.5
"ID",2015,18.5
"CT",2013,18.5
"CT",2013,18.5
"IL",2015,18.5
"GA",2015,18.5
"NJ",2011,18.5
"LA",2013,18.5
"PA",2011,18.5
"KS",2013,18.5
"MA",2013,18.5
"MO",2015,18.5
"SC",2011,18.5
"TX",2017,18.6
"RI",2017,18.6
"NH",2017,18.6
"VA",2017,18.6
"RI",2017,18.6
"IN",2017,18.6
"NJ",2017,18.6
"ND",2011,18.6
"SC",2011,18.6
"IA",2013,18.6
"FL",2011,18.6
"MD",2011,18.6
"TN",2015,18.6
"WI",2015,18.6
"ME",2011,18.6
"GA",2011,18.6
"WV",2013,18.6
"SD",2015,18.6
"NC",2011,18.6
"NV",2017,18.6
"NV",2015,18.6
"SD",2017,18.6
"FL",2015,18.6
"NC",2011,18.6
"NY",2011,18.6
"OH",2019,18.6
"LA",2019,18.6
"NE",2019,18.6
"NE",2013,18.6
"HI",2011,18.6
"AR",2019,18.6
"ME",2019,18.6
"OH",2019,18.6
"KS",2019,18.6
"NJ",2013,18.6
"IN",2013,18.6
"SC",2013,18.6
"IL",2011,18.6
"NM",2011,18.6
"SC",2013,18.6
"SC",2011,18.6
"LA",2015,18.6
"MS",2013,18.6
"OK",2011,18.6
"WY",2015,18.6
"ND",2011,18.6
"LA",2015,18.6
"NH",2013,18.6
"TX",2013,18.6
"KS",2015,18.6
"PA",2015,18.6
"PA",2013,18.6
"ME",2017,18.7
"OH",2017,18.7
"IL",2017,18.7
"NV",2017,18.7
"MN",2013,18.7
"AR",2015,18.7
"GA",2015,18.7
"KY",2013,18.7
"DE",2015,18.7
"AZ",2017,18.7
"LA",2015,18.7
"SC",2017,18.7
"ME",2013,18.7
"PA",2015,18.7
"CA",2011,18.7
"VA",2019,18.7
"WY",2011,18.7
"AL",2015,18.7
"KY",2019,18.7
"WA",2013,18.7
"AZ",2011,18.7
"MT",2013,18.7
"DE",2019,18.7
"ND",2019,18.7
"OH",2019,18.7
"MD",2013,18.7
"WY",2019,18.7
"UT",2011,18.7
"AL",2013,18.7
"WI",2015,18.7
"TX",2013,18.7
"PA",2011,18.7
"NC",2013,18.7
"WI",2013,18.7
"NE",2013,18.7
"SC",2015,18.7
"AZ",2013,18.7
"NC",2013,18.7
"NY",2015,18.7
"TN",2011,18.7
"ND",2013,18.7
"IA",2015,18.7
"UT",2013,18.7
"GA",2015,18.7
"OR",2015,18.7
"NE",2011,18.7
"NM",2011,18.7
"SC",2017,18.8
"NC",2017,18.8
"IA",2017,18.8
"SD",2017,18.8
"WI",2013,18.8
"NM",2013,18.8
"MI",2017,18.8
"WY",2017,18.8
"WA",2017,18.8
"GA",2017,18.8
"MI",2015,18.8
"ID",2015,18.8
"SC",2011,18.8
"CA",2015,18.8
"MA",2017,18.8
"CT",2017,18.8
"IN",2017,18.8
"WI",2017,18.8
"UT",2011,18.8
"OR",2019,18.8
"SD",2015,18.8
"MA",2015,18.8
"GA",2019,18.8
"OR",2019,18.8
"IN",2019,18.8
"ME",2019,18.8
"IL",2011,18.8
"AZ",2013,18.8
"CT",2011,18.8
"NE",2013,18.8
"TX",2015,18.8
"GA",2011,18.8
"WI",2011,18.8
"NE",2013,18.8
"ND",2015,18.8
"DE",2013,18.8
"PA",2011,18.8
"AZ",2015,18.8
"NE",2013,18.8
"ME",2017,18.9
"IN",2017,18.9
"MI",2017,18.9
"RI",2017,18.9
"SC",2017,18.9
"MO",2017,18.9
"LA",2017,18.9
"NY",2015,18.9
"RI",2011,18.9
"NM",2011,18.9
"MS",2011,18.9
"MN",2011,18.9
"ME",2015,18.9
"CT",2015,18.9
"UT",2011,18.9
"OR",2015,18.9
"IA",2015,18.9
"SC",2015,18.9
"MO",2015,18.9
"MN",2017,18.9
"ME",2015,18.9
"IL",2015,18.9
"MA",2011,18.9
"SD",2019,18.9
"KS",2019,18.9
"TN",2015,18.9
"CT",2011,18.9
"IN",2019,18.9
"HI",2019,18.9
"VA",2011,18.9
"AZ",2019,18.9
"NV",2019,18.9
"PA",2015,18.9
"VA",2013,18.9
"ID",2013,18.9
"NV",2013,18.9
"UT",2011,18.9
"PA",2011,18.9
"AR",2015,18.9
"FL",2013,18.9
"MN",2011,18.9
"AL",2015,18.9
"MN",2011,18.9
"NM",2011,18.9
"KY",2011,18.9
"ME",2015,18.9
"PA",2015,18.9
"MD",2015,18.9
"MN",2013,18.9
"NC",2015,18.9
"CT",2015,18.9
"GA",2013,18.9
"CT",2013,18.9
"NM",2013,18.9
"OR",2013,18.9
"FL",2011,18.9
"SC",2013,18.9
"SD",2015,18.9
"MA",2015,18.9
"MO",2015,18.9
"KS",2017,19
"KS",2017,19
"NC",2017,19
"DE",2017,19
"MD",2017,19
"NY",2017,19
"RI",2017,19
"AR",2017,19
"IA",2017,19
"UT",2017,19
"MI",2015,19
"NV",2013,19
"CA",2013,19
"DE",2013,19
"NC",2013,19
"WA",2017,19
"OR",2017,19
"WA",2017,19
"UT",2019,19
"KS",2019,19
"OH",2019,19
"CO",2019,19
"TX",2011,19
"MS",2015,19
"MS",2013,19
"OH",2013,19
"WY",2011,19
"OK",2011,19
"UT",2013,19
"NJ",2015,19
"RI",2011,19
"KS",2013,19
"NH",2011,19
"ID",2013,19
"VA",2011,19
"TX",2013,19
"NE",2011,19
"TN",2013,19
"WI",2015,19.1
"VT",2017,19.1
"OH",2017,19.1
"NE",2017,19.1
"TN",2017,19.1
"MI",2017,19.1
"PA",2017,19.1
"RI",2015,19.1
"WI",2013,19.1
"IL",2013,19.1
"SC",2013,19.1
"NC",2013,19.1
"IL",2015,19.1
"IL",2015,19.1
"MD",2011,19.1
"NY",2011,19.1
"WI",2017,19.1
"MT",2017,19.1
"WI",2011,19.1
"PA",2017,19.1
"NE",2017,19.1
"NE",2011,19.1
"ND",2019,19.1
"WY",2019,19.1
"SD",2019,19.1
"MA",2015,19.1
"MA",2019,19.1
"MI",2019,19.1
"TN",2019,19.1
"WA",2015,19.1
"KY",2019,19.1
"NC",2019,19.1
"IL",2015,19.1
"WA",2011,19.1
"DE",2015,19.1
"MI",2011,19.1
"WA",2013,19.1
"RI",2013,19.1
"LA",2011,19.1
"FL",2015,19.1
"CT",2013,19.1
"OR",2013,19.1
"NC",2015,19.1
"MO",2015,19.1
"PA",2013,19.1
"TN",2015,19.1
"ME",2011,19.1
"OH",2013,19.1
"WA",2015,19.1
"WA",2015,19.1
"MD",2011,19.1
"SD",2017,19.2
"NM",2011,19.2
"NY",2017,19.2
"FL",2017,19.2
"WI",2017,19.2
"DE",2017,19.2
"IA",2017,19.2
"PA",2011,19.2
"MD",2011,19.2
"WV",2013,19.2
"SC",2013,19.2
"AL",2013,19.2
"OR",2011,19.2
"NC",2013,19.2
"AZ",2015,19.2
"IA",2017,19.2
"TX",2011,19.2
"NE",2017,19.2
"IL",2017,19.2
"KS",2017,19.2
"MI",2017,19.2
"GA",2011,19.2
"IL",2017,19.2
"MT",2017,19.2
"ME",2011,19.2
"NH",2019,19.2
"IA",2019,19.2
"TX",2011,19.2
"NM",2013,19.2
"KS",2015,19.2
"MS",2019,19.2
"VA",2019,19.2
"IL",2019,19.2
"NV",2019,19.2
"PA",2015,19.2
"NE",2019,19.2
"MS",2015,19.2
"SD",2015,19.2
"GA",2019,19.2
"OR",2011,19.2
"GA",2013,19.2
"DE",2015,19.2
"MN",2013,19.2
"TX",2015,19.2
"IA",2011,19.2
"MI",2013,19.2
"NH",2015,19.2
"VA",2013,19.2
"WI",2015,19.2
"FL",2015,19.3
"NM",2017,19.3
"OR",2017,19.3
"AR",2017,19.3
"ND",2017,19.3
"SD",2017,19.3
"IA",2017,19.3
"MN",2015,19.3
"RI",2013,19.3
"HI",2011,19.3
"VA",2015,19.3
"KS",2013,19.3
"NC",2013,19.3
"RI",2015,19.3
"MN",2017,19.3
"OH",2017,19.3
"WY",2013,19.3
"FL",2017,19.3
"FL",2017,19.3
"OK",2019,19.3
"AR",2019,19.3
"AZ",2019,19.3
"DE",2019,19.3
"NE",2011,19.3
"AR",2019,19.3
"ND",2019,19.3
"NE",2015,19.3
"LA",2011,19.3
"IA",2019,19.3
"NV",2019,19.3
"GA",2019,19.3
"IA",2019,19.3
"IN",2019,19.3
"FL",2011,19.3
"MN",2015,19.3
"MI",2013,19.3
"IL",2015,19.3
"KS",2013,19.3
"CT",2015,19.3
"KS",2015,19.3
"FL",2015,19.3
"TX",2015,19.3
"MO",2015,19.3
"NV",2011,19.3
"NH",2011,19.3
"SC",2011,19.3
"HI",2011,19.3
"ND",2015,19.3
"MI",2015,19.3
"WY",2017,19.4
"VA",2017,19.4
"NY",2017,19.4
"MA",2017,19.4
"WV",2017,19.4
"AZ",2015,19.4
"OH",2013,19.4
"VT",2013,19.4
"ID",2013,19.4
"UT",2011,19.4
"MO",2013,19.4
"NY",2013,19.4
"KY",2017,19.4
"NE",2013,19.4
"IA",2015,19.4
"SC",2017,19.4
"IA",2019,19.4
"NE",2013,19.4
"TN",2019,19.4
"NE",2019,19.4
"IA",2015,19.4
"NV",2015,19.4
"AL",2019,19.4
"KS",2019,19.4
"TN",2019,19.4
"AZ",2019,19.4
"NY",2013,19.4
"MA",2019,19.4
"ID",2019,19.4
"MS",2019,19.4
"NC",2019,19.4
"MI",2015,19.4
"AK",2013,19.4
"ME",2011,19.4
"AL",2015,19.4
"OH",2015,19.4
"NY",2013,19.4
"IL",2013,19.4
"IA",2015,19.4
"NJ",2013,19.4
"AZ",2011,19.4
"ND",2015,19.4
"UT",2013,19.4
"MS",2015,19.4
"TX",2013,19.4
"MA",2015,19.4
"VT",2011,19.4
"SD",2011,19.4
"UT",2013,19.4
"PA",2011,19.4
"WA",2011,19.4
"HI",2017,19.5
"AZ",2017,19.5
"AL",2017,19.5
"NJ",2017,19.5
"WV",2017,19.5
"OK",2017,19.5
"TN",2017,19.5
"NV",2017,19.5
"OH",2011,19.5
"RI",2011,19.5
"MT",2015,19.5
"MI",2013,19.5
"CT",2013,19.5
"MS",2013,19.5
"CA",2015,19.5
"IL",2013,19.5
"ID",2017,19.5
"CT",2011,19.5
"MN",2017,19.5
"GA",2017,19.5
"TN",2017,19.5
"DE",2017,19.5
"TX",2011,19.5
"MN",2017,19.5
"NC",2017,19.5
"AZ",2017,19.5
"NC",2015,19.5
"SD",2019,19.5
"FL",2013,19.5
"WV",2019,19.5
"NY",2019,19.5
"IA",2015,19.5
"WY",2015,19.5
"LA",2019,19.5
"NV",2019,19.5
"WV",2019,19.5
"MI",2011,19.5
"GA",2019,19.5
"ME",2019,19.5
"LA",2019,19.5
"MI",2015,19.5
"TN",2015,19.5
"NE",2011,19.5
"ME",2015,19.5
"MD",2015,19.5
"NM",2015,19.5
"DE",2011,19.5
"MN",2015,19.5
"NM",2011,19.5
"NJ",2011,19.5
"MO",2013,19.5
"KY",2015,19.5
"MI",2013,19.5
"WA",2017,19.6
"MO",2017,19.6
"NH",2017,19.6
"AR",2017,19.6
"CT",2015,19.6
"TN",2011,19.6
"NH",2015,19.6
"PA",2015,19.6
"CO",2013,19.6
"HI",2015,19.6
"MD",2011,19.6
"ME",2017,19.6
"NY",2017,19.6
"NE",2017,19.6
"KY",2017,19.6
"WA",2011,19.6
"MA",2017,19.6
"WY",2013,19.6
"IN",2011,19.6
"RI",2011,19.6
"OR",2011,19.6
"GA",2019,19.6
"NE",2013,19.6
"TN",2019,19.6
"OK",2019,19.6
"LA",2019,19.6
"LA",2019,19.6
"ND",2019,19.6
"CO",2019,19.6
"WI",2015,19.6
"ID",2015,19.6
"WY",2015,19.6
"RI",2013,19.6
"MN",2013,19.6
"KS",2013,19.6
"MN",2015,19.6
"KY",2013,19.6
"DE",2013,19.6
"NV",2015,19.6
"AK",2013,19.6
"AK",2013,19.6
"AL",2013,19.6
"KS",2015,19.6
"OK",2011,19.6
"CO",2013,19.6
"NH",2013,19.6
"IN",2011,19.6
"IA",2013,19.6
"WA",2013,19.6
"NE",2015,19.6
"OR",2013,19.6
"ID",2011,19.6
"DE",2013,19.6
"MI",2011,19.6
"MT",2013,19.6
"KS",2019,19.7
"VT",2017,19.7
"PA",2017,19.7
"NY",2017,19.7
"GA",2017,19.7
"CA",2015,19.7
"TN",2015,19.7
"LA",2017,19.7
"ID",2017,19.7
"MT",2017,19.7
"MN",2017,19.7
"MN",2017,19.7
"CT",2017,19.7
"CT",2017,19.7
"MS",2015,19.7
"VA",2013,19.7
"NM",2013,19.7
"VT",2011,19.7
"IL",2017,19.7
"MI",2017,19.7
"NE",2017,19.7
"CA",2017,19.7
"MN",2015,19.7
"NM",2017,19.7
"ID",2013,19.7
"SC",2015,19.7
"AZ",2019,19.7
"AZ",2015,19.7
"LA",2019,19.7
"ND",2019,19.7
"VA",2019,19.7
"KS",2019,19.7
"PA",2019,19.7
"IN",2019,19.7
"MN",2019,19.7
"CT",2013,19.7
"GA",2015,19.7
"MN",2015,19.7
"ME",2015,19.7
"PA",2013,19.7
"OH",2015,19.7
"UT",2011,19.7
"MI",2011,19.7
"NE",2011,19.7
"SC",2015,19.7
"WI",2011,19.7
"NE",2017,19.8
"NV",2017,19.8
"ME",2017,19.8
"UT",2017,19.8
"AZ",2017,19.8
"MA",2017,19.8
"ID",2017,19.8
"CT",2017,19.8
"ME",2017,19.8
"KS",2017,19.8
"CT",2017,19.8
"ID",2017,19.8
"TX",2015,19.8
"AZ",2011,19.8
"HI",2013,19.8
"MT",2017,19.8
"WA",2015,19.8
"NY",2017,19.8
"AZ",2017,19.8
"KS",2017,19.8
"PA",2011,19.8
"IA",2019,19.8
"SD",2013,19.8
"LA",2019,19.8
"OK",2015,19.8
"OR",2019,19.8
"ME",2019,19.8
"DE",2019,19.8
"MA",2015,19.8
"MA",2019,19.8
"KS",2019,19.8
"OH",2015,19.8
"WI",2019,19.8
"AK",2011,19.8
"MA",2019,19.8
"UT",2019,19.8
"AR",2019,19.8
"DE",2019,19.8
"AR",2019,19.8
"WI",2013,19.8
"WI",2013,19.8
"NH",2013,19.8
"MD",2015,19.8
"WA",2011,19.8
"CO",2015,19.8
"RI",2013,19.8
"OH",2013,19.8
"MD",2011,19.8
"VA",2013,19.8
"DE",2011,19.8
"MN",2013,19.8
"WI",2017,19.9
"MS",2017,19.9
"MI",2017,19.9
"WY",2017,19.9
"FL",2013,19.9
"UT",2013,19.9
"WY",2011,19.9
"MS",2011,19.9
"NV",2011,19.9
"OR",2011,19.9
"WA",2011,19.9
"VA",2015,19.9
"MA",2017,19.9
"SD",2013,19.9
"SD",2013,19.9
"PA",2017,19.9
"MO",2019,19.9
"WY",2015,19.9
"NC",2015,19.9
"MT",2015,19.9
"IN",2019,19.9
"MN",2013,19.9
"LA",2011,19.9
"IL",2011,19.9
"CA",2013,19.9
"LA",2015,19.9
"CT",2013,19.9
"NE",2011,19.9
"MD",2015,19.9
"MT",2013,19.9
"OH",2015,19.9
"RI",2013,19.9
"CA",2013,19.9
"OH",2013,19.9
"NV",2011,19.9
"FL",2015,19.9
"MT",2011,19.9
"IA",2015,19.9
"NY",2011,19.9
"NC",2017,20
"HI",2017,20
"MN",2017,20
"VA",2017,20
"TX",2017,20
"NY",2017,20
"MD",2015,20
"OR",2013,20
"ME",2015,20
"FL",2011,20
"MD",2017,20
"WY",2013,20
"WA",2013,20
"NM",2013,20
"MD",2017,20
"AZ",2017,20
"CO",2017,20
"GA",2017,20
"SC",2013,20
"RI",2015,20
"VT",2015,20
"NY",2013,20
"TN",2019,20
"IN",2019,20
"NV",2019,20
"KS",2019,20
"WY",2019,20
"AR",2019,20
"HI",2015,20
"MO",2019,20
"VT",2011,20
"KS",2019,20
"ID",2013,20
"MI",2013,20
"SD",2019,20
"WV",2019,20
"IA",2019,20
"WA",2011,20
"SC",2019,20
"NV",2019,20
"NY",2015,20
"AZ",2011,20
"KY",2013,20
"MA",2011,20
"UT",2015,20
"TN",2015,20
"UT",2013,20
"WA",2015,20
"KS",2015,20
"RI",2011,20
"OK",2015,20
"NE",2015,20
"NM",2011,20
"SC",2015,20
"NM",2013,20
"CT",2017,20.1
"GA",2017,20.1
"MT",2017,20.1
"PA",2017,20.1
"VT",2017,20.1
"MN",2011,20.1
"NJ",2013,20.1
"NM",2015,20.1
"IN",2011,20.1
"ME",2013,20.1
"NC",2011,20.1
"MT",2013,20.1
"NJ",2011,20.1
"KS",2015,20.1
"TX",2017,20.1
"ME",2017,20.1
"LA",2019,20.1
"OK",2019,20.1
"ND",2019,20.1
"GA",2015,20.1
"AK",2019,20.1
"HI",2015,20.1
"MN",2019,20.1
"RI",2019,20.1
"WY",2015,20.1
"MI",2019,20.1
"MO",2019,20.1
"AL",2013,20.1
"SD",2011,20.1
"WI",2015,20.1
"TX",2015,20.1
"NC",2011,20.1
"IA",2013,20.1
"NH",2011,20.1
"MA",2015,20.1
"TX",2011,20.1
"AK",2011,20.1
"PA",2011,20.1
"PA",2015,20.1
"ID",2015,20.1
"CA",2015,20.1
"WA",2015,20.1
"MN",2011,20.1
"MN",2011,20.1
"WI",2011,20.1
"ME",2017,20.2
"WI",2017,20.2
"KY",2017,20.2
"NE",2017,20.2
"WY",2017,20.2
"UT",2017,20.2
"KY",2013,20.2
"CT",2011,20.2
"NE",2015,20.2
"OR",2017,20.2
"VA",2017,20.2
"NM",2011,20.2
"IA",2017,20.2
"LA",2017,20.2
"WI",2017,20.2
"WA",2017,20.2
"AZ",2017,20.2
"KS",2017,20.2
"ND",2013,20.2
"IN",2017,20.2
"TX",2019,20.2
"IA",2019,20.2
"MT",2011,20.2
"OH",2015,20.2
"MT",2015,20.2
"MD",2019,20.2
"IA",2019,20.2
"IA",2019,20.2
"CA",2019,20.2
"SD",2015,20.2
"CA",2015,20.2
"CA",2019,20.2
"MN",2011,20.2
"MS",2019,20.2
"AR",2019,20.2
"WA",2019,20.2
"TN",2019,20.2
"ME",2019,20.2
"ME",2019,20.2
"WI",2013,20.2
"ID",2011,20.2
"KS",2015,20.2
"PA",2015,20.2
"NE",2013,20.2
"ME",2015,20.2
"HI",2015,20.2
"VA",2011,20.2
"AZ",2015,20.2
"AZ",2015,20.2
"TX",2013,20.2
"CO",2011,20.2
"AK",2011,20.2
"GA",2017,20.3
"KY",2017,20.3
"PA",2015,20.3
"AZ",2011,20.3
"AZ",2015,20.3
"AZ",2015,20.3
"CA",2015,20.3
"NJ",2017,20.3
"CA",2011,20.3
"ME",2017,20.3
"ME",2013,20.3
"DE",2015,20.3
"ND",2019,20.3
"MD",2019,20.3
"MI",2019,20.3
"NM",2013,20.3
"PA",2019,20.3
"PA",2019,20.3
"SD",2015,20.3
"ME",2019,20.3
"WI",2015,20.3
"NH",2019,20.3
"AZ",2011,20.3
"SC",2019,20.3
"MA",2019,20.3
"TN",2019,20.3
"LA",2019,20.3
"WI",2019,20.3
"MO",2019,20.3
"NE",2015,20.3
"SC",2019,20.3
"AZ",2013,20.3
"WA",2013,20.3
"SC",2013,20.3
"NJ",2013,20.3
"FL",2015,20.3
"NV",2013,20.3
"NJ",2013,20.4
"AR",2017,20.4
"NC",2017,20.4
"WA",2017,20.4
"ID",2017,20.4
"NC",2017,20.4
"CA",2013,20.4
"KS",2013,20.4
"AR",2011,20.4
"ID",2013,20.4
"NY",2015,20.4
"ME",2013,20.4
"VT",2011,20.4
"NJ",2017,20.4
"TX",2015,20.4
"LA",2017,20.4
"SD",2017,20.4
"FL",2013,20.4
"NM",2017,20.4
"NM",2017,20.4
"MT",2017,20.4
"IA",2017,20.4
"NE",2019,20.4
"ID",2019,20.4
"OH",2019,20.4
"TX",2015,20.4
"IL",2019,20.4
"WI",2013,20.4
"ID",2019,20.4
"KS",2015,20.4
"PA",2019,20.4
"WA",2015,20.4
"MD",2015,20.4
"KS",2019,20.4
"VA",2019,20.4
"WA",2011,20.4
"WI",2015,20.4
"SD",2013,20.4
"NH",2011,20.4
"AR",2011,20.4
"CT",2013,20.4
"NY",2011,20.4
"WI",2013,20.4
"MD",2015,20.4
"IL",2013,20.4
"CA",2011,20.4
"MA",2015,20.4
"VT",2011,20.4
"FL",2013,20.4
"NH",2017,20.5
"LA",2017,20.5
"IL",2017,20.5
"OH",2017,20.5
"FL",2017,20.5
"WI",2017,20.5
"MI",2017,20.5
"MI",2011,20.5
"NJ",2013,20.5
"MI",2011,20.5
"NV",2013,20.5
"WY",2013,20.5
"OR",2015,20.5
"MA",2011,20.5
"NJ",2015,20.5
"AR",2011,20.5
"WI",2017,20.5
"MI",2013,20.5
"OH",2017,20.5
"PA",2019,20.5
"OK",2019,20.5
"HI",2019,20.5
"NM",2019,20.5
"TX",2019,20.5
"ME",2019,20.5
"MT",2013,20.5
"WY",2013,20.5
"AZ",2015,20.5
"FL",2019,20.5
"VA",2019,20.5
"DE",2015,20.5
"OH",2019,20.5
"OK",2019,20.5
"SD",2019,20.5
"DE",2011,20.5
"WY",2013,20.5
"NH",2019,20.5
"ND",2019,20.5
"NV",2019,20.5
"SC",2019,20.5
"MA",2019,20.5
"AK",2013,20.5
"UT",2011,20.5
"ME",2013,20.5
"ME",2011,20.5
"OR",2013,20.5
"VA",2013,20.5
"AK",2013,20.5
"CT",2015,20.5
"MN",2011,20.5
"GA",2013,20.5
"LA",2013,20.5
"OK",2015,20.5
"CT",2013,20.5
"TX",2015,20.5
"RI",2011,20.5
"KY",2015,20.5
"MN",2013,20.5
"ID",2013,20.5
"MS",2017,20.6
"UT",2017,20.6
"FL",2017,20.6
"MO",2017,20.6
"GA",2011,20.6
"MA",2015,20.6
"CA",2013,20.6
"IN",2011,20.6
"WY",2011,20.6
"FL",2011,20.6
"MD",2011,20.6
"CA",2015,20.6
"WY",2011,20.6
"VA",2017,20.6
"MT",2011,20.6
"NJ",2017,20.6
"WI",2017,20.6
"NH",2017,20.6
"LA",2019,20.6
"PA",2019,20.6
"MN",2013,20.6
"DE",2019,20.6
"ME",2011,20.6
"HI",2019,20.6
"WY",2019,20.6
"IL",2013,20.6
"NE",2019,20.6
"DE",2019,20.6
"KS",2019,20.6
"IA",2015,20.6
"MI",2011,20.6
"MA",2011,20.6
"VA",2013,20.6
"UT",2015,20.6
"RI",2015,20.6
"VT",2011,20.6
"ID",2013,20.6
"MS",2011,20.6
"DE",2015,20.6
"MO",2015,20.6
"NY",2013,20.6
"NY",2011,20.6
"LA",2013,20.6
"OH",2011,20.6
"MD",2013,20.6
"IL",2013,20.6
"MD",2017,20.7
"TX",2017,20.7
"CT",2017,20.7
"NM",2015,20.7
"MD",2017,20.7
"NH",2017,20.7
"RI",2017,20.7
"GA",2017,20.7
"MN",2017,20.7
"KS",2017,20.7
"FL",2017,20.7
"UT",2015,20.7
"AK",2015,20.7
"ID",2013,20.7
"MN",2015,20.7
"VA",2015,20.7
"LA",2013,20.7
"TN",2015,20.7
"AK",2011,20.7
"AR",2013,20.7
"SC",2017,20.7
"CA",2017,20.7
"ND",2019,20.7
"NV",2019,20.7
"AL",2013,20.7
"MN",2015,20.7
"OR",2019,20.7
"NJ",2011,20.7
"NE",2011,20.7
"NC",2019,20.7
"GA",2011,20.7
"HI",2015,20.7
"OH",2015,20.7
"GA",2011,20.7
"CO",2013,20.7
"WA",2011,20.7
"FL",2011,20.7
"OR",2013,20.7
"RI",2013,20.7
"PA",2013,20.7
"WY",2013,20.7
"OH",2015,20.7
"MD",2013,20.7
"OH",2015,20.7
"MD",2013,20.7
"SD",2017,20.8
"OK",2017,20.8
"MO",2017,20.8
"OK",2017,20.8
"NY",2017,20.8
"IL",2011,20.8
"TX",2011,20.8
"MA",2017,20.8
"AR",2017,20.8
"PA",2017,20.8
"OR",2017,20.8
"WI",2011,20.8
"FL",2017,20.8
"MA",2013,20.8
"AK",2017,20.8
"MN",2017,20.8
"KY",2011,20.8
"IA",2019,20.8
"NY",2019,20.8
"CA",2019,20.8
"WA",2019,20.8
"AR",2019,20.8
"IL",2019,20.8
"KS",2019,20.8
"CT",2011,20.8
"PA",2019,20.8
"ME",2013,20.8
"NJ",2015,20.8
"CT",2019,20.8
"CT",2019,20.8
"WI",2019,20.8
"ND",2019,20.8
"AL",2019,20.8
"HI",2011,20.8
"UT",2011,20.8
"GA",2011,20.8
"CT",2013,20.8
"SD",2011,20.8
"WY",2013,20.8
"SD",2013,20.8
"MA",2017,20.9
"SD",2017,20.9
"ME",2017,20.9
"RI",2017,20.9
"PA",2017,20.9
"MD",2011,20.9
"OR",2015,20.9
"PA",2011,20.9
"WY",2011,20.9
"MN",2013,20.9
"WA",2013,20.9
"LA",2015,20.9
"IA",2015,20.9
"PA",2017,20.9
"MN",2011,20.9
"OR",2017,20.9
"KS",2015,20.9
"ND",2017,20.9
"WI",2013,20.9
"WI",2017,20.9
"NC",2015,20.9
"MA",2013,20.9
"TX",2019,20.9
"VA",2019,20.9
"NV",2019,20.9
"MI",2019,20.9
"CA",2019,20.9
"MS",2019,20.9
"TX",2019,20.9
"NE",2019,20.9
"LA",2015,20.9
"CT",2015,20.9
"NE",2019,20.9
"OH",2019,20.9
"WA",2019,20.9
"TN",2019,20.9
"KS",2019,20.9
"KS",2015,20.9
"WI",2013,20.9
"ID",2013,20.9
"OK",2015,20.9
"MN",2013,20.9
"AZ",2015,20.9
"CO",2013,20.9
"DE",2015,20.9
"NJ",2015,20.9
"CO",2015,20.9
"UT",2011,20.9
"NJ",2017,21
"NM",2017,21
"NE",2017,21
"NM",2017,21
"DE",2017,21
"KS",2015,21
"SC",2015,21
"WI",2013,21
"GA",2017,21
"RI",2015,21
"NY",2015,21
"UT",2017,21
"CA",2015,21
"GA",2017,21
"AK",2017,21
"RI",2015,21
"ID",2019,21
"SC",2019,21
"TN",2019,21
"ME",2013,21
"NE",2019,21
"SD",2019,21
"IL",2019,21
"DE",2019,21
"IL",2019,21
"NJ",2015,21
"MI",2015,21
"VT",2011,21
"DE",2013,21
"MN",2011,21
"OR",2015,21
"ND",2013,21
"NH",2015,21
"LA",2011,21
"OR",2015,21
"HI",2011,21
"NM",2015,21
"NJ",2015,21
"WA",2015,21
"CO",2011,21
"HI",2011,21
"CT",2015,21
"SC",2011,21
"MT",2015,21
"WA",2011,21
"NC",2013,21
"HI",2013,21
"WA",2013,21
"MS",2017,21.1
"CA",2017,21.1
"NE",2017,21.1
"MT",2017,21.1
"MI",2017,21.1
"OR",2017,21.1
"FL",2017,21.1
"NJ",2013,21.1
"WA",2011,21.1
"MO",2015,21.1
"VA",2013,21.1
"OR",2015,21.1
"KY",2011,21.1
"NH",2017,21.1
"CO",2013,21.1
"NH",2017,21.1
"OR",2017,21.1
"NC",2017,21.1
"MT",2017,21.1
"NJ",2013,21.1
"IN",2019,21.1
"AL",2019,21.1
"IN",2019,21.1
"DE",2019,21.1
"SD",2019,21.1
"WI",2019,21.1
"OR",2019,21.1
"HI",2015,21.1
"NE",2019,21.1
"IL",2019,21.1
"KY",2019,21.1
"MI",2019,21.1
"HI",2019,21.1
"NV",2013,21.1
"MS",2013,21.1
"OK",2013,21.1
"OH",2011,21.1
"MT",2011,21.1
"UT",2011,21.1
"CA",2013,21.1
"AK",2013,21.1
"IL",2013,21.1
"IN",2013,21.1
"WI",2011,21.1
"CO",2015,21.1
"CA",2011,21.1
"AR",2015,21.1
"FL",2011,21.1
"PA",2015,21.1
"NY",2017,21.2
"NY",2015,21.2
"MD",2017,21.2
"CO",2017,21.2
"OR",2017,21.2
"SC",2017,21.2
"MN",2013,21.2
"WV",2011,21.2
"DE",2013,21.2
"DE",2013,21.2
"KY",2011,21.2
"KS",2017,21.2
"LA",2013,21.2
"UT",2011,21.2
"OH",2017,21.2
"WI",2017,21.2
"SC",2017,21.2
"DE",2017,21.2
"MN",2015,21.2
"SC",2017,21.2
"WA",2017,21.2
"KS",2019,21.2
"CT",2013,21.2
"IL",2019,21.2
"ID",2019,21.2
"ME",2013,21.2
"NY",2019,21.2
"WV",2019,21.2
"MT",2019,21.2
"SD",2019,21.2
"MA",2013,21.2
"NV",2019,21.2
"CA",2011,21.2
"WA",2019,21.2
"MN",2013,21.2
"AZ",2013,21.2
"VA",2013,21.2
"OH",2011,21.2
"KS",2015,21.2
"OR",2015,21.2
"HI",2011,21.2
"WA",2011,21.2
"CA",2015,21.2
"MA",2013,21.2
"ID",2015,21.2
"MN",2011,21.2
"WA",2013,21.2
"CT",2015,21.2
"AL",2011,21.2
"MO",2015,21.2
"WA",2011,21.2
"UT",2015,21.2
"MI",2015,21.2
"MI",2013,21.2
"SD",2011,21.2
"AR",2015,21.2
"WY",2011,21.2
"NV",2017,21.3
"ND",2017,21.3
"IL",2017,21.3
"OR",2015,21.3
"MA",2011,21.3
"UT",2011,21.3
"SD",2015,21.3
"MT",2011,21.3
"MA",2015,21.3
"VT",2011,21.3
"UT",2015,21.3
"CA",2013,21.3
"ME",2013,21.3
"AK",2015,21.3
"NJ",2017,21.3
"WA",2017,21.3
"MT",2013,21.3
"UT",2013,21.3
"NH",2013,21.3
"ID",2015,21.3
"OH",2019,21.3
"FL",2013,21.3
"TN",2019,21.3
"NH",2015,21.3
"SC",2019,21.3
"NV",2011,21.3
"CT",2019,21.3
"RI",2019,21.3
"IA",2019,21.3
"MA",2015,21.3
"VA",2019,21.3
"WA",2013,21.3
"CO",2019,21.3
"MA",2011,21.3
"RI",2019,21.3
"CA",2019,21.3
"SC",2015,21.3
"NM",2015,21.3
"NM",2013,21.3
"ND",2013,21.3
"WA",2011,21.3
"TX",2013,21.3
"NH",2013,21.3
"OH",2013,21.3
"NJ",2015,21.3
"IL",2015,21.3
"ID",2015,21.3
"LA",2015,21.3
"IL",2013,21.3
"NM",2015,21.3
"GA",2015,21.3
"CT",2015,21.3
"WY",2011,21.3
"OH",2015,21.3
"NY",2017,21.4
"WI",2017,21.4
"VT",2017,21.4
"NH",2017,21.4
"NM",2015,21.4
"ID",2013,21.4
"RI",2015,21.4
"MA",2013,21.4
"ME",2011,21.4
"NJ",2017,21.4
"NH",2017,21.4
"WI",2011,21.4
"SC",2011,21.4
"OR",2019,21.4
"IN",2011,21.4
"VA",2019,21.4
"MN",2019,21.4
"MT",2013,21.4
"GA",2019,21.4
"VT",2011,21.4
"RI",2015,21.4
"FL",2011,21.4
"OH",2011,21.4
"NH",2011,21.4
"SD",2013,21.4
"OR",2011,21.4
"CA",2015,21.4
"MI",2015,21.4
"MN",2011,21.4
"MN",2015,21.4
"MN",2013,21.4
"AR",2015,21.4
"IA",2011,21.4
"TX",2011,21.4
"IL",2015,21.4
"TX",2013,21.4
"DE",2015,21.4
"OK",2011,21.4
"CT",2017,21.5
"MD",2017,21.5
"OH",2017,21.5
"MD",2017,21.5
"HI",2017,21.5
"RI",2017,21.5
"NM",2015,21.5
"MI",2011,21.5
"PA",2011,21.5
"IL",2017,21.5
"KY",2017,21.5
"CA",2017,21.5
"AK",2017,21.5
"CA",2011,21.5
"IL",2019,21.5
"OH",2015,21.5
"UT",2019,21.5
"FL",2019,21.5
"NE",2019,21.5
"LA",2019,21.5
"UT",2019,21.5
"MI",2019,21.5
"ID",2019,21.5
"DE",2019,21.5
"NE",2019,21.5
"KS",2019,21.5
"MA",2019,21.5
"MT",2015,21.5
"GA",2013,21.5
"AK",2015,21.5
"AK",2015,21.5
"MN",2015,21.5
"GA",2015,21.5
"NC",2011,21.5
"AR",2011,21.5
"WA",2015,21.5
"NY",2011,21.5
"NC",2015,21.5
"RI",2011,21.5
"DE",2011,21.5
"CO",2015,21.5
"WI",2015,21.5
"NH",2017,21.6
"ND",2017,21.6
"WV",2017,21.6
"IL",2017,21.6
"MD",2017,21.6
"MA",2017,21.6
"NH",2011,21.6
"CT",2015,21.6
"ID",2011,21.6
"NJ",2013,21.6
"MI",2015,21.6
"MD",2013,21.6
"DE",2015,21.6
"WY",2013,21.6
"VT",2011,21.6
"VT",2015,21.6
"SC",2013,21.6
"UT",2013,21.6
"HI",2011,21.6
"NH",2017,21.6
"IL",2017,21.6
"AZ",2015,21.6
"AK",2011,21.6
"AZ",2019,21.6
"NC",2019,21.6
"WA",2019,21.6
"NC",2019,21.6
"ND",2015,21.6
"CA",2019,21.6
"CA",2013,21.6
"AK",2015,21.6
"TX",2011,21.6
"SC",2015,21.6
"MT",2015,21.6
"HI",2015,21.6
"ID",2015,21.6
"NM",2011,21.6
"RI",2015,21.6
"ID",2011,21.6
"MI",2011,21.6
"AZ",2015,21.6
"PA",2011,21.6
"NE",2011,21.6
"ID",2011,21.6
"WV",2011,21.6
"CA",2017,21.7
"OK",2017,21.7
"AZ",2017,21.7
"CT",2017,21.7
"MI",2017,21.7
"WI",2017,21.7
"MI",2017,21.7
"HI",2017,21.7
"OR",2017,21.7
"VA",2017,21.7
"AK",2017,21.7
"VT",2015,21.7
"VT",2011,21.7
"OH",2013,21.7
"NE",2015,21.7
"WI",2015,21.7
"KY",2011,21.7
"MN",2013,21.7
"MN",2011,21.7
"VT",2015,21.7
"MO",2017,21.7
"WV",2017,21.7
"WV",2019,21.7
"RI",2015,21.7
"ND",2019,21.7
"HI",2013,21.7
"KY",2019,21.7
"NV",2011,21.7
"SC",2013,21.7
"CT",2019,21.7
"PA",2019,21.7
"NJ",2015,21.7
"VA",2019,21.7
"IN",2019,21.7
"PA",2019,21.7
"AK",2011,21.7
"NV",2015,21.7
"ID",2019,21.7
"UT",2013,21.7
"MA",2011,21.7
"SC",2011,21.7
"MN",2011,21.7
"HI",2013,21.7
"MT",2013,21.7
"VT",2013,21.7
"NM",2011,21.7
"FL",2015,21.7
"NC",2013,21.7
"WY",2011,21.7
"FL",2013,21.7
"CA",2011,21.7
"MT",2011,21.7
"WA",2011,21.7
"NJ",2011,21.7
"AR",2011,21.7
"PA",2017,21.8
"NC",2017,21.8
"WA",2017,21.8
"WA",2017,21.8
"NJ",2013,21.8
"PA",2013,21.8
"LA",2013,21.8
"IL",2017,21.8
"VT",2017,21.8
"VA",2017,21.8
"NH",2017,21.8
"DE",2017,21.8
"NH",2017,21.8
"PA",2019,21.8
"UT",2013,21.8
"RI",2019,21.8
"MN",2015,21.8
"CA",2019,21.8
"IN",2019,21.8
"LA",2019,21.8
"NE",2015,21.8
"TN",2019,21.8
"SC",2019,21.8
"VA",2019,21.8
"MI",2019,21.8
"AR",2019,21.8
"LA",2019,21.8
"SD",2019,21.8
"RI",2019,21.8
"ID",2011,21.8
"AK",2019,21.8
"CT",2019,21.8
"SC",2019,21.8
"ME",2019,21.8
"NJ",2013,21.8
"NH",2011,21.8
"CT",2013,21.8
"MN",2015,21.8
"LA",2015,21.8
"NJ",2015,21.8
"CO",2015,21.8
"DE",2011,21.8
"AZ",2015,21.8
"RI",2013,21.8
"MT",2011,21.8
"MT",2011,21.8
"MD",2013,21.8
"CT",2011,21.8
"WA",2015,21.8
"HI",2015,21.8
"MN",2013,21.8
"NM",2017,21.9
"MN",2017,21.9
"OK",2017,21.9
"MO",2017,21.9
"MA",2017,21.9
"MN",2017,21.9
"MT",2011,21.9
"DE",2013,21.9
"AK",2015,21.9
"MD",2011,21.9
"IL",2011,21.9
"VA",2015,21.9
"NM",2017,21.9
"AK",2017,21.9
"TX",2011,21.9
"KS",2017,21.9
"NJ",2017,21.9
"WV",2011,21.9
"MN",2019,21.9
"CT",2019,21.9
"WI",2013,21.9
"AK",2013,21.9
"SC",2019,21.9
"OR",2019,21.9
"KS",2019,21.9
"WA",2013,21.9
"NY",2019,21.9
"VT",2019,21.9
"VT",2019,21.9
"KS",2015,21.9
"WV",2015,21.9
"WI",2013,21.9
"CT",2011,21.9
"TX",2011,21.9
"OH",2013,21.9
"MT",2015,21.9
"VT",2011,21.9
"WI",2011,21.9
"OH",2011,21.9
"FL",2011,21.9
"NH",2011,21.9
"AL",2015,21.9
"MT",2011,21.9
"MD",2015,21.9
"OK",2017,22
"MT",2017,22
"MD",2017,22
"MS",2017,22
"WI",2017,22
"MN",2015,22
"WY",2011,22
"AZ",2011,22
"MN",2013,22
"CT",2011,22
"NC",2015,22
"NJ",2015,22
"GA",2017,22
"MO",2013,22
"HI",2019,22
"CT",2011,22
"WI",2019,22
"ID",2013,22
"OH",2019,22
"IL",2011,22
"MO",2019,22
"MD",2019,22
"TX",2019,22
"TN",2011,22
"IL",2013,22
"NV",2013,22
"ID",2011,22
"AZ",2013,22
"NV",2011,22
"MA",2013,22
"CO",2011,22
"PA",2017,22.1
"UT",2017,22.1
"AK",2017,22.1
"VA",2017,22.1
"AZ",2017,22.1
"NH",2017,22.1
"VA",2017,22.1
"AL",2017,22.1
"UT",2011,22.1
"CT",2013,22.1
"RI",2011,22.1
"VA",2015,22.1
"AL",2015,22.1
"NE",2015,22.1
"VT",2011,22.1
"NJ",2017,22.1
"ID",2017,22.1
"NV",2017,22.1
"WY",2017,22.1
"MT",2017,22.1
"MO",2011,22.1
"UT",2019,22.1
"MT",2013,22.1
"TN",2019,22.1
"MI",2019,22.1
"CT",2019,22.1
"AZ",2015,22.1
"MI",2019,22.1
"GA",2015,22.1
"NY",2011,22.1
"IL",2019,22.1
"CA",2019,22.1
"WI",2019,22.1
"NY",2015,22.1
"FL",2019,22.1
"AR",2019,22.1
"NM",2019,22.1
"WV",2013,22.1
"NC",2019,22.1
"MA",2013,22.1
"CA",2013,22.1
"FL",2013,22.1
"CO",2015,22.1
"CT",2011,22.1
"DE",2015,22.1
"NJ",2013,22.1
"CO",2015,22.1
"FL",2011,22.1
"ME",2011,22.1
"MI",2013,22.1
"NC",2011,22.1
"MD",2017,22.2
"ID",2017,22.2
"CT",2017,22.2
"VA",2017,22.2
"OR",2017,22.2
"VT",2017,22.2
"RI",2011,22.2
"UT",2013,22.2
"NY",2011,22.2
"MI",2011,22.2
"HI",2017,22.2
"RI",2015,22.2
"AL",2017,22.2
"AK",2011,22.2
"NV",2019,22.2
"GA",2013,22.2
"IL",2019,22.2
"NC",2019,22.2
"MA",2019,22.2
"AZ",2013,22.2
"LA",2019,22.2
"KY",2019,22.2
"VA",2019,22.2
"IN",2019,22.2
"NV",2019,22.2
"AZ",2019,22.2
"WY",2019,22.2
"NY",2015,22.2
"LA",2011,22.2
"ID",2015,22.2
"AL",2015,22.2
"GA",2011,22.2
"VA",2015,22.2
"VA",2015,22.2
"OR",2011,22.2
"IN",2015,22.2
"NJ",2015,22.2
"FL",2011,22.2
"MA",2015,22.2
"LA",2013,22.2
"OR",2017,22.3
"OH",2017,22.3
"PA",2017,22.3
"ME",2017,22.3
"FL",2017,22.3
"CO",2017,22.3
"OR",2017,22.3
"OK",2013,22.3
"VA",2015,22.3
"ME",2015,22.3
"AK",2011,22.3
"NY",2013,22.3
"NM",2015,22.3
"UT",2011,22.3
"MO",2013,22.3
"MA",2013,22.3
"IL",2017,22.3
"CA",2015,22.3
"CA",2017,22.3
"NJ",2011,22.3
"IL",2017,22.3
"UT",2017,22.3
"GA",2017,22.3
"NM",2011,22.3
"OR",2017,22.3
"GA",2017,22.3
"TX",2015,22.3
"PA",2013,22.3
"MA",2015,22.3
"CT",2011,22.3
"NY",2019,22.3
"ID",2011,22.3
"CO",2019,22.3
"MD",2015,22.3
"CA",2019,22.3
"TX",2019,22.3
"WY",2019,22.3
"TX",2011,22.3
"TN",2019,22.3
"HI",2019,22.3
"NY",2019,22.3
"CA",2011,22.3
"RI",2013,22.3
"AL",2015,22.3
"NM",2013,22.3
"NM",2011,22.3
"PA",2013,22.3
"GA",2013,22.3
"NH",2011,22.3
"HI",2015,22.3
"LA",2013,22.3
"WI",2011,22.3
"IL",2011,22.3
"DE",2017,22.4
"MA",2017,22.4
"AK",2017,22.4
"FL",2017,22.4
"NY",2017,22.4
"WI",2015,22.4
"ID",2011,22.4
"DE",2011,22.4
"NY",2015,22.4
"KY",2013,22.4
"CT",2011,22.4
"NM",2017,22.4
"NJ",2017,22.4
"AK",2017,22.4
"OH",2011,22.4
"VT",2017,22.4
"VT",2019,22.4
"IL",2019,22.4
"NC",2019,22.4
"MD",2019,22.4
"NY",2019,22.4
"MD",2013,22.4
"CA",2019,22.4
"NJ",2013,22.4
"WI",2019,22.4
"GA",2019,22.4
"NH",2015,22.4
"SD",2015,22.4
"ID",2015,22.4
"IN",2015,22.4
"UT",2013,22.4
"MD",2015,22.4
"WI",2011,22.4
"ME",2011,22.4
"MN",2015,22.4
"VT",2013,22.4
"ND",2015,22.4
"NM",2015,22.4
"NH",2013,22.4
"WA",2011,22.4
"WV",2013,22.4
"NH",2011,22.4
"FL",2013,22.4
"MD",2017,22.5
"AR",2017,22.5
"CA",2017,22.5
"CA",2017,22.5
"CO",2017,22.5
"WY",2011,22.5
"MS",2013,22.5
"VT",2015,22.5
"DE",2013,22.5
"MD",2017,22.5
"OH",2013,22.5
"UT",2011,22.5
"MN",2015,22.5
"MS",2019,22.5
"CA",2013,22.5
"MI",2019,22.5
"PA",2019,22.5
"MI",2019,22.5
"KY",2013,22.5
"CA",2019,22.5
"TX",2011,22.5
"IN",2015,22.5
"WA",2013,22.5
"WA",2013,22.5
"MO",2011,22.5
"UT",2013,22.5
"UT",2011,22.5
"IL",2013,22.5
"FL",2015,22.5
"WI",2017,22.6
"VA",2013,22.6
"NM",2017,22.6
"HI",2017,22.6
"AZ",2017,22.6
"MO",2017,22.6
"HI",2017,22.6
"CO",2017,22.6
"CA",2017,22.6
"NY",2013,22.6
"FL",2011,22.6
"CT",2017,22.6
"MS",2017,22.6
"VT",2017,22.6
"WY",2017,22.6
"NY",2013,22.6
"VT",2015,22.6
"VA",2013,22.6
"AR",2011,22.6
"TN",2019,22.6
"CA",2019,22.6
"GA",2015,22.6
"OH",2019,22.6
"OH",2011,22.6
"GA",2013,22.6
"OR",2015,22.6
"WY",2015,22.6
"CO",2011,22.6
"MS",2013,22.6
"GA",2011,22.6
"VT",2013,22.6
"AR",2013,22.6
"MA",2011,22.6
"HI",2013,22.6
"FL",2013,22.6
"OH",2013,22.6
"RI",2013,22.6
"OR",2013,22.6
"OR",2013,22.6
"AL",2011,22.6
"IL",2015,22.6
"OK",2013,22.6
"MO",2015,22.6
"NV",2011,22.6
"CT",2013,22.6
"MS",2015,22.6
"UT",2013,22.6
"VT",2017,22.7
"AZ",2017,22.7
"CA",2017,22.7
"VT",2015,22.7
"NJ",2017,22.7
"MA",2017,22.7
"VT",2015,22.7
"AZ",2015,22.7
"CT",2011,22.7
"LA",2015,22.7
"CA",2011,22.7
"KS",2013,22.7
"AZ",2017,22.7
"OR",2015,22.7
"NC",2013,22.7
"NE",2019,22.7
"OR",2019,22.7
"VA",2019,22.7
"CT",2011,22.7
"SC",2019,22.7
"WA",2019,22.7
"HI",2013,22.7
"CO",2019,22.7
"ND",2019,22.7
"MI",2019,22.7
"IL",2019,22.7
"OR",2019,22.7
"SD",2019,22.7
"MI",2019,22.7
"NY",2019,22.7
"MO",2011,22.7
"AL",2015,22.7
"VT",2011,22.7
"SD",2015,22.7
"UT",2015,22.7
"UT",2011,22.7
"NH",2013,22.7
"ME",2011,22.7
"MD",2013,22.7
"NY",2011,22.7
"VA",2011,22.7
"CA",2011,22.7
"VA",2011,22.7
"NH",2013,22.7
"WA",2015,22.7
"IA",2017,22.8
"CT",2017,22.8
"CA",2017,22.8
"WY",2017,22.8
"IL",2017,22.8
"CT",2017,22.8
"ID",2017,22.8
"KS",2011,22.8
"SC",2013,22.8
"KY",2013,22.8
"DE",2017,22.8
"VT",2013,22.8
"AR",2019,22.8
"NC",2019,22.8
"TN",2019,22.8
"DE",2019,22.8
"ND",2019,22.8
"SD",2019,22.8
"SC",2019,22.8
"MD",2019,22.8
"WA",2019,22.8
"WY",2019,22.8
"MD",2019,22.8
"VA",2011,22.8
"AZ",2013,22.8
"NH",2015,22.8
"AK",2015,22.8
"SC",2015,22.8
"MT",2013,22.8
"PA",2015,22.8
"AZ",2013,22.8
"AZ",2017,22.9
"MA",2017,22.9
"OR",2017,22.9
"MD",2015,22.9
"WA",2011,22.9
"MS",2013,22.9
"WY",2015,22.9
"AL",2015,22.9
"AR",2015,22.9
"OR",2013,22.9
"WV",2015,22.9
"MA",2017,22.9
"AZ",2017,22.9
"WA",2017,22.9
"IN",2019,22.9
"MA",2019,22.9
"MT",2019,22.9
"FL",2015,22.9
"AK",2019,22.9
"GA",2019,22.9
"HI",2019,22.9
"MA",2019,22.9
"CA",2015,22.9
"IN",2013,22.9
"VT",2013,22.9
"AZ",2013,22.9
"SD",2013,22.9
"NH",2015,22.9
"WA",2011,22.9
"SC",2011,22.9
"NV",2017,23
"TN",2017,23
"WY",2017,23
"MT",2017,23
"UT",2017,23
"NJ",2017,23
"CT",2015,23
"WA",2013,23
"SD",2013,23
"CO",2011,23
"ND",2011,23
"VT",2017,23
"HI",2017,23
"NM",2017,23
"PA",2019,23
"IN",2019,23
"NY",2019,23
"LA",2019,23
"RI",2019,23
"MN",2019,23
"ME",2011,23
"OR",2019,23
"UT",2019,23
"WY",2019,23
"NV",2015,23
"NC",2019,23
"VA",2019,23
"NM",2019,23
"WA",2019,23
"SC",2019,23
"IL",2013,23
"AR",2011,23
"VT",2013,23
"NH",2011,23
"MT",2015,23
"WA",2015,23
"CO",2013,23
"NM",2015,23
"CO",2013,23
"MA",2015,23
"VA",2013,23
"ID",2017,23.1
"VA",2017,23.1
"NM",2013,23.1
"NM",2013,23.1
"OK",2011,23.1
"UT",2011,23.1
"NH",2011,23.1
"WA",2017,23.1
"ID",2019,23.1
"ID",2019,23.1
"MO",2019,23.1
"ID",2011,23.1
"MD",2019,23.1
"ND",2019,23.1
"KS",2011,23.1
"HI",2019,23.1
"VT",2011,23.1
"NJ",2011,23.1
"NH",2015,23.1
"VA",2015,23.1
"AK",2011,23.1
"AZ",2011,23.1
"FL",2011,23.1
"NV",2015,23.1
"MD",2015,23.1
"WI",2011,23.1
"UT",2015,23.1
"NV",2015,23.1
"NM",2017,23.2
"PA",2017,23.2
"WV",2017,23.2
"NE",2013,23.2
"NV",2013,23.2
"IL",2013,23.2
"MT",2013,23.2
"NH",2015,23.2
"AL",2011,23.2
"MD",2011,23.2
"NM",2017,23.2
"DE",2017,23.2
"MN",2019,23.2
"WY",2013,23.2
"PA",2019,23.2
"SD",2019,23.2
"OR",2019,23.2
"AL",2019,23.2
"NE",2015,23.2
"SC",2019,23.2
"VA",2015,23.2
"CA",2015,23.2
"MI",2019,23.2
"MI",2013,23.2
"IN",2011,23.2
"MO",2013,23.2
"UT",2015,23.2
"IL",2015,23.2
"OH",2011,23.2
"NC",2013,23.2
"NY",2015,23.2
"VA",2011,23.2
"WY",2015,23.2
"CA",2015,23.2
"OK",2015,23.3
"AL",2017,23.3
"DE",2017,23.3
"DE",2017,23.3
"AK",2017,23.3
"KY",2017,23.3
"ID",2017,23.3
"UT",2011,23.3
"TX",2013,23.3
"WY",2017,23.3
"HI",2013,23.3
"PA",2015,23.3
"HI",2017,23.3
"KS",2017,23.3
"TX",2017,23.3
"WA",2017,23.3
"NM",2017,23.3
"NE",2015,23.3
"MI",2019,23.3
"KY",2019,23.3
"MI",2019,23.3
"NJ",2011,23.3
"AL",2019,23.3
"MN",2019,23.3
"MA",2011,23.3
"WV",2019,23.3
"CO",2019,23.3
"MD",2013,23.3
"NV",2019,23.3
"AR",2019,23.3
"MN",2019,23.3
"VA",2019,23.3
"NM",2019,23.3
"TN",2019,23.3
"MT",2013,23.3
"IL",2011,23.3
"ME",2013,23.3
"MA",2011,23.3
"OR",2011,23.3
"WV",2013,23.3
"OR",2011,23.3
"NM",2011,23.3
"AR",2013,23.3
"IL",2015,23.3
"NE",2015,23.3
"HI",2015,23.3
"ID",2017,23.4
"ID",2017,23.4
"TX",2017,23.4
"ND",2011,23.4
"MA",2011,23.4
"AL",2015,23.4
"MO",2013,23.4
"IA",2013,23.4
"GA",2017,23.4
"DE",2011,23.4
"WI",2011,23.4
"KY",2015,23.4
"IL",2019,23.4
"ME",2019,23.4
"GA",2019,23.4
"TX",2019,23.4
"GA",2019,23.4
"NH",2019,23.4
"GA",2019,23.4
"SC",2019,23.4
"HI",2019,23.4
"IA",2019,23.4
"TX",2019,23.4
"OR",2015,23.4
"IL",2019,23.4
"NC",2019,23.4
"IN",2019,23.4
"MT",2011,23.4
"CT",2015,23.4
"OR",2011,23.4
"MD",2013,23.4
"WI",2011,23.4
"AZ",2015,23.4
"WY",2015,23.4
"VT",2013,23.4
"NY",2013,23.4
"ME",2013,23.4
"MT",2013,23.4
"MI",2015,23.4
"WI",2015,23.4
"VT",2011,23.4
"NM",2015,23.4
"IL",2017,23.5
"IN",2017,23.5
"CO",2017,23.5
"SD",2017,23.5
"CT",2017,23.5
"WA",2017,23.5
"NC",2015,23.5
"OR",2011,23.5
"IN",2017,23.5
"MT",2015,23.5
"NM",2015,23.5
"MI",2019,23.5
"AZ",2019,23.5
"ID",2015,23.5
"SD",2019,23.5
"AL",2019,23.5
"NY",2019,23.5
"NV",2013,23.5
"NM",2019,23.5
"MN",2019,23.5
"MT",2011,23.5
"WI",2019,23.5
"NH",2013,23.5
"RI",2019,23.5
"NJ",2011,23.5
"CO",2019,23.5
"MA",2013,23.5
"CO",2011,23.5
"GA",2013,23.5
"NH",2015,23.5
"MD",2013,23.5
"FL",2011,23.5
"WY",2013,23.5
"NY",2011,23.5
"TX",2011,23.5
"TN",2015,23.5
"MA",2013,23.5
"NM",2015,23.5
"SD",2015,23.5
"MO",2015,23.5
"MA",2013,23.5
"UT",2013,23.5
"UT",2017,23.6
"SD",2017,23.6
"OK",2017,23.6
"HI",2017,23.6
"HI",2015,23.6
"AR",2011,23.6
"VT",2017,23.6
"FL",2017,23.6
"MA",2017,23.6
"AK",2017,23.6
"IL",2019,23.6
"MD",2019,23.6
"DE",2019,23.6
"NH",2019,23.6
"WI",2019,23.6
"TX",2019,23.6
"AK",2019,23.6
"AK",2015,23.6
"NE",2011,23.6
"NE",2019,23.6
"VT",2015,23.6
"NC",2019,23.6
"UT",2019,23.6
"NH",2011,23.6
"KS",2013,23.6
"ND",2011,23.6
"IN",2015,23.6
"UT",2015,23.6
"MA",2011,23.6
"KY",2011,23.6
"WA",2017,23.7
"AR",2017,23.7
"VT",2017,23.7
"WY",2015,23.7
"NJ",2011,23.7
"WY",2017,23.7
"WA",2013,23.7
"UT",2017,23.7
"TX",2017,23.7
"WI",2019,23.7
"SD",2019,23.7
"MO",2019,23.7
"MI",2019,23.7
"RI",2019,23.7
"MI",2019,23.7
"CT",2019,23.7
"DE",2011,23.7
"MO",2019,23.7
"UT",2013,23.7
"MA",2019,23.7
"OR",2011,23.7
"CT",2013,23.7
"UT",2019,23.7
"AZ",2019,23.7
"VT",2015,23.7
"AZ",2013,23.7
"DE",2013,23.7
"WA",2015,23.7
"NY",2011,23.7
"CA",2013,23.7
"NE",2013,23.7
"NV",2011,23.7
"CA",2011,23.7
"TX",2013,23.7
"IL",2015,23.7
"IL",2015,23.7
"NM",2015,23.7
"OK",2011,23.7
"HI",2011,23.7
"KS",2011,23.7
"KY",2017,23.8
"CT",2017,23.8
"NC",2017,23.8
"MN",2017,23.8
"ID",2013,23.8
"NH",2011,23.8
"NC",2015,23.8
"UT",2017,23.8
"ID",2017,23.8
"UT",2011,23.8
"VA",2019,23.8
"OR",2019,23.8
"MN",2019,23.8
"FL",2019,23.8
"DE",2019,23.8
"MA",2019,23.8
"WA",2019,23.8
"OH",2019,23.8
"IA",2011,23.8
"NJ",2013,23.8
"AZ",2011,23.8
"OR",2013,23.8
"HI",2013,23.8
"KY",2011,23.8
"HI",2013,23.8
"NV",2013,23.8
"CO",2013,23.8
"CO",2017,23.9
"OR",2017,23.9
"AZ",2017,23.9
"WY",2011,23.9
"VT",2013,23.9
"VA",2015,23.9
"CT",2013,23.9
"NH",2015,23.9
"AZ",2013,23.9
"CA",2017,23.9
"WY",2015,23.9
"UT",2017,23.9
"IN",2019,23.9
"CO",2019,23.9
"WA",2013,23.9
"WY",2019,23.9
"OR",2019,23.9
"SC",2019,23.9
"AZ",2019,23.9
"VA",2019,23.9
"NY",2019,23.9
"AK",2013,23.9
"MO",2013,23.9
"VA",2015,23.9
"KS",2015,23.9
"NV",2013,23.9
"CO",2013,23.9
"TX",2015,23.9
"IL",2013,23.9
"CA",2011,23.9
"ME",2013,23.9
"MA",2011,23.9
"NY",2013,23.9
"WA",2013,23.9
"ND",2011,23.9
"MT",2015,23.9
"CO",2015,23.9
"AK",2015,23.9
"CO",2011,23.9
"CO",2013,24
"NJ",2013,24
"NV",2011,24
"OH",2017,24
"MO",2015,24
"CT",2015,24
"NC",2019,24
"AZ",2019,24
"VA",2019,24
"MT",2019,24
"HI",2019,24
"AZ",2015,24
"MD",2019,24
"NC",2019,24
"WI",2019,24
"SD",2019,24
"KY",2015,24
"IL",2019,24
"UT",2011,24
"WY",2015,24
"SC",2015,24
"MI",2015,24
"NE",2015,24
"MN",2011,24
"MA",2011,24
"WI",2013,24
"OR",2015,24
"KS",2017,24.1
"WA",2015,24.1
"IN",2011,24.1
"WA",2017,24.1
"MA",2011,24.1
"AR",2019,24.1
"OH",2019,24.1
"OH",2019,24.1
"NM",2013,24.1
"MD",2019,24.1
"RI",2019,24.1
"AK",2019,24.1
"MD",2019,24.1
"SD",2019,24.1
"GA",2019,24.1
"RI",2011,24.1
"CO",2019,24.1
"NH",2013,24.1
"AR",2019,24.1
"CO",2015,24.1
"NY",2019,24.1
"RI",2019,24.1
"WA",2015,24.1
"CA",2019,24.1
"IL",2011,24.1
"WI",2019,24.1
"ID",2019,24.1
"MD",2019,24.1
"NJ",2011,24.1
"NV",2015,24.1
"MD",2015,24.1
"CA",2013,24.1
"WY",2015,24.1
"ME",2015,24.1
"OR",2011,24.1
"MI",2017,24.2
"CO",2017,24.2
"HI",2017,24.2
"AK",2017,24.2
"NJ",2017,24.2
"WA",2017,24.2
"VA",2013,24.2
"SD",2013,24.2
"KS",2011,24.2
"OR",2011,24.2
"GA",2013,24.2
"TX",2013,24.2
"AZ",2017,24.2
"CO",2017,24.2
"NY",2011,24.2
"DE",2017,24.2
"NM",2017,24.2
"MT",2017,24.2
"MD",2017,24.2
"NV",2013,24.2
"HI",2015,24.2
"CT",2011,24.2
"RI",2019,24.2
"MN",2019,24.2
"IA",2011,24.2
"MI",2019,24.2
"WA",2019,24.2
"FL",2019,24.2
"NY",2019,24.2
"WA",2013,24.2
"AK",2013,24.2
"ID",2011,24.2
"CO",2015,24.2
"AZ",2011,24.2
"MT",2015,24.2
"IA",2013,24.2
"ID",2017,24.3
"FL",2017,24.3
"SD",2017,24.3
"TN",2017,24.3
"WA",2017,24.3
"CA",2017,24.3
"OR",2013,24.3
"AK",2015,24.3
"NE",2017,24.3
"GA",2017,24.3
"KS",2017,24.3
"TX",2019,24.3
"UT",2019,24.3
"WA",2019,24.3
"NY",2019,24.3
"MN",2019,24.3
"AZ",2013,24.3
"VT",2013,24.3
"FL",2013,24.3
"CT",2019,24.3
"WY",2011,24.3
"TN",2019,24.3
"MN",2019,24.3
"MD",2019,24.3
"MD",2019,24.3
"MT",2011,24.3
"OH",2015,24.3
"IL",2013,24.3
"ND",2013,24.3
"NH",2013,24.3
"FL",2015,24.3
"CA",2011,24.3
"TN",2015,24.3
"MA",2011,24.3
"AZ",2017,24.4
"CO",2017,24.4
"AK",2017,24.4
"WY",2017,24.4
"CA",2011,24.4
"NJ",2011,24.4
"MA",2013,24.4
"FL",2015,24.4
"WY",2017,24.4
"OR",2011,24.4
"AL",2013,24.4
"NV",2017,24.4
"DE",2019,24.4
"WA",2019,24.4
"ID",2019,24.4
"TX",2019,24.4
"PA",2019,24.4
"SC",2019,24.4
"MD",2015,24.4
"PA",2019,24.4
"WI",2019,24.4
"VA",2015,24.4
"AK",2019,24.4
"MS",2019,24.4
"GA",2011,24.4
"WY",2019,24.4
"MI",2019,24.4
"UT",2019,24.4
"IL",2019,24.4
"MA",2013,24.4
"MI",2015,24.4
"FL",2015,24.4
"SD",2015,24.4
"HI",2015,24.4
"WA",2015,24.4
"SC",2015,24.4
"AZ",2015,24.4
"NJ",2011,24.4
"CO",2017,24.5
"CO",2017,24.5
"VT",2013,24.5
"HI",2015,24.5
"IA",2017,24.5
"MA",2011,24.5
"LA",2017,24.5
"WY",2019,24.5
"MT",2019,24.5
"GA",2013,24.5
"IA",2019,24.5
"ID",2019,24.5
"GA",2019,24.5
"GA",2019,24.5
"CT",2019,24.5
"CA",2019,24.5
"UT",2019,24.5
"NY",2019,24.5
"AZ",2019,24.5
"CO",2011,24.5
"IL",2011,24.5
"WA",2015,24.5
"MT",2015,24.5
"MT",2013,24.5
"NM",2015,24.5
"NV",2011,24.5
"NV",2015,24.5
"MN",2013,24.5
"VA",2013,24.5
"NE",2017,24.6
"UT",2017,24.6
"KS",2015,24.6
"NE",2013,24.6
"HI",2017,24.6
"HI",2017,24.6
"MD",2011,24.6
"NM",2019,24.6
"NV",2011,24.6
"ID",2019,24.6
"OR",2013,24.6
"NY",2019,24.6
"VT",2013,24.6
"OK",2015,24.6
"CT",2013,24.6
"NE",2013,24.6
"NM",2011,24.6
"NJ",2015,24.6
"MN",2015,24.6
"HI",2011,24.6
"VT",2015,24.6
"IL",2017,24.7
"OH",2017,24.7
"FL",2017,24.7
"NJ",2011,24.7
"ND",2015,24.7
"UT",2017,24.7
"LA",2017,24.7
"MN",2017,24.7
"OR",2019,24.7
"NY",2019,24.7
"HI",2013,24.7
"KS",2019,24.7
"MD",2015,24.7
"CA",2015,24.7
"RI",2019,24.7
"WI",2019,24.7
"RI",2019,24.7
"AL",2019,24.7
"MD",2019,24.7
"OR",2011,24.7
"WY",2015,24.7
"MN",2011,24.7
"OH",2015,24.7
"CA",2017,24.8
"WA",2017,24.8
"AK",2015,24.8
"UT",2015,24.8
"UT",2015,24.8
"DE",2015,24.8
"FL",2015,24.8
"CO",2017,24.8
"HI",2017,24.8
"AK",2019,24.8
"MN",2019,24.8
"VT",2019,24.8
"WY",2019,24.8
"HI",2019,24.8
"MD",2019,24.8
"VA",2019,24.8
"VA",2013,24.8
"AZ",2019,24.8
"VT",2015,24.8
"ND",2019,24.8
"NY",2013,24.8
"NE",2011,24.8
"IL",2011,24.8
"IN",2011,24.8
"HI",2015,24.8
"KS",2013,24.8
"WI",2013,24.8
"OR",2013,24.8
"IL",2011,24.8
"ID",2015,24.8
"DE",2013,24.8
"ME",2011,24.8
"MA",2013,24.9
"WY",2015,24.9
"CA",2015,24.9
"NY",2011,24.9
"NV",2015,24.9
"TN",2015,24.9
"WY",2015,24.9
"AK",2015,24.9
"WY",2017,24.9
"DE",2019,24.9
"KS",2019,24.9
"OR",2019,24.9
"NH",2019,24.9
"RI",2019,24.9
"NV",2011,24.9
"NV",2015,24.9
"UT",2019,24.9
"IN",2019,24.9
"HI",2019,24.9
"CO",2013,24.9
"NM",2019,24.9
"VT",2019,24.9
"RI",2019,24.9
"NH",2019,24.9
"CA",2015,24.9
"DE",2011,24.9
"OH",2011,24.9
"NV",2013,24.9
"OH",2011,24.9
"UT",2015,24.9
"GA",2011,24.9
"AZ",2011,24.9
"AK",2017,25
"CA",2017,25
"IA",2017,25
"NM",2011,25
"KS",2011,25
"WA",2015,25
"VT",2015,25
"SC",2017,25
"FL",2017,25
"WV",2019,25
"KS",2019,25
"GA",2019,25
"CA",2019,25
"HI",2019,25
"NM",2019,25
"WI",2019,25
"FL",2019,25
"WY",2019,25
"HI",2019,25
"VT",2019,25
"NE",2015,25
"AK",2011,25
"OR",2013,25
"IA",2011,25
"VT",2017,25.1
"NM",2017,25.1
"MO",2017,25.1
"SC",2013,25.1
"WI",2011,25.1
"OR",2015,25.1
"CO",2013,25.1
"MN",2017,25.1
"WI",2019,25.1
"AZ",2019,25.1
"AK",2011,25.1
"OH",2011,25.1
"CT",2019,25.1
"NJ",2013,25.1
"IA",2011,25.1
"FL",2019,25.1
"WA",2019,25.1
"AK",2013,25.1
"UT",2015,25.1
"FL",2019,25.1
"NV",2015,25.1
"ME",2015,25.1
"OR",2015,25.1
"VA",2013,25.1
"DE",2013,25.1
"SC",2011,25.1
"RI",2011,25.1
"IL",2015,25.1
"NM",2011,25.1
"AK",2017,25.2
"NE",2017,25.2
"NV",2013,25.2
"TX",2015,25.2
"MI",2013,25.2
"MD",2017,25.2
"AR",2017,25.2
"AK",2015,25.2
"SC",2017,25.2
"LA",2019,25.2
"CA",2015,25.2
"HI",2013,25.2
"FL",2019,25.2
"SC",2019,25.2
"NM",2019,25.2
"VA",2011,25.2
"AK",2011,25.2
"MI",2013,25.2
"IL",2013,25.2
"CA",2013,25.2
"CA",2013,25.2
"SC",2011,25.2
"GA",2015,25.2
"CT",2017,25.3
"AZ",2017,25.3
"MA",2017,25.3
"WA",2017,25.3
"CO",2011,25.3
"CO",2013,25.3
"WA",2017,25.3
"AK",2017,25.3
"WA",2019,25.3
"FL",2019,25.3
"TX",2015,25.3
"WY",2019,25.3
"AZ",2019,25.3
"OH",2019,25.3
"DE",2013,25.3
"UT",2019,25.3
"NH",2019,25.3
"UT",2019,25.3
"NJ",2015,25.3
"IA",2019,25.3
"WA",2019,25.3
"NC",2011,25.3
"NM",2011,25.3
"SC",2013,25.3
"MO",2011,25.3
"WI",2015,25.3
"ND",2017,25.4
"VT",2017,25.4
"NM",2011,25.4
"UT",2015,25.4
"CO",2015,25.4
"WA",2013,25.4
"UT",2017,25.4
"AZ",2019,25.4
"MA",2019,25.4
"WY",2019,25.4
"UT",2019,25.4
"MA",2011,25.4
"WY",2019,25.4
"TX",2019,25.4
"NV",2013,25.4
"NM",2013,25.4
"AK",2015,25.4
"DE",2011,25.4
"CO",2011,25.4
"NE",2015,25.4
"MD",2011,25.4
"IL",2013,25.4
"OR",2011,25.4
"KY",2011,25.4
"NC",2017,25.5
"WI",2017,25.5
"PA",2017,25.5
"ID",2017,25.5
"CO",2017,25.5
"VA",2017,25.5
"CO",2011,25.5
"NH",2015,25.5
"CO",2013,25.5
"UT",2019,25.5
"KS",2019,25.5
"LA",2015,25.5
"FL",2019,25.5
"HI",2019,25.5
"AZ",2019,25.5
"MO",2015,25.5
"MT",2013,25.5
"AZ",2019,25.5
"MN",2019,25.5
"MD",2011,25.5
"NV",2015,25.5
"NJ",2015,25.5
"DE",2013,25.5
"HI",2013,25.5
"NM",2013,25.5
"MT",2015,25.5
"FL",2011,25.5
"LA",2011,25.5
"DE",2013,25.5
"RI",2017,25.6
"NY",2015,25.6
"VA",2015,25.6
"PA",2015,25.6
"RI",2017,25.6
"MI",2017,25.6
"KY",2017,25.6
"OH",2013,25.6
"WI",2011,25.6
"CO",2015,25.6
"FL",2019,25.6
"HI",2019,25.6
"AK",2019,25.6
"MT",2019,25.6
"UT",2019,25.6
"MN",2019,25.6
"TX",2019,25.6
"SD",2019,25.6
"GA",2015,25.6
"HI",2013,25.6
"MI",2013,25.6
"NJ",2013,25.6
"CO",2015,25.6
"CO",2011,25.6
"NC",2011,25.6
"MN",2013,25.6
"MT",2015,25.6
"KS",2011,25.6
"CO",2015,25.6
"AL",2017,25.7
"IA",2017,25.7
"NH",2017,25.7
"GA",2017,25.7
"HI",2017,25.7
"WY",2017,25.7
"WV",2015,25.7
"ID",2011,25.7
"IL",2011,25.7
"CT",2015,25.7
"CO",2017,25.7
"CO",2017,25.7
"UT",2019,25.7
"CO",2019,25.7
"PA",2013,25.7
"NH",2019,25.7
"SC",2019,25.7
"IN",2019,25.7
"CA",2019,25.7
"IN",2019,25.7
"MN",2019,25.7
"LA",2019,25.7
"NM",2019,25.7
"NY",2019,25.7
"UT",2015,25.7
"DE",2013,25.7
"RI",2013,25.7
"GA",2011,25.7
"HI",2011,25.7
"WI",2015,25.7
"CA",2011,25.7
"LA",2017,25.8
"CA",2017,25.8
"PA",2015,25.8
"OH",2013,25.8
"GA",2011,25.8
"ID",2011,25.8
"CT",2017,25.8
"AL",2017,25.8
"AK",2013,25.8
"NC",2011,25.8
"RI",2017,25.8
"NJ",2017,25.8
"VA",2019,25.8
"CA",2019,25.8
"RI",2011,25.8
"WI",2019,25.8
"KS",2019,25.8
"AL",2019,25.8
"UT",2019,25.8
"AK",2015,25.8
"OH",2011,25.8
"MT",2019,25.8
"GA",2019,25.8
"HI",2019,25.8
"GA",2019,25.8
"GA",2013,25.8
"VA",2013,25.8
"VA",2011,25.8
"MD",2013,25.8
"MI",2011,25.8
"OR",2013,25.8
"IL",2017,25.9
"PA",2017,25.9
"VA",2017,25.9
"WA",2015,25.9
"WI",2019,25.9
"NY",2019,25.9
"DE",2019,25.9
"WA",2019,25.9
"AZ",2019,25.9
"SD",2019,25.9
"MT",2019,25.9
"DE",2019,25.9
"NY",2019,25.9
"NM",2019,25.9
"MA",2013,25.9
"NE",2011,25.9
"AK",2013,25.9
"TX",2011,25.9
"CA",2015,25.9
"DE",2011,25.9
"MN",2017,26
"CO",2017,26
"NH",2017,26
"PA",2017,26
"AK",2011,26
"OR",2017,26
"OR",2019,26
"PA",2019,26
"IL",2019,26
"CO",2019,26
"MN",2015,26
"AZ",2019,26
"AK",2019,26
"NM",2019,26
"MT",2015,26
"MN",2019,26
"FL",2019,26
"NE",2019,26
"MO",2015,26
"MT",2013,26
"ND",2011,26
"MT",2015,26
"DE",2011,26
"CO",2015,26
"SC",2013,26
"SC",2017,26.1
"MN",2017,26.1
"NM",2017,26.1
"FL",2017,26.1
"NY",2017,26.1
"MT",2011,26.1
"WA",2011,26.1
"NH",2017,26.1
"NM",2015,26.1
"HI",2015,26.1
"AK",2011,26.1
"MI",2011,26.1
"OH",2019,26.1
"WA",2019,26.1
"CT",2019,26.1
"VT",2019,26.1
"NY",2015,26.1
"CA",2013,26.1
"WY",2015,26.1
"GA",2013,26.1
"WY",2011,26.2
"GA",2011,26.2
"HI",2011,26.2
"VA",2011,26.2
"KY",2011,26.2
"AZ",2019,26.2
"AK",2013,26.2
"TX",2019,26.2
"OH",2013,26.2
"VA",2019,26.2
"ID",2019,26.2
"MD",2019,26.2
"CT",2019,26.2
"UT",2019,26.2
"NY",2019,26.2
"AK",2013,26.2
"CO",2019,26.2
"IL",2019,26.2
"MN",2019,26.2
"IL",2011,26.2
"OR",2019,26.2
"WA",2013,26.2
"HI",2015,26.2
"CO",2015,26.2
"NC",2011,26.2
"RI",2015,26.2
"OH",2017,26.3
"CO",2017,26.3
"WA",2013,26.3
"IA",2011,26.3
"MO",2017,26.3
"NY",2017,26.3
"GA",2013,26.3
"IL",2011,26.3
"WY",2019,26.3
"KS",2019,26.3
"NH",2019,26.3
"NJ",2011,26.3
"IA",2019,26.3
"OR",2019,26.3
"FL",2013,26.3
"NH",2019,26.3
"WY",2013,26.3
"ID",2013,26.3
"AZ",2011,26.3
"IA",2015,26.3
"WA",2011,26.3
"RI",2011,26.3
"ID",2015,26.3
"KS",2013,26.3
"OR",2017,26.4
"ME",2017,26.4
"HI",2017,26.4
"NM",2013,26.4
"RI",2015,26.4
"PA",2011,26.4
"AK",2017,26.4
"CT",2019,26.4
"SC",2019,26.4
"TX",2015,26.4
"NH",2019,26.4
"WV",2019,26.4
"IL",2019,26.4
"GA",2019,26.4
"NE",2019,26.4
"TX",2019,26.4
"CT",2019,26.4
"VT",2019,26.4
"MD",2013,26.4
"CA",2011,26.4
"DE",2013,26.4
"SC",2015,26.4
"PA",2013,26.4
"SD",2011,26.4
"ME",2011,26.4
"GA",2011,26.4
"IN",2017,26.5
"AL",2013,26.5
"WY",2011,26.5
"UT",2015,26.5
"TN",2017,26.5
"HI",2015,26.5
"WA",2019,26.5
"CO",2019,26.5
"VT",2019,26.5
"MT",2011,26.5
"MN",2011,26.5
"NJ",2013,26.5
"SC",2015,26.5
"VA",2013,26.5
"PA",2011,26.5
"HI",2013,26.5
"DE",2011,26.5
"LA",2015,26.5
"KY",2015,26.5
"NV",2013,26.5
"NM",2015,26.5
"NC",2013,26.5
"FL",2011,26.5
"VA",2011,26.5
"MT",2017,26.6
"ME",2015,26.6
"HI",2013,26.6
"OR",2011,26.6
"WY",2019,26.6
"RI",2019,26.6
"RI",2019,26.6
"HI",2013,26.6
"CA",2019,26.6
"WI",2019,26.6
"OR",2019,26.6
"NV",2019,26.6
"MA",2019,26.6
"FL",2013,26.6
"MS",2011,26.6
"MO",2011,26.6
"OK",2013,26.6
"AK",2015,26.6
"KS",2017,26.7
"NE",2017,26.7
"NV",2017,26.7
"MD",2017,26.7
"OR",2013,26.7
"CO",2017,26.7
"MA",2017,26.7
"DE",2019,26.7
"MN",2019,26.7
"OH",2019,26.7
"WA",2019,26.7
"HI",2019,26.7
"CA",2013,26.7
"NM",2019,26.7
"MN",2019,26.7
"TX",2019,26.7
"MD",2019,26.7
"MN",2019,26.7
"IN",2019,26.7
"WV",2019,26.7
"CO",2013,26.7
"MI",2011,26.7
"CO",2011,26.7
"NC",2015,26.7
"PA",2015,26.7
"MN",2017,26.8
"NC",2013,26.8
"HI",2017,26.8
"CO",2017,26.8
"AK",2011,26.8
"WV",2017,26.8
"AK",2017,26.8
"MI",2019,26.8
"MD",2019,26.8
"VT",2019,26.8
"MT",2019,26.8
"NH",2019,26.8
"IA",2019,26.8
"MN",2015,26.8
"HI",2011,26.8
"WI",2013,26.8
"MA",2015,26.8
"CO",2015,26.8
"WY",2011,26.8
"WA",2015,26.8
"NY",2017,26.9
"GA",2017,26.9
"CA",2017,26.9
"WY",2017,26.9
"MN",2015,26.9
"IL",2015,26.9
"WA",2019,26.9
"GA",2019,26.9
"FL",2019,26.9
"AK",2013,26.9
"WA",2019,26.9
"MT",2015,26.9
"TX",2019,26.9
"CO",2019,26.9
"ME",2013,26.9
"AK",2015,26.9
"CO",2013,26.9
"CT",2013,26.9
"NV",2013,26.9
"IL",2011,26.9
"CT",2015,27
"WA",2015,27
"NY",2017,27
"WY",2019,27
"FL",2019,27
"VA",2011,27
"UT",2019,27
"WI",2019,27
"MD",2015,27
"AK",2011,27
"AK",2013,27
"AL",2015,27
"CA",2011,27
"UT",2015,27
"LA",2017,27.1
"MN",2017,27.1
"CA",2017,27.1
"LA",2017,27.1
"NE",2015,27.1
"RI",2013,27.1
"AZ",2015,27.1
"GA",2015,27.1
"WI",2013,27.1
"NC",2013,27.1
"NJ",2017,27.1
"IL",2017,27.1
"NJ",2011,27.1
"MD",2019,27.1
"VA",2011,27.1
"MT",2019,27.1
"TX",2019,27.1
"NH",2019,27.1
"UT",2017,27.2
"ID",2011,27.2
"MD",2015,27.2
"NE",2013,27.2
"NJ",2017,27.2
"KY",2019,27.2
"HI",2015,27.2
"NV",2019,27.2
"UT",2011,27.2
"NH",2019,27.2
"HI",2019,27.2
"KY",2015,27.2
"OH",2019,27.2
"CT",2019,27.2
"MT",2019,27.2
"SD",2013,27.2
"MD",2019,27.2
"AZ",2015,27.2
"ID",2011,27.2
"MN",2011,27.2
"CO",2011,27.2
"KY",2013,27.2
"AL",2011,27.2
"VA",2015,27.2
"MN",2013,27.2
"ID",2013,27.2
"KS",2013,27.2
"IA",2013,27.2
"FL",2017,27.3
"ME",2017,27.3
"NV",2017,27.3
"CA",2017,27.3
"SC",2013,27.3
"CO",2011,27.3
"AK",2017,27.3
"MD",2017,27.3
"AZ",2019,27.3
"CT",2019,27.3
"PA",2019,27.3
"KS",2015,27.3
"ME",2019,27.3
"FL",2019,27.3
"OR",2019,27.3
"OK",2013,27.3
"CA",2011,27.3
"AZ",2011,27.3
"AZ",2011,27.3
"ID",2011,27.3
"PA",2017,27.4
"WY",2017,27.4
"HI",2019,27.4
"CO",2019,27.4
"ID",2019,27.4
"NE",2019,27.4
"IL",2019,27.4
"MT",2019,27.4
"TN",2015,27.4
"AK",2019,27.4
"KY",2013,27.4
"MD",2019,27.4
"WA",2015,27.4
"NV",2015,27.4
"WY",2013,27.4
"NV",2013,27.4
"OR",2013,27.4
"CA",2015,27.4
"MA",2015,27.4
"AK",2017,27.5
"WY",2017,27.5
"CO",2017,27.5
"WA",2017,27.5
"MA",2017,27.5
"NH",2013,27.5
"NH",2015,27.5
"OR",2013,27.5
"NJ",2011,27.5
"NH",2019,27.5
"OR",2019,27.5
"VT",2019,27.5
"CA",2013,27.5
"CT",2019,27.5
"MI",2019,27.5
"TX",2019,27.5
"NH",2019,27.5
"MT",2015,27.5
"VA",2019,27.5
"WI",2019,27.5
"NM",2015,27.5
"FL",2019,27.5
"CA",2011,27.5
"GA",2013,27.5
"MD",2015,27.5
"NY",2011,27.5
"UT",2013,27.5
"ND",2011,27.5
"WA",2011,27.5
"MO",2017,27.6
"SD",2015,27.6
"WY",2013,27.6
"CT",2019,27.6
"MT",2019,27.6
"MI",2011,27.6
"AZ",2011,27.6
"CO",2015,27.6
"IA",2015,27.6
"MI",2019,27.6
"CO",2011,27.6
"AZ",2015,27.6
"IL",2015,27.6
"MD",2013,27.6
"HI",2017,27.7
"NM",2013,27.7
"WY",2011,27.7
"NH",2013,27.7
"AK",2013,27.7
"CT",2017,27.7
"SC",2015,27.7
"TN",2019,27.7
"NM",2019,27.7
"HI",2019,27.7
"FL",2019,27.7
"FL",2019,27.7
"ID",2011,27.7
"OR",2013,27.7
"CA",2013,27.7
"NY",2011,27.7
"UT",2013,27.7
"CA",2013,27.7
"MI",2011,27.7
"OK",2015,27.7
"AK",2017,27.8
"NE",2015,27.8
"CA",2019,27.8
"NC",2019,27.8
"NC",2019,27.8
"MI",2015,27.8
"FL",2019,27.8
"VT",2019,27.8
"HI",2013,27.8
"TN",2019,27.8
"AZ",2019,27.8
"TN",2019,27.8
"ID",2019,27.8
"NJ",2011,27.8
"AZ",2011,27.8
"NH",2013,27.8
"MT",2017,27.9
"WI",2017,27.9
"AZ",2013,27.9
"IA",2017,27.9
"VA",2017,27.9
"WA",2019,27.9
"CO",2019,27.9
"SC",2019,27.9
"MN",2011,27.9
"VA",2019,27.9
"MA",2013,27.9
"RI",2019,27.9
"NV",2011,27.9
"VA",2015,27.9
"MN",2011,27.9
"HI",2017,28
"MS",2017,28
"AZ",2013,28
"HI",2011,28
"MA",2017,28
"UT",2017,28
"HI",2019,28
"CT",2019,28
"PA",2019,28
"NH",2013,28
"MT",2013,28
"NV",2011,28
"FL",2017,28.1
"DE",2015,28.1
"ME",2019,28.1
"CA",2019,28.1
"MD",2013,28.1
"MT",2019,28.1
"VT",2019,28.1
"CA",2015,28.1
"HI",2011,28.1
"VT",2019,28.1
"AK",2011,28.1
"HI",2017,28.2
"AZ",2015,28.2
"OH",2013,28.2
"IL",2017,28.2
"WI",2017,28.2
"MD",2017,28.2
"TX",2019,28.2
"TX",2019,28.2
"NC",2019,28.2
"MN",2019,28.2
"NM",2019,28.2
"TX",2019,28.2
"MT",2019,28.2
"NJ",2015,28.2
"NC",2015,28.2
"AK",2015,28.2
"MN",2013,28.2
"CO",2011,28.2
"WI",2015,28.3
"IN",2011,28.3
"NJ",2017,28.3
"MT",2019,28.3
"WI",2019,28.3
"MA",2013,28.3
"MT",2019,28.3
"MA",2019,28.3
"NM",2019,28.3
"NE",2013,28.3
"IL",2019,28.3
"ND",2015,28.3
"DE",2019,28.3
"SD",2015,28.3
"RI",2015,28.3
"CO",2013,28.3
"NY",2013,28.3
"CO",2015,28.3
"CO",2011,28.3
"HI",2015,28.3
"VA",2017,28.4
"CT",2011,28.4
"ID",2015,28.4
"MI",2017,28.4
"CT",2017,28.4
"CO",2019,28.4
"AK",2019,28.4
"MN",2019,28.4
"FL",2011,28.4
"NV",2011,28.4
"MI",2015,28.4
"UT",2011,28.4
"UT",2013,28.4
"CT",2011,28.4
"CA",2015,28.4
"ID",2015,28.4
"UT",2017,28.5
"TX",2013,28.5
"AZ",2011,28.5
"ID",2017,28.5
"MT",2017,28.5
"RI",2017,28.5
"VT",2019,28.5
"FL",2011,28.5
"NC",2019,28.5
"WA",2019,28.5
"VT",2019,28.5
"MN",2019,28.5
"KY",2011,28.5
"TX",2011,28.5
"HI",2011,28.5
"DE",2015,28.5
"VA",2017,28.6
"ME",2017,28.6
"VT",2011,28.6
"NC",2013,28.6
"IL",2011,28.6
"OH",2011,28.6
"DE",2019,28.6
"TN",2019,28.6
"AK",2019,28.6
"CO",2011,28.6
"MN",2013,28.6
"VT",2011,28.6
"ME",2011,28.6
"MN",2015,28.6
"OR",2013,28.6
"VT",2011,28.6
"VT",2017,28.7
"CT",2017,28.7
"UT",2017,28.7
"MT",2013,28.7
"WI",2011,28.7
"RI",2017,28.7
"WY",2017,28.7
"MN",2019,28.7
"CO",2019,28.7
"ME",2013,28.7
"SD",2013,28.7
"NH",2019,28.7
"MA",2011,28.7
"FL",2013,28.7
"AK",2013,28.7
"NV",2013,28.7
"MT",2011,28.7
"PA",2011,28.7
"RI",2019,28.8
"NH",2015,28.8
"UT",2011,28.8
"MA",2015,28.8
"CO",2011,28.8
"NV",2011,28.8
"WY",2015,28.8
"IL",2017,28.9
"HI",2011,28.9
"NM",2019,28.9
"FL",2019,28.9
"KY",2015,28.9
"ME",2013,28.9
"CO",2011,28.9
"MI",2013,28.9
"AZ",2017,29
"GA",2011,29
"VT",2017,29
"NM",2013,29
"NH",2011,29
"DE",2019,29
"MA",2019,29
"UT",2019,29
"AK",2019,29
"MT",2019,29
"SC",2019,29
"NH",2015,29
"IA",2015,29
"UT",2013,29
"CA",2011,29
"NM",2013,29
"WA",2017,29.1
"MT",2017,29.1
"NE",2011,29.1
"CA",2017,29.1
"VA",2015,29.1
"MI",2019,29.1
"MT",2011,29.1
"OR",2011,29.1
"CO",2013,29.1
"AZ",2017,29.2
"IN",2017,29.2
"CO",2019,29.2
"IL",2019,29.2
"NH",2015,29.2
"CO",2013,29.2
"HI",2013,29.3
"CA",2013,29.3
"RI",2011,29.3
"CA",2017,29.3
"NM",2019,29.3
"MT",2019,29.3
"HI",2019,29.3
"VT",2019,29.3
"NH",2011,29.3
"HI",2011,29.3
"OH",2011,29.4
"AZ",2017,29.4
"MT",2019,29.4
"AK",2013,29.4
"RI",2019,29.4
"HI",2019,29.4
"AZ",2019,29.4
"VT",2019,29.4
"HI",2019,29.4
"CA",2019,29.4
"MA",2015,29.4
"MD",2015,29.4
"MD",2011,29.4
"FL",2015,29.4
"VT",2015,29.4
"MS",2013,29.4
"DE",2015,29.5
"NM",2013,29.5
"NY",2019,29.5
"WA",2019,29.5
"CA",2019,29.5
"HI",2013,29.5
"DE",2013,29.5
"HI",2015,29.6
"AZ",2013,29.6
"ID",2017,29.6
"HI",2017,29.6
"GA",2019,29.6
"MN",2019,29.6
"ID",2013,29.6
"IN",2013,29.6
"NC",2015,29.6
"GA",2011,29.6
"CO",2013,29.7
"OR",2011,29.7
"OH",2011,29.7
"GA",2013,29.7
"RI",2013,29.8
"NY",2019,29.8
"AK",2019,29.8
"VT",2019,29.8
"WY",2019,29.8
"ME",2019,29.8
"CA",2015,29.8
"CO",2017,29.9
"NM",2015,29.9
"CT",2017,29.9
"CO",2019,29.9
"CO",2019,29.9
"OH",2019,29.9
"AZ",2011,29.9
"CO",2013,29.9
"NM",2013,29.9
"GA",2017,30
"DE",2011,30
"UT",2015,30
"OR",2013,30
"CA",2013,30
"GA",2019,30
"DE",2019,30
"NY",2015,30
"MT",2013,30
"NV",2015,30
"VA",2013,30.1
"HI",2013,30.1
"AZ",2017,30.2
"UT",2015,30.2
"MT",2019,30.2
"NM",2019,30.2
"VT",2019,30.2
"MT",2019,30.2
"MA",2011,30.2
"MT",2013,30.2
"MT",2011,30.2
"CA",2013,30.2
"NC",2011,30.2
"OR",2015,30.2
"HI",2011,30.2
"NM",2011,30.3
"WI",2019,30.3
"MT",2019,30.3
"OR",2015,30.3
"WI",2013,30.3
"OR",2017,30.4
"NV",2015,30.4
"OR",2017,30.4
"AZ",2015,30.4
"VT",2017,30.4
"AZ",2019,30.4
"WA",2019,30.4
"AR",2011,30.4
"CO",2015,30.4
"NH",2011,30.4
"OK",2011,30.4
"FL",2015,30.4
"MO",2017,30.5
"IA",2017,30.5
"CA",2013,30.5
"UT",2019,30.5
"MD",2015,30.5
"NV",2015,30.5
"HI",2017,30.6
"ID",2017,30.6
"WY",2013,30.6
"OH",2019,30.6
"NV",2015,30.6
"AK",2013,30.6
"AZ",2013,30.7
"MT",2013,30.7
"VT",2019,30.7
"AK",2019,30.7
"LA",2015,30.7
"NV",2017,30.8
"MD",2013,30.8
"UT",2015,30.8
"CT",2019,30.8
"VT",2013,30.8
"AK",2011,30.8
"MT",2015,30.9
"CA",2011,30.9
"AZ",2013,30.9
"SC",2017,30.9
"TX",2019,30.9
"TX",2019,30.9
"FL",2019,30.9
"NV",2013,30.9
"SC",2011,30.9
"PA",2013,30.9
"VA",2017,31
"CA",2017,31
"HI",2013,31
"HI",2015,31
"GA",2019,31
"CT",2019,31
"RI",2019,31
"WA",2019,31
"ID",2019,31
"AZ",2019,31
"NM",2011,31.1
"UT",2013,31.1
"VA",2013,31.1
"VT",2019,31.1
"NE",2019,31.1
"OR",2013,31.1
"NV",2015,31.1
"CO",2017,31.2
"WY",2017,31.2
"CT",2013,31.2
"NM",2011,31.2
"CT",2015,31.2
"AK",2015,31.2
"CT",2019,31.2
"HI",2013,31.2
"WI",2011,31.3
"NE",2015,31.3
"ID",2017,31.3
"NM",2017,31.4
"NM",2015,31.4
"ND",2017,31.4
"ME",2019,31.4
"NM",2011,31.4
"VT",2015,31.4
"NH",2019,31.5
"UT",2019,31.5
"AR",2019,31.5
"IN",2013,31.5
"VT",2011,31.5
"ID",2011,31.5
"IL",2013,31.6
"GA",2011,31.6
"UT",2013,31.7
"AK",2019,31.7
"ME",2011,31.7
"ME",2011,31.7
"VT",2013,31.7
"AR",2015,31.7
"NM",2017,31.8
"HI",2017,31.8
"WA",2017,31.8
"NM",2017,31.8
"WY",2019,31.8
"OR",2019,31.8
"TN",2019,31.8
"IN",2019,31.8
"AZ",2011,31.8
"MS",2015,31.8
"NM",2013,31.8
"KY",2017,31.9
"CA",2019,31.9
"WI",2019,31.9
"DE",2013,32
"VA",2011,32
"MO",2017,32
"NM",2019,32
"OR",2019,32
"NH",2013,32
"IL",2013,32
"KY",2015,32
"OR",2017,32.1
"HI",2013,32.1
"NV",2013,32.2
"WA",2015,32.2
"NV",2013,32.2
"WI",2011,32.2
"CO",2019,32.3
"CO",2019,32.3
"NM",2019,32.3
"IL",2015,32.3
"GA",2013,32.3
"NM",2015,32.3
"ME",2017,32.4
"SC",2015,32.4
"CO",2013,32.4
"VA",2011,32.4
"AZ",2011,32.4
"KY",2011,32.4
"CA",2017,32.5
"CO",2015,32.5
"NH",2019,32.5
"MA",2013,32.5
"MT",2015,32.5
"AZ",2011,32.5
"CO",2017,32.6
"SD",2017,32.6
"ND",2019,32.6
"CA",2015,32.6
"NM",2013,32.6
"VT",2015,32.6
"FL",2015,32.7
"FL",2011,32.7
"IL",2011,32.7
"VA",2015,32.7
"VA",2011,32.7
"OR",2011,32.8
"ID",2011,32.8
"ND",2019,32.8
"MA",2011,32.8
"AK",2011,32.9
"HI",2015,32.9
"MI",2015,32.9
"CO",2011,32.9
"WI",2015,33
"LA",2013,33
"CO",2015,33
"NH",2013,33
"SC",2017,33.1
"MT",2019,33.1
"AK",2013,33.1
"VA",2013,33.1
"HI",2013,33.2
"NY",2011,33.2
"MD",2019,33.2
"WA",2013,33.2
"CT",2019,33.2
"NM",2015,33.2
"FL",2013,33.3
"UT",2015,33.3
"KY",2017,33.4
"CO",2019,33.4
"MT",2019,33.4
"FL",2019,33.4
"FL",2019,33.5
"CO",2015,33.5
"OH",2015,33.6
"AZ",2019,33.6
"MT",2015,33.6
"NH",2015,33.6
"NM",2017,33.7
"VT",2019,33.7
"WY",2011,33.7
"AK",2011,33.8
"AK",2013,33.8
"NC",2017,33.8
"CO",2017,33.8
"CA",2011,33.8
"WA",2017,33.9
"WI",2017,33.9
"CT",2011,33.9
"AK",2015,33.9
"NE",2015,33.9
"GA",2013,33.9
"CO",2011,33.9
"SC",2017,34
"ME",2013,34
"AK",2017,34.1
"NJ",2011,34.1
"CO",2019,34.1
"NV",2015,34.1
"OR",2013,34.1
"GA",2019,34.2
"HI",2011,34.5
"AZ",2011,34.5
"WI",2013,34.6
"CA",2011,34.6
"NH",2015,34.7
"CO",2011,34.7
"NH",2013,34.7
"NY",2011,34.8
"CO",2013,34.8
"CO",2013,34.8
"IN",2015,34.9
"AK",2011,34.9
"AK",2013,34.9
"CO",2013,34.9
"WY",2015,35.1
"WI",2017,35.1
"PA",2017,35.1
"MD",2015,35.2
"MI",2019,35.2
"CO",2017,35.3
"AK",2017,35.3
"FL",2019,35.3
"MA",2013,35.3
"HI",2013,35.4
"CA",2011,35.4
"NJ",2013,35.5
"CA",2015,35.5
"VT",2013,35.5
"RI",2019,35.5
"VT",2019,35.6
"AZ",2011,35.8
"OR",2013,35.8
"VA",2017,35.9
"NJ",2017,35.9
"FL",2015,36
"MS",2017,36.1
"DE",2019,36.1
"OH",2011,36.3
"NH",2011,36.3
"WY",2017,36.4
"NJ",2011,36.5
"OR",2011,36.5
"MD",2015,36.6
"NM",2017,36.8
"LA",2019,37
"NM",2019,37
"DE",2011,37
"AK",2019,37.2
"OR",2015,37.4
"MA",2019,37.4
"CO",2015,37.7
"CA",2017,38.1
"HI",2013,38.1
"TX",2015,38.2
"NM",2011,38.7
"CA",2013,39.2
"WI",2011,39.3
"WI",2011,39.4
"NM",2019,39.7
"NV",2015,40.4
"NM",2011,40.5
"WY",2015,40.8
"NM",2011,41.5
"CO",2011,42.5
"OR",2015,42.6
"KY",2015,43.2
"MT",2015,43.7
"WA",2015,43.8
"NH",2019,44.2
"PA",2019,44.5
"CO",2011,44.7
"FL",2017,46.2
"NM",2013,46.5
"WY",2019,47.5
