"State","Year","Adults who Exercise Moderately(%)"
"KY",2019,20.1
"MS",2015,24
"TN",2013,24.3
"KY",2019,24.4
"NJ",2013,24.4
"TN",2011,24.6
"MS",2013,24.7
"TN",2013,24.8
"KY",2019,25.2
"NH",2017,25.8
"OK",2019,27.2
"SD",2019,27.2
"RI",2019,27.3
"MS",2019,27.4
"NE",2019,27.8
"AR",2013,28.3
"NC",2017,28.4
"DE",2015,28.4
"MS",2013,28.5
"MS",2019,28.7
"MS",2015,29
"KY",2019,29.1
"LA",2011,29.2
"MS",2015,29.6
"OH",2015,29.8
"ND",2017,29.9
"KY",2019,29.9
"NE",2017,30
"TX",2015,30.1
"AR",2013,30.2
"AL",2017,30.4
"SC",2017,30.7
"OK",2017,30.7
"TN",2019,30.8
"TX",2017,30.9
"MS",2019,30.9
"MS",2011,30.9
"SC",2011,31
"AR",2017,31
"IN",2013,31.1
"AL",2017,31.2
"LA",2017,31.2
"NE",2019,31.2
"RI",2013,31.2
"TX",2013,31.3
"MD",2013,31.4
"AL",2011,31.5
"MS",2013,31.5
"KY",2019,31.6
"OK",2019,31.6
"IN",2013,31.6
"MS",2017,31.8
"DE",2011,31.8
"AR",2015,31.8
"IN",2013,31.8
"NJ",2017,32
"DE",2017,32
"IL",2019,32
"TN",2011,32
"VA",2019,32.1
"KY",2019,32.1
"TX",2015,32.1
"MS",2013,32.1
"VA",2017,32.3
"MS",2019,32.3
"OK",2019,32.3
"MO",2017,32.4
"TN",2019,32.4
"TN",2011,32.4
"CT",2019,32.6
"AR",2013,32.6
"MA",2019,32.6
"MD",2019,32.6
"AZ",2013,32.7
"KY",2019,32.7
"TN",2015,32.7
"TN",2013,32.7
"IN",2017,32.8
"KY",2017,32.9
"OH",2015,32.9
"MS",2019,33
"RI",2019,33
"OH",2019,33.1
"VA",2019,33.1
"IN",2015,33.1
"KY",2019,33.1
"IA",2013,33.1
"ND",2013,33.1
"TX",2013,33.2
"IN",2019,33.2
"MS",2011,33.2
"MD",2017,33.3
"NJ",2013,33.3
"OK",2019,33.3
"KY",2017,33.4
"MS",2011,33.4
"NY",2015,33.4
"RI",2013,33.4
"MO",2019,33.4
"OK",2019,33.4
"LA",2019,33.4
"IL",2015,33.4
"VT",2011,33.5
"MS",2017,33.5
"WV",2011,33.5
"TN",2013,33.5
"MD",2013,33.5
"OK",2017,33.7
"OK",2015,33.7
"IN",2019,33.8
"TX",2015,33.8
"MO",2013,33.8
"FL",2017,33.9
"LA",2017,33.9
"TN",2013,33.9
"MS",2013,33.9
"MO",2017,34
"TX",2017,34
"MS",2019,34
"OH",2019,34
"TN",2013,34
"MS",2015,34
"TN",2015,34.1
"MS",2013,34.1
"MS",2013,34.1
"AR",2015,34.1
"LA",2019,34.1
"AL",2019,34.1
"KY",2019,34.1
"OH",2017,34.2
"AL",2013,34.2
"NC",2019,34.2
"KY",2019,34.2
"LA",2013,34.2
"LA",2011,34.2
"MA",2015,34.2
"LA",2013,34.3
"NC",2017,34.3
"NY",2019,34.3
"KY",2019,34.3
"NC",2013,34.3
"OK",2019,34.4
"MS",2015,34.4
"WV",2011,34.5
"NC",2019,34.5
"RI",2019,34.5
"NV",2011,34.5
"SD",2011,34.5
"VA",2013,34.6
"SC",2019,34.6
"MA",2017,34.7
"RI",2011,34.7
"PA",2015,34.7
"TN",2013,34.7
"NC",2019,34.7
"PA",2013,34.7
"AR",2013,34.7
"MS",2013,34.8
"NV",2019,34.8
"MS",2019,34.8
"GA",2019,34.8
"IL",2011,34.8
"NE",2019,34.8
"OK",2019,34.8
"NY",2013,34.8
"WV",2013,34.8
"DE",2011,34.8
"ND",2017,34.9
"AR",2011,34.9
"AL",2015,34.9
"RI",2015,34.9
"MS",2011,35
"TX",2017,35
"MI",2019,35
"IN",2013,35
"LA",2011,35
"IA",2019,35.1
"MD",2019,35.1
"NC",2015,35.1
"TN",2011,35.1
"MD",2015,35.1
"MD",2011,35.1
"TN",2011,35.2
"ND",2019,35.2
"CT",2015,35.2
"AR",2013,35.2
"KS",2011,35.2
"WV",2017,35.3
"GA",2017,35.3
"DE",2015,35.3
"OK",2019,35.3
"IA",2015,35.3
"NC",2011,35.4
"TN",2011,35.4
"TN",2013,35.4
"NY",2017,35.5
"PA",2019,35.5
"TX",2013,35.5
"MA",2017,35.6
"TX",2017,35.6
"RI",2017,35.6
"RI",2011,35.6
"TN",2011,35.6
"NE",2017,35.6
"TX",2019,35.6
"AR",2019,35.6
"MS",2011,35.6
"TN",2011,35.6
"MS",2015,35.6
"LA",2013,35.6
"MD",2017,35.7
"KY",2015,35.7
"KY",2011,35.7
"WV",2019,35.7
"CT",2015,35.7
"AZ",2011,35.7
"SC",2017,35.8
"NC",2015,35.8
"PA",2019,35.8
"NV",2019,35.8
"SC",2019,35.8
"NC",2011,35.8
"OH",2013,35.8
"IN",2017,35.9
"MS",2015,35.9
"OK",2013,35.9
"IN",2015,35.9
"NH",2017,35.9
"FL",2015,35.9
"FL",2019,35.9
"TN",2011,35.9
"MS",2013,35.9
"MA",2017,36
"MD",2019,36
"OK",2019,36
"TN",2013,36
"MD",2015,36
"MS",2011,36.1
"TN",2013,36.1
"NV",2017,36.1
"TX",2019,36.1
"OK",2019,36.1
"AR",2013,36.1
"OK",2011,36.1
"NE",2013,36.1
"IA",2011,36.1
"RI",2011,36.1
"PA",2011,36.2
"MN",2017,36.2
"MA",2019,36.2
"NE",2011,36.2
"NJ",2013,36.2
"LA",2015,36.2
"AR",2011,36.2
"KY",2017,36.3
"NC",2017,36.3
"WV",2017,36.3
"WY",2017,36.3
"SC",2013,36.3
"KY",2019,36.3
"GA",2019,36.3
"ND",2019,36.3
"CT",2011,36.3
"AL",2013,36.3
"OK",2017,36.4
"KS",2013,36.4
"NJ",2017,36.4
"TX",2017,36.4
"NC",2015,36.4
"IN",2013,36.4
"MS",2011,36.5
"MD",2013,36.5
"OK",2019,36.5
"CT",2013,36.5
"IN",2015,36.5
"NE",2011,36.5
"TX",2011,36.5
"NJ",2017,36.6
"CT",2011,36.6
"VA",2019,36.6
"TN",2013,36.6
"MS",2015,36.6
"KY",2015,36.6
"GA",2011,36.7
"MS",2015,36.7
"AL",2011,36.7
"MN",2017,36.8
"GA",2017,36.8
"ID",2017,36.8
"RI",2013,36.8
"VA",2017,36.8
"TX",2017,36.8
"MS",2019,36.8
"KY",2019,36.8
"LA",2011,36.8
"WV",2015,36.8
"RI",2017,36.9
"TX",2017,36.9
"AL",2019,36.9
"KY",2015,36.9
"TX",2013,36.9
"CT",2013,36.9
"IA",2013,37
"MA",2017,37
"UT",2019,37
"IN",2011,37
"IL",2017,37.1
"MD",2017,37.1
"LA",2019,37.1
"MO",2019,37.1
"IA",2019,37.1
"NC",2019,37.1
"OK",2019,37.1
"DE",2013,37.1
"GA",2013,37.1
"NJ",2015,37.1
"DE",2017,37.2
"RI",2015,37.2
"IA",2015,37.2
"IA",2013,37.2
"GA",2015,37.2
"NY",2019,37.2
"TN",2017,37.3
"UT",2017,37.3
"IN",2017,37.3
"ID",2017,37.3
"LA",2017,37.3
"MN",2013,37.3
"MS",2013,37.3
"LA",2011,37.3
"TX",2015,37.3
"TN",2011,37.3
"NC",2013,37.3
"TX",2013,37.3
"OK",2011,37.3
"KS",2015,37.3
"AR",2017,37.4
"MS",2013,37.4
"AR",2015,37.4
"PA",2013,37.4
"TN",2011,37.4
"KS",2011,37.4
"MS",2013,37.4
"KS",2011,37.4
"SC",2013,37.4
"TN",2013,37.4
"IN",2017,37.5
"AR",2017,37.5
"MS",2011,37.5
"NC",2015,37.5
"MS",2011,37.5
"ND",2017,37.5
"MS",2017,37.5
"DE",2019,37.5
"SC",2015,37.5
"IN",2015,37.5
"AZ",2013,37.5
"NJ",2015,37.6
"OK",2017,37.6
"FL",2017,37.6
"NY",2017,37.6
"WV",2011,37.6
"PA",2013,37.6
"DE",2015,37.6
"ND",2017,37.6
"OH",2011,37.6
"IN",2019,37.6
"AR",2013,37.6
"LA",2013,37.6
"FL",2013,37.6
"VA",2015,37.6
"KY",2013,37.6
"MS",2015,37.6
"NE",2017,37.7
"LA",2019,37.7
"TN",2013,37.7
"NY",2015,37.7
"MS",2011,37.7
"IA",2011,37.7
"TX",2017,37.8
"NM",2019,37.8
"RI",2019,37.8
"TX",2015,37.8
"IN",2013,37.8
"OK",2013,37.8
"AL",2017,37.9
"OK",2013,37.9
"OK",2017,37.9
"IN",2019,37.9
"OK",2011,37.9
"GA",2019,37.9
"CT",2013,37.9
"AL",2011,37.9
"ME",2019,37.9
"AZ",2019,37.9
"AL",2011,37.9
"DE",2015,37.9
"AR",2013,37.9
"MS",2013,38
"CO",2017,38
"MS",2019,38
"TN",2013,38
"NE",2015,38
"MS",2015,38
"UT",2013,38
"IN",2011,38
"MS",2015,38
"AR",2015,38
"KY",2015,38.1
"WV",2019,38.1
"SD",2019,38.1
"SC",2019,38.1
"NY",2013,38.1
"RI",2013,38.1
"NE",2011,38.1
"MD",2017,38.2
"MD",2011,38.2
"TN",2017,38.2
"MS",2011,38.2
"WA",2013,38.2
"WV",2011,38.2
"MO",2013,38.2
"OK",2019,38.3
"IA",2019,38.3
"ME",2019,38.3
"TX",2013,38.3
"AR",2015,38.3
"NC",2017,38.4
"OH",2017,38.4
"IN",2015,38.4
"WV",2013,38.4
"KY",2019,38.4
"AZ",2013,38.4
"AZ",2017,38.5
"VA",2011,38.5
"CT",2015,38.5
"AR",2013,38.5
"SC",2019,38.5
"MS",2011,38.5
"NY",2011,38.5
"UT",2015,38.5
"ND",2017,38.6
"CT",2017,38.6
"CT",2019,38.6
"KY",2013,38.6
"LA",2011,38.6
"ID",2011,38.6
"SC",2015,38.7
"OH",2013,38.7
"DE",2017,38.7
"AL",2017,38.7
"OK",2019,38.7
"MS",2015,38.7
"NY",2015,38.7
"KY",2015,38.7
"KS",2011,38.7
"NJ",2015,38.7
"GA",2017,38.8
"TX",2017,38.8
"RI",2015,38.8
"OK",2013,38.8
"FL",2013,38.8
"TN",2015,38.8
"MS",2013,38.8
"AL",2011,38.8
"KY",2011,38.8
"TX",2015,38.8
"GA",2015,38.8
"NC",2011,38.9
"WY",2013,38.9
"RI",2019,38.9
"MS",2011,38.9
"ME",2015,38.9
"SC",2015,38.9
"ND",2015,38.9
"IA",2015,38.9
"AZ",2011,38.9
"MI",2017,39
"KY",2017,39
"SD",2017,39
"KS",2017,39
"TX",2015,39
"NC",2013,39
"CT",2017,39
"MS",2017,39
"MS",2013,39
"NV",2019,39
"OK",2019,39
"SC",2019,39
"IN",2015,39
"LA",2011,39
"PA",2015,39
"GA",2015,39
"TN",2011,39
"NE",2015,39
"TN",2011,39
"TN",2011,39
"MA",2015,39.1
"TN",2017,39.1
"AR",2019,39.1
"KY",2019,39.1
"MA",2019,39.1
"NE",2019,39.1
"MD",2013,39.1
"LA",2011,39.1
"TN",2013,39.1
"TN",2011,39.1
"KS",2011,39.1
"IN",2015,39.1
"WV",2011,39.1
"AL",2017,39.2
"RI",2015,39.2
"NY",2017,39.2
"MS",2015,39.2
"MA",2015,39.2
"WY",2019,39.2
"MS",2019,39.2
"VA",2013,39.2
"LA",2017,39.3
"MS",2017,39.3
"AL",2015,39.3
"AR",2013,39.3
"GA",2013,39.3
"KY",2019,39.3
"AL",2019,39.3
"AL",2011,39.3
"NY",2013,39.3
"AL",2011,39.3
"NE",2015,39.3
"WA",2011,39.3
"GA",2011,39.3
"TN",2015,39.3
"LA",2013,39.3
"VA",2019,39.4
"WV",2019,39.4
"PA",2013,39.4
"MO",2011,39.4
"TN",2011,39.4
"TX",2017,39.5
"AL",2017,39.5
"OK",2017,39.5
"AR",2013,39.5
"RI",2013,39.5
"GA",2019,39.5
"WV",2011,39.5
"KY",2019,39.5
"MS",2019,39.5
"MO",2013,39.5
"IA",2019,39.5
"CA",2019,39.5
"IA",2019,39.5
"IN",2015,39.5
"VA",2011,39.5
"MN",2013,39.5
"MA",2015,39.5
"OK",2011,39.5
"FL",2011,39.5
"SC",2017,39.6
"AL",2017,39.6
"TX",2013,39.6
"MD",2011,39.6
"TN",2019,39.6
"MO",2019,39.6
"IN",2011,39.6
"IN",2013,39.6
"KY",2013,39.6
"MI",2015,39.6
"AL",2011,39.6
"SD",2011,39.6
"NJ",2015,39.6
"TX",2013,39.7
"AL",2017,39.7
"AL",2017,39.7
"IN",2017,39.7
"OK",2011,39.7
"AR",2011,39.7
"TX",2013,39.7
"OK",2019,39.7
"TN",2013,39.7
"AL",2019,39.7
"IA",2011,39.7
"RI",2015,39.7
"TX",2015,39.7
"IA",2013,39.7
"VA",2015,39.7
"IL",2015,39.7
"TN",2013,39.7
"NJ",2017,39.8
"LA",2017,39.8
"NV",2017,39.8
"AR",2017,39.8
"OR",2017,39.8
"IL",2019,39.8
"OH",2015,39.8
"CT",2011,39.8
"MO",2015,39.8
"TN",2019,39.8
"ND",2015,39.8
"NC",2019,39.8
"MS",2011,39.8
"LA",2011,39.8
"LA",2011,39.8
"ID",2013,39.8
"NM",2013,39.9
"WA",2013,39.9
"MO",2011,39.9
"RI",2015,39.9
"KY",2019,39.9
"WI",2015,39.9
"LA",2013,39.9
"KS",2015,39.9
"AL",2013,39.9
"VA",2017,40
"CT",2017,40
"NH",2017,40
"DE",2017,40
"AL",2015,40
"AL",2017,40
"IL",2015,40
"WV",2011,40
"IA",2013,40
"SC",2013,40
"ND",2019,40
"OK",2019,40
"MS",2011,40
"TX",2013,40
"NE",2013,40.1
"OK",2017,40.1
"NJ",2015,40.1
"OK",2013,40.1
"VT",2019,40.1
"ID",2019,40.1
"KY",2015,40.1
"VA",2011,40.1
"MI",2017,40.2
"AL",2011,40.2
"OH",2017,40.2
"OK",2017,40.2
"NH",2019,40.2
"MO",2019,40.2
"ID",2015,40.2
"CO",2019,40.2
"GA",2011,40.2
"KS",2013,40.2
"TN",2013,40.2
"KY",2011,40.2
"OH",2015,40.2
"TN",2017,40.3
"OK",2017,40.3
"TX",2017,40.3
"KS",2019,40.3
"MO",2013,40.3
"NY",2013,40.3
"MN",2011,40.3
"TN",2015,40.3
"VA",2015,40.3
"AL",2015,40.3
"NC",2011,40.3
"RI",2011,40.3
"NV",2015,40.3
"AL",2017,40.4
"DE",2017,40.4
"ND",2017,40.4
"OK",2011,40.4
"KY",2011,40.4
"LA",2011,40.4
"TN",2017,40.4
"OK",2019,40.4
"LA",2019,40.4
"KY",2013,40.4
"FL",2011,40.4
"NV",2017,40.5
"MT",2017,40.5
"KY",2011,40.5
"UT",2017,40.5
"IN",2017,40.5
"KY",2019,40.5
"MO",2019,40.5
"OH",2019,40.5
"TX",2011,40.5
"SD",2011,40.5
"SD",2011,40.5
"LA",2015,40.5
"SC",2011,40.5
"NY",2013,40.5
"MS",2017,40.6
"TX",2017,40.6
"OK",2013,40.6
"AL",2011,40.6
"AL",2015,40.6
"AR",2011,40.6
"NV",2017,40.6
"AR",2019,40.6
"LA",2011,40.6
"WV",2013,40.6
"NV",2013,40.6
"MS",2015,40.7
"MS",2013,40.7
"IA",2013,40.7
"KY",2015,40.7
"ME",2017,40.7
"AL",2017,40.7
"ND",2019,40.7
"LA",2019,40.7
"NH",2013,40.7
"NE",2019,40.7
"IA",2013,40.7
"AL",2013,40.7
"TN",2017,40.8
"KY",2013,40.8
"NV",2017,40.8
"SC",2017,40.8
"OK",2015,40.8
"LA",2011,40.8
"MI",2019,40.8
"WV",2019,40.8
"MD",2011,40.8
"OK",2019,40.8
"AR",2013,40.8
"PA",2019,40.8
"OK",2019,40.8
"ND",2013,40.8
"TX",2013,40.8
"NE",2011,40.8
"AL",2013,40.8
"ND",2013,40.8
"FL",2015,40.8
"AL",2011,40.8
"NC",2011,40.8
"MS",2013,40.8
"DE",2017,40.9
"AL",2015,40.9
"MO",2011,40.9
"ME",2017,40.9
"VA",2017,40.9
"VA",2019,40.9
"FL",2019,40.9
"MS",2011,40.9
"ND",2013,40.9
"OK",2013,40.9
"AL",2013,40.9
"OK",2015,40.9
"NJ",2013,40.9
"IN",2013,40.9
"IA",2017,41
"TX",2017,41
"KY",2017,41
"NV",2017,41
"ND",2017,41
"ND",2013,41
"KS",2017,41
"GA",2015,41
"OK",2017,41
"MS",2019,41
"OK",2011,41
"PA",2019,41
"SC",2011,41
"PA",2013,41
"KS",2011,41
"SC",2013,41
"TX",2013,41
"RI",2011,41
"MS",2015,41
"MN",2017,41.1
"IL",2017,41.1
"TN",2013,41.1
"AZ",2017,41.1
"SD",2019,41.1
"MD",2013,41.1
"GA",2015,41.1
"TN",2015,41.1
"IN",2013,41.1
"VA",2013,41.1
"MN",2011,41.1
"WV",2015,41.1
"TN",2015,41.1
"TX",2015,41.1
"OK",2013,41.1
"NV",2017,41.2
"UT",2017,41.2
"TX",2017,41.2
"MI",2017,41.2
"AR",2017,41.2
"IN",2013,41.2
"IN",2015,41.2
"LA",2017,41.2
"NE",2019,41.2
"AR",2019,41.2
"LA",2019,41.2
"ND",2013,41.2
"IA",2011,41.2
"LA",2015,41.2
"AR",2013,41.2
"IN",2013,41.2
"OR",2015,41.2
"AR",2011,41.2
"AL",2013,41.2
"GA",2017,41.3
"IA",2017,41.3
"MS",2015,41.3
"SD",2011,41.3
"NV",2013,41.3
"AR",2017,41.3
"NC",2013,41.3
"KY",2019,41.3
"CT",2019,41.3
"GA",2019,41.3
"DE",2013,41.3
"AR",2015,41.3
"ND",2015,41.3
"ME",2013,41.3
"NC",2011,41.3
"AL",2011,41.3
"MS",2013,41.3
"CT",2011,41.3
"TX",2015,41.4
"DE",2017,41.4
"ID",2019,41.4
"MO",2019,41.4
"OK",2019,41.4
"MS",2019,41.4
"NH",2019,41.4
"OH",2011,41.4
"MO",2011,41.4
"GA",2013,41.4
"SD",2013,41.4
"OH",2013,41.4
"MI",2017,41.5
"KY",2017,41.5
"AR",2017,41.5
"NJ",2017,41.5
"WY",2011,41.5
"WI",2013,41.5
"WA",2013,41.5
"SC",2019,41.5
"RI",2011,41.5
"OK",2015,41.5
"AL",2015,41.5
"NC",2011,41.5
"NH",2017,41.6
"IL",2017,41.6
"MA",2017,41.6
"LA",2017,41.6
"LA",2015,41.6
"DE",2013,41.6
"NE",2017,41.6
"AR",2017,41.6
"AK",2019,41.6
"PA",2019,41.6
"VT",2013,41.6
"IL",2019,41.6
"SD",2019,41.6
"WI",2019,41.6
"SD",2011,41.6
"MA",2015,41.6
"MD",2011,41.6
"NC",2013,41.6
"WV",2017,41.7
"MN",2017,41.7
"MS",2017,41.7
"ND",2013,41.7
"KS",2011,41.7
"IN",2011,41.7
"NV",2017,41.7
"KS",2019,41.7
"AR",2019,41.7
"OK",2019,41.7
"UT",2019,41.7
"MO",2019,41.7
"WI",2019,41.7
"SD",2019,41.7
"LA",2015,41.7
"AZ",2015,41.7
"TX",2011,41.7
"IN",2013,41.7
"RI",2013,41.7
"AL",2015,41.8
"ME",2015,41.8
"ND",2017,41.8
"OK",2019,41.8
"SD",2019,41.8
"AL",2019,41.8
"NY",2015,41.8
"AL",2011,41.8
"LA",2017,41.9
"KY",2017,41.9
"TX",2017,41.9
"NY",2017,41.9
"FL",2017,41.9
"PA",2017,41.9
"WA",2011,41.9
"IN",2013,41.9
"AR",2019,41.9
"MI",2011,41.9
"OR",2019,41.9
"AR",2011,41.9
"MS",2019,41.9
"WA",2019,41.9
"KY",2019,41.9
"AL",2011,41.9
"AL",2013,41.9
"WV",2011,41.9
"HI",2015,41.9
"MI",2015,41.9
"GA",2013,41.9
"OK",2017,42
"NE",2013,42
"OK",2015,42
"ND",2015,42
"OK",2013,42
"MN",2017,42
"WV",2013,42
"OK",2013,42
"NH",2017,42
"WI",2019,42
"AL",2019,42
"LA",2011,42
"NH",2011,42
"MA",2019,42
"VA",2019,42
"NJ",2013,42
"MS",2011,42
"ND",2013,42
"LA",2011,42
"ND",2011,42
"ID",2013,42
"AR",2013,42
"AZ",2017,42.1
"KS",2017,42.1
"MO",2017,42.1
"KS",2017,42.1
"KS",2015,42.1
"IA",2013,42.1
"LA",2011,42.1
"KY",2015,42.1
"TX",2013,42.1
"AK",2019,42.1
"AR",2019,42.1
"MI",2019,42.1
"OK",2011,42.1
"KS",2013,42.1
"MI",2015,42.1
"WV",2011,42.1
"MO",2011,42.1
"AL",2013,42.1
"LA",2013,42.1
"TX",2017,42.2
"NC",2017,42.2
"ID",2013,42.2
"GA",2015,42.2
"MO",2015,42.2
"TX",2013,42.2
"MN",2019,42.2
"KS",2011,42.2
"OK",2019,42.2
"UT",2015,42.2
"WV",2015,42.2
"SC",2013,42.2
"TX",2013,42.2
"RI",2017,42.3
"CT",2017,42.3
"NC",2011,42.3
"NY",2017,42.3
"VA",2011,42.3
"TX",2019,42.3
"AL",2019,42.3
"NY",2019,42.3
"AL",2019,42.3
"MN",2015,42.3
"MS",2019,42.3
"MA",2013,42.3
"DE",2013,42.3
"IN",2015,42.3
"CO",2015,42.3
"LA",2017,42.4
"MS",2011,42.4
"WV",2011,42.4
"LA",2013,42.4
"OK",2017,42.4
"OH",2017,42.4
"TX",2011,42.4
"AL",2019,42.4
"LA",2019,42.4
"IN",2019,42.4
"MA",2013,42.4
"WV",2015,42.4
"ID",2015,42.4
"AR",2013,42.4
"MA",2015,42.4
"MA",2011,42.4
"AL",2011,42.4
"NV",2017,42.5
"NY",2017,42.5
"KY",2015,42.5
"OK",2017,42.5
"MT",2015,42.5
"NJ",2017,42.5
"AR",2015,42.5
"MO",2019,42.5
"MS",2019,42.5
"KS",2019,42.5
"MD",2019,42.5
"LA",2011,42.5
"NC",2011,42.5
"VT",2015,42.5
"VA",2013,42.5
"AL",2013,42.5
"OK",2011,42.5
"SC",2013,42.5
"AR",2015,42.5
"OK",2017,42.6
"LA",2017,42.6
"TN",2017,42.6
"NC",2013,42.6
"LA",2015,42.6
"VA",2015,42.6
"NY",2015,42.6
"WI",2013,42.6
"MA",2013,42.6
"NY",2013,42.6
"NJ",2013,42.6
"NJ",2015,42.6
"KS",2019,42.6
"IA",2015,42.6
"OK",2011,42.6
"TN",2011,42.6
"OK",2011,42.6
"VA",2011,42.6
"KY",2015,42.6
"LA",2015,42.6
"AL",2015,42.6
"GA",2011,42.6
"AZ",2011,42.6
"FL",2017,42.7
"OH",2017,42.7
"NC",2011,42.7
"FL",2015,42.7
"KY",2017,42.7
"IL",2015,42.7
"LA",2017,42.7
"AR",2019,42.7
"DE",2019,42.7
"OH",2019,42.7
"MO",2019,42.7
"NE",2011,42.7
"IL",2013,42.7
"MS",2011,42.7
"OK",2015,42.7
"KS",2015,42.7
"IN",2015,42.7
"IN",2015,42.7
"LA",2015,42.7
"NY",2015,42.7
"KS",2017,42.8
"KY",2015,42.8
"AZ",2015,42.8
"OH",2017,42.8
"AL",2017,42.8
"ND",2019,42.8
"SD",2011,42.8
"MS",2019,42.8
"RI",2013,42.8
"RI",2019,42.8
"NY",2019,42.8
"NH",2011,42.8
"MT",2011,42.8
"NV",2013,42.8
"NE",2011,42.8
"MA",2011,42.8
"NY",2013,42.8
"OK",2011,42.8
"RI",2017,42.9
"WY",2017,42.9
"MS",2017,42.9
"AR",2013,42.9
"NE",2013,42.9
"GA",2017,42.9
"MD",2017,42.9
"IN",2017,42.9
"MA",2017,42.9
"WV",2011,42.9
"NY",2019,42.9
"AZ",2013,42.9
"MO",2019,42.9
"FL",2013,42.9
"IA",2015,42.9
"KY",2015,42.9
"MD",2017,43
"OK",2017,43
"TX",2017,43
"IA",2017,43
"LA",2013,43
"MO",2013,43
"SC",2015,43
"WV",2011,43
"AL",2011,43
"HI",2017,43
"MS",2015,43
"OK",2017,43
"TN",2011,43
"DE",2017,43
"KY",2011,43
"NC",2015,43
"VA",2019,43
"MO",2019,43
"SC",2019,43
"AR",2019,43
"SC",2011,43
"AR",2011,43
"AZ",2013,43
"ND",2013,43
"NV",2015,43
"ND",2013,43
"ND",2011,43
"GA",2017,43.1
"AR",2017,43.1
"NC",2017,43.1
"NJ",2017,43.1
"MO",2015,43.1
"TX",2011,43.1
"AL",2011,43.1
"SC",2017,43.1
"NE",2019,43.1
"ND",2019,43.1
"OH",2019,43.1
"ND",2019,43.1
"IL",2019,43.1
"OH",2019,43.1
"DE",2015,43.1
"WA",2011,43.1
"MN",2015,43.1
"AL",2015,43.1
"OK",2017,43.2
"NM",2017,43.2
"AR",2015,43.2
"GA",2013,43.2
"TX",2015,43.2
"ND",2013,43.2
"TX",2013,43.2
"DE",2015,43.2
"SC",2015,43.2
"KS",2013,43.2
"GA",2017,43.2
"FL",2011,43.2
"VA",2013,43.2
"KS",2015,43.2
"MT",2019,43.2
"OK",2013,43.2
"NC",2019,43.2
"TX",2013,43.2
"PA",2011,43.2
"WV",2011,43.2
"FL",2017,43.3
"TN",2017,43.3
"NV",2017,43.3
"SC",2017,43.3
"SD",2017,43.3
"SC",2017,43.3
"OR",2017,43.3
"NY",2011,43.3
"HI",2017,43.3
"WV",2017,43.3
"IN",2019,43.3
"OK",2015,43.3
"TN",2019,43.3
"NY",2019,43.3
"WV",2013,43.3
"NV",2011,43.3
"IA",2015,43.3
"IN",2011,43.3
"KS",2017,43.4
"WI",2011,43.4
"NV",2011,43.4
"PA",2015,43.4
"IN",2017,43.4
"IN",2017,43.4
"KY",2017,43.4
"CT",2019,43.4
"SD",2019,43.4
"IN",2019,43.4
"NH",2013,43.4
"MN",2011,43.4
"AL",2011,43.4
"LA",2015,43.4
"AR",2013,43.4
"MD",2013,43.4
"IN",2011,43.4
"CA",2013,43.4
"NJ",2011,43.4
"OH",2015,43.4
"CA",2017,43.5
"UT",2017,43.5
"DE",2017,43.5
"OH",2017,43.5
"NY",2015,43.5
"FL",2015,43.5
"RI",2013,43.5
"OK",2013,43.5
"CT",2013,43.5
"DE",2011,43.5
"WV",2019,43.5
"ND",2015,43.5
"TN",2019,43.5
"DE",2011,43.5
"NJ",2015,43.5
"IA",2011,43.5
"MI",2013,43.5
"IN",2013,43.5
"OH",2015,43.5
"MO",2011,43.5
"KY",2011,43.5
"OK",2015,43.5
"TN",2015,43.5
"IN",2017,43.6
"KY",2017,43.6
"LA",2017,43.6
"VA",2013,43.6
"RI",2013,43.6
"FL",2013,43.6
"ND",2015,43.6
"IL",2011,43.6
"DE",2017,43.6
"TX",2017,43.6
"KS",2019,43.6
"AL",2019,43.6
"SD",2011,43.6
"TX",2019,43.6
"LA",2019,43.6
"AL",2019,43.6
"TX",2011,43.6
"WI",2015,43.6
"LA",2011,43.6
"MD",2011,43.6
"LA",2015,43.6
"VA",2017,43.7
"MO",2017,43.7
"ND",2017,43.7
"IL",2017,43.7
"SD",2017,43.7
"WI",2011,43.7
"DE",2015,43.7
"MN",2015,43.7
"IN",2011,43.7
"KS",2013,43.7
"NV",2017,43.7
"WA",2017,43.7
"OK",2013,43.7
"NY",2017,43.7
"KS",2019,43.7
"ME",2019,43.7
"CT",2019,43.7
"AL",2015,43.7
"LA",2013,43.7
"SC",2019,43.7
"TX",2019,43.7
"NJ",2011,43.7
"AK",2013,43.7
"ND",2015,43.7
"AR",2015,43.7
"IL",2015,43.8
"LA",2017,43.8
"NM",2011,43.8
"TX",2015,43.8
"NC",2011,43.8
"NV",2019,43.8
"IN",2019,43.8
"DE",2019,43.8
"NE",2011,43.8
"NJ",2015,43.8
"NV",2011,43.8
"AL",2011,43.8
"MS",2013,43.8
"IN",2015,43.8
"CT",2017,43.9
"AL",2017,43.9
"OK",2015,43.9
"NJ",2011,43.9
"DE",2013,43.9
"LA",2011,43.9
"CT",2011,43.9
"WV",2017,43.9
"MI",2015,43.9
"RI",2017,43.9
"DE",2017,43.9
"NC",2017,43.9
"SC",2013,43.9
"NC",2011,43.9
"OK",2013,43.9
"TN",2015,43.9
"SD",2019,43.9
"IN",2011,43.9
"KY",2015,43.9
"AR",2011,43.9
"NH",2011,43.9
"TX",2013,43.9
"NJ",2013,43.9
"NY",2011,43.9
"NC",2013,43.9
"WY",2013,43.9
"TN",2015,43.9
"AR",2013,43.9
"DE",2011,43.9
"ND",2017,44
"TN",2017,44
"AK",2017,44
"ND",2017,44
"IN",2013,44
"WV",2011,44
"MD",2011,44
"MA",2011,44
"GA",2015,44
"ME",2017,44
"AL",2017,44
"NJ",2013,44
"AL",2011,44
"SD",2011,44
"FL",2013,44
"OK",2013,44
"ME",2019,44
"PA",2019,44
"WA",2019,44
"TX",2015,44
"NH",2013,44
"TN",2019,44
"RI",2019,44
"NC",2015,44
"MS",2019,44
"AR",2019,44
"IN",2015,44
"OH",2013,44
"NC",2013,44
"WI",2013,44
"NY",2015,44.1
"AR",2017,44.1
"MI",2011,44.1
"AK",2015,44.1
"MS",2013,44.1
"MO",2019,44.1
"WV",2019,44.1
"WV",2019,44.1
"DE",2019,44.1
"MA",2019,44.1
"IN",2015,44.1
"AZ",2019,44.1
"MI",2011,44.1
"FL",2011,44.1
"KY",2013,44.1
"NM",2015,44.1
"MO",2013,44.1
"CT",2011,44.1
"RI",2011,44.1
"NC",2011,44.1
"GA",2013,44.1
"ME",2017,44.2
"RI",2017,44.2
"OK",2017,44.2
"RI",2017,44.2
"MD",2017,44.2
"KY",2013,44.2
"AR",2011,44.2
"NY",2013,44.2
"IA",2011,44.2
"AL",2017,44.2
"IA",2015,44.2
"IN",2019,44.2
"ME",2019,44.2
"AL",2019,44.2
"TX",2019,44.2
"IA",2019,44.2
"AL",2015,44.2
"ND",2019,44.2
"WY",2011,44.2
"AR",2019,44.2
"OK",2011,44.2
"KS",2019,44.2
"MO",2019,44.2
"MA",2015,44.2
"RI",2015,44.2
"DE",2011,44.2
"OK",2011,44.2
"IN",2013,44.2
"LA",2017,44.3
"GA",2017,44.3
"OH",2017,44.3
"NH",2015,44.3
"MI",2015,44.3
"AR",2015,44.3
"KY",2017,44.3
"OH",2017,44.3
"KY",2017,44.3
"AL",2013,44.3
"SC",2017,44.3
"MO",2017,44.3
"IA",2011,44.3
"NM",2019,44.3
"MO",2019,44.3
"IN",2011,44.3
"TX",2015,44.3
"ND",2015,44.3
"NE",2015,44.3
"WY",2015,44.3
"WI",2013,44.3
"NY",2015,44.3
"MI",2011,44.3
"NV",2013,44.3
"NC",2015,44.3
"TX",2013,44.3
"GA",2017,44.4
"TN",2017,44.4
"VA",2017,44.4
"TN",2017,44.4
"NY",2015,44.4
"OK",2013,44.4
"SD",2019,44.4
"KS",2011,44.4
"SD",2019,44.4
"ME",2019,44.4
"VA",2015,44.4
"OH",2013,44.4
"WV",2019,44.4
"TX",2013,44.4
"PA",2019,44.4
"ND",2011,44.4
"IN",2011,44.4
"OK",2011,44.4
"NY",2011,44.4
"SC",2013,44.4
"PA",2015,44.4
"LA",2011,44.4
"OK",2013,44.4
"MN",2013,44.4
"ND",2011,44.4
"ND",2011,44.4
"IN",2013,44.4
"IN",2015,44.4
"NY",2017,44.5
"MS",2017,44.5
"FL",2017,44.5
"PA",2011,44.5
"TN",2015,44.5
"AK",2013,44.5
"OK",2017,44.5
"OH",2019,44.5
"SD",2019,44.5
"LA",2019,44.5
"SD",2019,44.5
"SC",2019,44.5
"CA",2019,44.5
"PA",2011,44.5
"CT",2013,44.5
"PA",2013,44.5
"MS",2013,44.5
"MD",2013,44.5
"NC",2013,44.5
"IN",2011,44.5
"IL",2013,44.6
"NE",2017,44.6
"NE",2017,44.6
"IN",2017,44.6
"NV",2017,44.6
"NC",2015,44.6
"AL",2015,44.6
"NJ",2017,44.6
"SC",2017,44.6
"SC",2019,44.6
"SC",2019,44.6
"IA",2015,44.6
"RI",2019,44.6
"IL",2015,44.6
"OK",2011,44.6
"KY",2011,44.6
"SC",2015,44.6
"CA",2011,44.6
"AR",2011,44.6
"TN",2015,44.6
"MS",2015,44.6
"KY",2017,44.7
"IA",2017,44.7
"MS",2017,44.7
"AR",2017,44.7
"AL",2017,44.7
"CT",2011,44.7
"TX",2017,44.7
"WY",2017,44.7
"VA",2017,44.7
"NE",2011,44.7
"TX",2011,44.7
"OK",2015,44.7
"OK",2013,44.7
"MO",2017,44.7
"IA",2011,44.7
"NH",2013,44.7
"VA",2019,44.7
"IN",2015,44.7
"GA",2019,44.7
"MI",2019,44.7
"MD",2019,44.7
"KY",2013,44.7
"SC",2013,44.7
"OH",2013,44.7
"WY",2013,44.7
"KY",2011,44.7
"MD",2011,44.7
"PA",2013,44.7
"TX",2011,44.7
"GA",2015,44.7
"OH",2013,44.7
"UT",2011,44.7
"KY",2013,44.7
"MO",2013,44.7
"MO",2011,44.7
"IN",2013,44.7
"MO",2017,44.8
"WV",2017,44.8
"OH",2015,44.8
"IN",2011,44.8
"GA",2017,44.8
"WY",2017,44.8
"AL",2017,44.8
"IL",2019,44.8
"RI",2019,44.8
"IL",2019,44.8
"ID",2019,44.8
"TN",2015,44.8
"AR",2015,44.8
"TX",2015,44.8
"NY",2013,44.8
"OK",2011,44.8
"LA",2013,44.8
"NM",2011,44.8
"OK",2017,44.9
"ND",2017,44.9
"CT",2013,44.9
"OH",2013,44.9
"VA",2013,44.9
"OK",2015,44.9
"MA",2013,44.9
"PA",2011,44.9
"GA",2017,44.9
"VA",2011,44.9
"OH",2017,44.9
"IA",2017,44.9
"AR",2017,44.9
"TX",2015,44.9
"NV",2019,44.9
"TN",2019,44.9
"KY",2015,44.9
"UT",2013,44.9
"IL",2011,44.9
"NE",2019,44.9
"CT",2019,44.9
"IN",2019,44.9
"NC",2019,44.9
"OK",2013,44.9
"WY",2011,44.9
"KS",2013,44.9
"WA",2011,44.9
"KY",2013,44.9
"OK",2013,44.9
"AR",2013,44.9
"MN",2017,45
"ND",2017,45
"LA",2017,45
"DE",2013,45
"WA",2013,45
"FL",2013,45
"MO",2015,45
"IA",2011,45
"LA",2013,45
"TX",2011,45
"AZ",2013,45
"NC",2017,45
"MT",2015,45
"MI",2013,45
"LA",2011,45
"MO",2019,45
"SC",2011,45
"CO",2013,45
"NY",2019,45
"KS",2019,45
"OH",2011,45
"MI",2015,45
"AL",2013,45
"WV",2015,45
"DE",2013,45
"IL",2015,45
"PA",2013,45
"MS",2017,45.1
"MI",2017,45.1
"TX",2017,45.1
"OH",2017,45.1
"ND",2017,45.1
"AL",2017,45.1
"DE",2011,45.1
"KY",2017,45.1
"IA",2019,45.1
"NY",2019,45.1
"GA",2019,45.1
"SD",2011,45.1
"MO",2019,45.1
"NV",2019,45.1
"OR",2019,45.1
"AR",2013,45.1
"PA",2015,45.1
"CT",2015,45.1
"PA",2011,45.1
"SD",2011,45.1
"KY",2013,45.1
"NC",2013,45.1
"ND",2011,45.1
"LA",2013,45.1
"AR",2015,45.1
"CT",2015,45.2
"MO",2017,45.2
"TX",2017,45.2
"NM",2013,45.2
"ND",2015,45.2
"GA",2013,45.2
"AR",2017,45.2
"NM",2017,45.2
"MD",2013,45.2
"GA",2017,45.2
"IN",2019,45.2
"OK",2019,45.2
"TX",2015,45.2
"OH",2019,45.2
"KS",2015,45.2
"KY",2015,45.2
"LA",2015,45.2
"KS",2015,45.2
"SD",2011,45.2
"ND",2013,45.2
"DE",2011,45.2
"LA",2011,45.2
"WA",2015,45.2
"FL",2017,45.3
"OR",2017,45.3
"SC",2017,45.3
"NE",2013,45.3
"IN",2015,45.3
"ND",2013,45.3
"GA",2015,45.3
"SC",2017,45.3
"KS",2011,45.3
"CA",2019,45.3
"AZ",2019,45.3
"CA",2015,45.3
"NE",2019,45.3
"HI",2013,45.3
"WY",2019,45.3
"ND",2011,45.3
"NC",2015,45.3
"NC",2015,45.3
"WA",2011,45.3
"WV",2013,45.3
"OK",2011,45.3
"NY",2015,45.3
"PA",2015,45.3
"NJ",2013,45.3
"NE",2017,45.4
"AR",2017,45.4
"NC",2017,45.4
"RI",2017,45.4
"KY",2015,45.4
"MS",2017,45.4
"WV",2011,45.4
"TN",2015,45.4
"AR",2017,45.4
"AL",2013,45.4
"MO",2015,45.4
"NE",2019,45.4
"MO",2019,45.4
"LA",2019,45.4
"MN",2019,45.4
"OK",2019,45.4
"RI",2015,45.4
"IN",2011,45.4
"VA",2015,45.4
"OH",2015,45.4
"KY",2013,45.4
"KS",2013,45.4
"AK",2015,45.4
"NY",2015,45.4
"GA",2011,45.4
"TN",2015,45.4
"AL",2011,45.4
"RI",2015,45.4
"WV",2017,45.5
"IN",2017,45.5
"OR",2017,45.5
"MO",2017,45.5
"WI",2015,45.5
"SD",2011,45.5
"ND",2013,45.5
"IA",2017,45.5
"NV",2017,45.5
"MN",2013,45.5
"AL",2015,45.5
"NH",2013,45.5
"MA",2017,45.5
"SC",2019,45.5
"KS",2011,45.5
"MS",2019,45.5
"SD",2019,45.5
"ND",2019,45.5
"NE",2019,45.5
"WI",2011,45.5
"TN",2011,45.5
"FL",2011,45.5
"CT",2013,45.5
"IN",2011,45.5
"AR",2011,45.5
"NC",2011,45.5
"LA",2015,45.5
"KY",2013,45.5
"IN",2013,45.5
"MS",2017,45.6
"MD",2017,45.6
"MS",2017,45.6
"TX",2017,45.6
"IN",2013,45.6
"KS",2011,45.6
"NE",2013,45.6
"RI",2013,45.6
"AR",2011,45.6
"GA",2011,45.6
"PA",2015,45.6
"AZ",2017,45.6
"MN",2017,45.6
"ND",2017,45.6
"AL",2017,45.6
"DE",2017,45.6
"SC",2019,45.6
"SD",2015,45.6
"TX",2019,45.6
"RI",2019,45.6
"IA",2013,45.6
"WV",2019,45.6
"LA",2019,45.6
"UT",2015,45.6
"WV",2019,45.6
"IA",2019,45.6
"NC",2015,45.6
"NV",2011,45.6
"RI",2011,45.6
"ND",2011,45.6
"TN",2015,45.6
"CT",2013,45.6
"NJ",2015,45.6
"OH",2011,45.6
"NY",2015,45.6
"KS",2015,45.6
"OK",2011,45.7
"TX",2017,45.7
"ND",2017,45.7
"OH",2017,45.7
"NJ",2015,45.7
"ND",2011,45.7
"MO",2011,45.7
"TN",2017,45.7
"AR",2011,45.7
"SD",2017,45.7
"FL",2017,45.7
"MA",2017,45.7
"MD",2011,45.7
"TX",2015,45.7
"CA",2019,45.7
"NE",2019,45.7
"GA",2019,45.7
"AL",2019,45.7
"MA",2019,45.7
"AL",2015,45.7
"OH",2019,45.7
"NV",2019,45.7
"IL",2019,45.7
"IL",2019,45.7
"GA",2019,45.7
"TX",2011,45.7
"FL",2013,45.7
"FL",2015,45.7
"TN",2017,45.8
"LA",2017,45.8
"NE",2017,45.8
"CT",2017,45.8
"MD",2017,45.8
"WA",2017,45.8
"MO",2017,45.8
"MO",2013,45.8
"WV",2015,45.8
"VA",2015,45.8
"FL",2011,45.8
"WA",2013,45.8
"FL",2017,45.8
"TX",2019,45.8
"AK",2019,45.8
"OH",2019,45.8
"KY",2011,45.8
"GA",2015,45.8
"WV",2015,45.8
"PA",2011,45.8
"ND",2011,45.8
"AZ",2013,45.8
"OK",2015,45.8
"WY",2015,45.8
"VA",2011,45.8
"KS",2013,45.8
"NY",2015,45.8
"PA",2013,45.8
"FL",2017,45.9
"SD",2017,45.9
"NV",2017,45.9
"GA",2017,45.9
"PA",2011,45.9
"NY",2013,45.9
"AR",2013,45.9
"NE",2017,45.9
"GA",2017,45.9
"NV",2017,45.9
"NY",2017,45.9
"UT",2019,45.9
"VT",2015,45.9
"KY",2019,45.9
"KY",2011,45.9
"DE",2019,45.9
"LA",2019,45.9
"AL",2019,45.9
"NJ",2015,45.9
"KY",2011,45.9
"IL",2011,45.9
"ND",2015,45.9
"UT",2013,45.9
"OK",2011,45.9
"MD",2013,45.9
"AR",2015,45.9
"MA",2011,46
"CT",2017,46
"AR",2017,46
"AR",2017,46
"VT",2017,46
"SC",2017,46
"GA",2017,46
"PA",2015,46
"NJ",2017,46
"IL",2017,46
"KS",2019,46
"SD",2019,46
"TX",2013,46
"MO",2019,46
"NJ",2013,46
"NV",2019,46
"KY",2013,46
"IL",2019,46
"IN",2015,46
"NY",2019,46
"IN",2011,46
"IN",2019,46
"IN",2019,46
"IN",2013,46
"NE",2013,46
"WV",2011,46
"WV",2015,46
"KY",2015,46
"OK",2015,46
"MN",2013,46
"AR",2015,46
"WA",2011,46
"NJ",2017,46.1
"OK",2017,46.1
"IA",2017,46.1
"VA",2013,46.1
"SD",2011,46.1
"MN",2013,46.1
"WV",2017,46.1
"GA",2017,46.1
"CT",2013,46.1
"GA",2017,46.1
"RI",2011,46.1
"DE",2013,46.1
"NY",2011,46.1
"OR",2019,46.1
"MI",2019,46.1
"DE",2015,46.1
"SD",2011,46.1
"DE",2011,46.1
"ND",2011,46.1
"NH",2015,46.1
"MA",2013,46.1
"IA",2013,46.1
"IA",2013,46.1
"TN",2013,46.1
"KY",2011,46.1
"AK",2013,46.1
"MD",2013,46.2
"PA",2017,46.2
"OH",2017,46.2
"VT",2017,46.2
"KS",2015,46.2
"LA",2015,46.2
"WV",2011,46.2
"AL",2017,46.2
"MI",2019,46.2
"FL",2015,46.2
"CO",2019,46.2
"FL",2019,46.2
"KS",2019,46.2
"TX",2019,46.2
"SD",2011,46.2
"ND",2013,46.2
"WA",2019,46.2
"LA",2019,46.2
"ND",2019,46.2
"WV",2013,46.2
"NV",2011,46.2
"RI",2013,46.2
"OK",2015,46.2
"DE",2017,46.3
"IN",2017,46.3
"OK",2017,46.3
"NE",2015,46.3
"MN",2013,46.3
"TN",2017,46.3
"KY",2015,46.3
"NJ",2017,46.3
"MO",2017,46.3
"LA",2017,46.3
"UT",2015,46.3
"WY",2011,46.3
"DE",2019,46.3
"RI",2019,46.3
"SD",2019,46.3
"TN",2019,46.3
"AR",2019,46.3
"SD",2011,46.3
"DE",2013,46.3
"ND",2019,46.3
"IA",2011,46.3
"TN",2019,46.3
"AZ",2011,46.3
"ME",2013,46.3
"NY",2013,46.3
"NJ",2011,46.3
"IL",2013,46.3
"KS",2011,46.3
"TN",2015,46.3
"TN",2015,46.3
"UT",2015,46.3
"LA",2015,46.3
"SC",2011,46.3
"WV",2011,46.3
"NH",2015,46.3
"OK",2017,46.4
"FL",2017,46.4
"MN",2017,46.4
"KY",2017,46.4
"DE",2011,46.4
"AR",2015,46.4
"PA",2015,46.4
"IN",2017,46.4
"PA",2017,46.4
"IN",2017,46.4
"OK",2013,46.4
"IA",2017,46.4
"SD",2011,46.4
"IN",2011,46.4
"AZ",2019,46.4
"NJ",2015,46.4
"RI",2019,46.4
"MO",2019,46.4
"OK",2011,46.4
"TN",2019,46.4
"TX",2013,46.4
"SC",2015,46.4
"NV",2015,46.4
"ID",2015,46.4
"UT",2015,46.4
"NY",2011,46.4
"ND",2015,46.4
"IN",2011,46.4
"MO",2017,46.5
"IN",2017,46.5
"IA",2017,46.5
"KS",2017,46.5
"SC",2017,46.5
"SC",2017,46.5
"PA",2013,46.5
"KS",2013,46.5
"KY",2015,46.5
"AL",2015,46.5
"GA",2019,46.5
"PA",2019,46.5
"AR",2019,46.5
"SD",2019,46.5
"MO",2015,46.5
"AL",2019,46.5
"IN",2019,46.5
"SC",2015,46.5
"MI",2013,46.5
"AK",2011,46.5
"ND",2013,46.5
"IA",2015,46.5
"NY",2013,46.5
"OK",2011,46.5
"UT",2011,46.5
"KY",2017,46.6
"OH",2015,46.6
"ND",2013,46.6
"VT",2011,46.6
"IN",2017,46.6
"TN",2015,46.6
"MA",2017,46.6
"NC",2017,46.6
"FL",2017,46.6
"MI",2013,46.6
"LA",2019,46.6
"HI",2019,46.6
"AR",2011,46.6
"MS",2013,46.6
"ND",2019,46.6
"ID",2019,46.6
"SD",2019,46.6
"MD",2019,46.6
"MS",2015,46.6
"NE",2011,46.6
"GA",2015,46.6
"LA",2015,46.6
"GA",2015,46.6
"MD",2013,46.6
"ND",2013,46.6
"CT",2011,46.6
"IL",2013,46.6
"NC",2015,46.6
"OK",2015,46.6
"PA",2011,46.6
"MS",2017,46.7
"SD",2017,46.7
"MI",2017,46.7
"ND",2017,46.7
"KY",2017,46.7
"AL",2017,46.7
"IN",2011,46.7
"IA",2011,46.7
"TN",2011,46.7
"OK",2013,46.7
"VT",2013,46.7
"SD",2017,46.7
"RI",2011,46.7
"IA",2011,46.7
"FL",2013,46.7
"KS",2011,46.7
"CO",2015,46.7
"IA",2019,46.7
"NV",2019,46.7
"IL",2019,46.7
"ID",2019,46.7
"MA",2011,46.7
"GA",2019,46.7
"NC",2019,46.7
"SC",2013,46.7
"MD",2011,46.7
"NM",2011,46.7
"AZ",2017,46.8
"TN",2017,46.8
"AR",2017,46.8
"WY",2011,46.8
"KS",2011,46.8
"MD",2013,46.8
"NY",2013,46.8
"NC",2011,46.8
"NC",2013,46.8
"NY",2019,46.8
"ND",2011,46.8
"OH",2019,46.8
"ND",2019,46.8
"IA",2013,46.8
"AR",2019,46.8
"DE",2015,46.8
"MD",2019,46.8
"AR",2019,46.8
"SD",2011,46.8
"NC",2015,46.8
"AL",2015,46.8
"FL",2013,46.8
"ND",2011,46.8
"VA",2013,46.8
"FL",2011,46.8
"VA",2015,46.8
"KY",2011,46.8
"ME",2015,46.8
"SC",2011,46.8
"KS",2011,46.8
"WV",2011,46.8
"SC",2011,46.8
"CT",2017,46.9
"PA",2017,46.9
"OH",2017,46.9
"NE",2017,46.9
"FL",2017,46.9
"ME",2017,46.9
"NV",2017,46.9
"IA",2013,46.9
"NE",2013,46.9
"CT",2013,46.9
"WV",2013,46.9
"MD",2013,46.9
"ND",2015,46.9
"IN",2019,46.9
"CA",2019,46.9
"KS",2011,46.9
"KS",2019,46.9
"IL",2013,46.9
"NE",2019,46.9
"IL",2019,46.9
"MD",2013,46.9
"RI",2011,46.9
"NJ",2015,46.9
"AZ",2015,46.9
"NH",2015,46.9
"MO",2013,46.9
"NE",2011,46.9
"MO",2015,46.9
"SD",2017,47
"PA",2017,47
"ND",2017,47
"MI",2017,47
"OK",2015,47
"PA",2013,47
"WI",2015,47
"DE",2011,47
"NV",2017,47
"ND",2015,47
"TN",2017,47
"IN",2011,47
"MI",2019,47
"IA",2011,47
"NC",2019,47
"MS",2019,47
"SD",2011,47
"NE",2011,47
"OR",2011,47
"IN",2015,47
"TN",2011,47
"FL",2015,47
"TX",2015,47
"TX",2017,47.1
"DE",2017,47.1
"NJ",2017,47.1
"AZ",2017,47.1
"LA",2015,47.1
"KY",2013,47.1
"ME",2011,47.1
"NY",2013,47.1
"KS",2015,47.1
"OK",2017,47.1
"AL",2013,47.1
"AR",2017,47.1
"SC",2017,47.1
"VT",2011,47.1
"MD",2011,47.1
"IL",2019,47.1
"MI",2013,47.1
"AK",2019,47.1
"MD",2011,47.1
"NV",2011,47.1
"NY",2013,47.1
"WV",2013,47.1
"WV",2013,47.1
"OH",2011,47.1
"IL",2015,47.1
"ND",2011,47.1
"NY",2015,47.1
"CT",2013,47.1
"NC",2011,47.1
"TX",2011,47.1
"WI",2011,47.1
"NC",2013,47.1
"MS",2017,47.2
"MT",2017,47.2
"NE",2015,47.2
"NE",2011,47.2
"SC",2013,47.2
"KS",2011,47.2
"GA",2013,47.2
"MO",2017,47.2
"OH",2019,47.2
"CT",2019,47.2
"NV",2015,47.2
"NC",2013,47.2
"KS",2011,47.2
"LA",2015,47.2
"OK",2013,47.2
"TN",2011,47.2
"WV",2013,47.2
"IN",2013,47.2
"AZ",2017,47.3
"GA",2017,47.3
"IA",2017,47.3
"MS",2017,47.3
"SC",2017,47.3
"ND",2013,47.3
"MN",2015,47.3
"MS",2015,47.3
"KY",2013,47.3
"OK",2015,47.3
"DE",2015,47.3
"MN",2011,47.3
"NM",2011,47.3
"GA",2013,47.3
"TN",2011,47.3
"CT",2015,47.3
"NE",2015,47.3
"NJ",2017,47.3
"NY",2013,47.3
"SC",2017,47.3
"KS",2013,47.3
"MI",2019,47.3
"DE",2019,47.3
"WI",2019,47.3
"DE",2019,47.3
"TN",2011,47.3
"AL",2019,47.3
"IL",2011,47.3
"IA",2011,47.3
"IA",2019,47.3
"ME",2015,47.3
"AL",2013,47.3
"MI",2015,47.3
"KS",2015,47.3
"NY",2011,47.3
"ND",2011,47.3
"SC",2011,47.3
"UT",2011,47.3
"MD",2011,47.3
"WV",2017,47.4
"AL",2013,47.4
"NJ",2017,47.4
"ND",2017,47.4
"MO",2017,47.4
"AZ",2011,47.4
"MO",2015,47.4
"NV",2011,47.4
"KY",2011,47.4
"GA",2019,47.4
"RI",2013,47.4
"AK",2013,47.4
"KS",2019,47.4
"VA",2019,47.4
"PA",2013,47.4
"WA",2015,47.4
"WA",2011,47.4
"KY",2015,47.4
"NJ",2015,47.4
"ND",2011,47.4
"NE",2011,47.4
"DE",2013,47.4
"CT",2015,47.4
"NH",2017,47.5
"LA",2017,47.5
"MI",2017,47.5
"KS",2017,47.5
"MS",2017,47.5
"FL",2015,47.5
"AZ",2011,47.5
"OK",2015,47.5
"GA",2017,47.5
"KS",2017,47.5
"AR",2017,47.5
"PA",2017,47.5
"DE",2017,47.5
"CT",2017,47.5
"KS",2011,47.5
"GA",2017,47.5
"TN",2019,47.5
"UT",2019,47.5
"PA",2019,47.5
"IN",2019,47.5
"ND",2019,47.5
"IA",2011,47.5
"PA",2011,47.5
"WI",2015,47.5
"MD",2011,47.5
"WV",2015,47.5
"IN",2011,47.5
"TX",2011,47.5
"AZ",2015,47.5
"OH",2013,47.5
"ND",2015,47.5
"MT",2011,47.5
"UT",2017,47.6
"MI",2017,47.6
"NY",2011,47.6
"IN",2017,47.6
"KS",2017,47.6
"MI",2017,47.6
"MO",2017,47.6
"ID",2017,47.6
"NE",2017,47.6
"MO",2017,47.6
"MO",2017,47.6
"ID",2013,47.6
"IN",2013,47.6
"PA",2015,47.6
"ND",2017,47.6
"WV",2017,47.6
"NJ",2017,47.6
"ND",2015,47.6
"MI",2017,47.6
"VA",2017,47.6
"WV",2013,47.6
"WV",2019,47.6
"IL",2015,47.6
"AR",2015,47.6
"SC",2011,47.6
"WV",2013,47.6
"NH",2019,47.6
"NM",2011,47.6
"VA",2015,47.6
"IA",2011,47.6
"IL",2011,47.6
"MO",2011,47.6
"IA",2013,47.6
"RI",2015,47.6
"MA",2015,47.6
"IN",2015,47.6
"RI",2015,47.6
"RI",2013,47.6
"PA",2011,47.6
"MN",2013,47.6
"RI",2011,47.6
"GA",2015,47.6
"MN",2017,47.7
"WV",2017,47.7
"MO",2017,47.7
"ND",2017,47.7
"MN",2017,47.7
"IA",2011,47.7
"DE",2015,47.7
"MS",2017,47.7
"ND",2011,47.7
"OH",2017,47.7
"KY",2011,47.7
"MA",2015,47.7
"ND",2019,47.7
"TX",2011,47.7
"SC",2015,47.7
"MT",2013,47.7
"MO",2019,47.7
"AZ",2019,47.7
"CA",2013,47.7
"LA",2019,47.7
"GA",2019,47.7
"SC",2019,47.7
"VA",2019,47.7
"NM",2011,47.7
"WY",2013,47.7
"LA",2013,47.7
"MO",2013,47.7
"WI",2013,47.7
"NY",2011,47.7
"FL",2015,47.7
"TN",2013,47.7
"FL",2013,47.7
"PA",2015,47.7
"PA",2011,47.7
"NJ",2011,47.7
"GA",2017,47.8
"NJ",2017,47.8
"RI",2017,47.8
"OH",2017,47.8
"NJ",2015,47.8
"OH",2011,47.8
"PA",2015,47.8
"VA",2011,47.8
"KY",2011,47.8
"RI",2013,47.8
"WV",2015,47.8
"IL",2015,47.8
"MD",2017,47.8
"ME",2017,47.8
"KY",2011,47.8
"GA",2017,47.8
"VA",2015,47.8
"CT",2019,47.8
"AR",2019,47.8
"MA",2015,47.8
"NE",2011,47.8
"NJ",2013,47.8
"MI",2015,47.8
"OR",2013,47.8
"WY",2011,47.8
"PA",2015,47.8
"MN",2011,47.8
"IL",2013,47.8
"PA",2013,47.8
"NE",2015,47.8
"NC",2017,47.9
"WI",2017,47.9
"TN",2017,47.9
"MI",2017,47.9
"MS",2017,47.9
"IN",2015,47.9
"WV",2015,47.9
"AL",2015,47.9
"AZ",2013,47.9
"PA",2013,47.9
"LA",2013,47.9
"IN",2011,47.9
"NY",2017,47.9
"AK",2015,47.9
"NJ",2013,47.9
"OR",2011,47.9
"KS",2011,47.9
"TN",2019,47.9
"ND",2019,47.9
"HI",2019,47.9
"MA",2019,47.9
"IN",2019,47.9
"CO",2019,47.9
"AZ",2011,47.9
"MN",2019,47.9
"SC",2019,47.9
"SC",2019,47.9
"MO",2019,47.9
"KS",2019,47.9
"GA",2013,47.9
"GA",2019,47.9
"ID",2015,47.9
"DE",2015,47.9
"NH",2013,47.9
"NJ",2013,47.9
"IA",2013,47.9
"OH",2013,47.9
"ME",2013,47.9
"KY",2017,48
"MT",2017,48
"AR",2017,48
"NV",2017,48
"FL",2017,48
"SC",2013,48
"SC",2015,48
"UT",2019,48
"WY",2019,48
"OH",2019,48
"WV",2019,48
"MA",2013,48
"AL",2019,48
"MI",2019,48
"OH",2019,48
"SD",2019,48
"AL",2019,48
"WV",2015,48
"OH",2011,48
"WV",2015,48
"VA",2013,48
"IA",2015,48
"IA",2011,48
"DE",2015,48
"KY",2013,48
"NY",2015,48
"DE",2013,48
"GA",2015,48
"IL",2011,48
"WY",2013,48
"IA",2011,48
"WY",2013,48
"NE",2011,48
"VA",2017,48.1
"IN",2017,48.1
"NY",2017,48.1
"WI",2017,48.1
"MI",2017,48.1
"WV",2017,48.1
"TN",2017,48.1
"LA",2017,48.1
"NY",2017,48.1
"NC",2011,48.1
"ID",2015,48.1
"NC",2011,48.1
"MD",2011,48.1
"KS",2011,48.1
"AZ",2015,48.1
"GA",2015,48.1
"PA",2013,48.1
"NC",2015,48.1
"CO",2017,48.1
"IN",2019,48.1
"TN",2019,48.1
"AK",2019,48.1
"MA",2019,48.1
"MO",2013,48.1
"FL",2015,48.1
"ND",2019,48.1
"MD",2015,48.1
"OH",2015,48.1
"IL",2015,48.1
"LA",2013,48.1
"TX",2011,48.1
"RI",2015,48.1
"ND",2015,48.1
"FL",2013,48.1
"SC",2015,48.1
"NM",2011,48.1
"VT",2013,48.1
"UT",2017,48.2
"WV",2017,48.2
"ID",2017,48.2
"DE",2015,48.2
"MO",2011,48.2
"TX",2013,48.2
"OH",2015,48.2
"IA",2013,48.2
"KS",2015,48.2
"NV",2017,48.2
"MN",2017,48.2
"PA",2015,48.2
"NY",2019,48.2
"NY",2019,48.2
"IA",2019,48.2
"MA",2019,48.2
"DE",2019,48.2
"GA",2011,48.2
"ND",2015,48.2
"RI",2019,48.2
"NE",2019,48.2
"MO",2013,48.2
"NE",2011,48.2
"NV",2011,48.2
"ID",2013,48.2
"TX",2011,48.2
"WV",2013,48.2
"LA",2017,48.3
"HI",2017,48.3
"GA",2013,48.3
"NV",2013,48.3
"GA",2011,48.3
"GA",2011,48.3
"PA",2017,48.3
"NY",2013,48.3
"NE",2017,48.3
"MD",2011,48.3
"DE",2017,48.3
"VA",2019,48.3
"LA",2019,48.3
"IA",2019,48.3
"ME",2019,48.3
"HI",2015,48.3
"SD",2019,48.3
"NY",2019,48.3
"NH",2011,48.3
"OR",2015,48.3
"NM",2013,48.3
"NY",2013,48.3
"MN",2011,48.3
"RI",2011,48.3
"ID",2011,48.3
"RI",2011,48.3
"OK",2015,48.3
"NY",2015,48.3
"ND",2013,48.3
"NJ",2013,48.3
"DE",2015,48.3
"NE",2015,48.3
"PA",2011,48.3
"PA",2013,48.3
"AL",2013,48.3
"NH",2017,48.4
"IN",2017,48.4
"RI",2017,48.4
"MD",2011,48.4
"NC",2011,48.4
"NC",2017,48.4
"NY",2019,48.4
"MD",2013,48.4
"AR",2019,48.4
"OH",2019,48.4
"LA",2019,48.4
"AK",2013,48.4
"LA",2013,48.4
"TN",2019,48.4
"FL",2019,48.4
"OR",2019,48.4
"MS",2015,48.4
"NE",2019,48.4
"NJ",2015,48.4
"LA",2019,48.4
"ME",2015,48.4
"VT",2015,48.4
"FL",2013,48.4
"MD",2011,48.4
"SC",2011,48.4
"TX",2015,48.4
"GA",2011,48.4
"AR",2015,48.4
"MD",2017,48.5
"UT",2017,48.5
"KS",2017,48.5
"ID",2011,48.5
"AL",2015,48.5
"AR",2011,48.5
"MA",2015,48.5
"OH",2017,48.5
"SD",2017,48.5
"MD",2017,48.5
"CT",2017,48.5
"TX",2019,48.5
"MS",2011,48.5
"DE",2011,48.5
"NY",2019,48.5
"NV",2015,48.5
"AZ",2015,48.5
"WA",2015,48.5
"AZ",2019,48.5
"DE",2015,48.5
"NM",2019,48.5
"AK",2019,48.5
"MD",2015,48.5
"DE",2011,48.5
"TX",2011,48.5
"NC",2015,48.5
"NY",2011,48.5
"OK",2011,48.5
"KY",2011,48.5
"AZ",2015,48.5
"OH",2013,48.5
"NY",2015,48.5
"RI",2017,48.6
"NM",2017,48.6
"MT",2017,48.6
"HI",2017,48.6
"SC",2017,48.6
"CT",2015,48.6
"NE",2011,48.6
"CA",2011,48.6
"NE",2019,48.6
"ME",2019,48.6
"ND",2019,48.6
"AL",2019,48.6
"ME",2019,48.6
"KS",2019,48.6
"NY",2019,48.6
"IA",2013,48.6
"VA",2019,48.6
"CT",2019,48.6
"FL",2013,48.6
"PA",2013,48.6
"WI",2015,48.6
"MO",2011,48.6
"ND",2011,48.6
"NC",2013,48.6
"IL",2015,48.6
"ME",2013,48.6
"MN",2011,48.6
"MO",2011,48.6
"LA",2011,48.6
"PA",2015,48.6
"MO",2013,48.6
"IA",2015,48.6
"MD",2013,48.6
"MN",2013,48.6
"PA",2013,48.7
"NY",2017,48.7
"IN",2017,48.7
"KS",2017,48.7
"FL",2017,48.7
"WA",2015,48.7
"ND",2015,48.7
"MS",2013,48.7
"RI",2011,48.7
"IA",2017,48.7
"MD",2011,48.7
"OH",2013,48.7
"OH",2017,48.7
"NC",2019,48.7
"GA",2013,48.7
"FL",2019,48.7
"ND",2019,48.7
"AR",2013,48.7
"MD",2019,48.7
"UT",2019,48.7
"KS",2019,48.7
"KY",2019,48.7
"AR",2019,48.7
"NE",2019,48.7
"NE",2019,48.7
"LA",2013,48.7
"WA",2013,48.7
"AL",2011,48.7
"KS",2013,48.7
"SD",2015,48.7
"MN",2011,48.7
"NE",2015,48.7
"IA",2013,48.7
"MN",2013,48.7
"SD",2015,48.7
"RI",2015,48.7
"SC",2011,48.7
"IL",2017,48.8
"KS",2017,48.8
"KY",2017,48.8
"VA",2017,48.8
"NC",2011,48.8
"IA",2011,48.8
"GA",2011,48.8
"SC",2013,48.8
"AZ",2017,48.8
"IL",2017,48.8
"UT",2017,48.8
"DE",2017,48.8
"NE",2017,48.8
"WI",2013,48.8
"FL",2019,48.8
"RI",2013,48.8
"KS",2013,48.8
"MI",2011,48.8
"NC",2019,48.8
"SD",2019,48.8
"WI",2019,48.8
"GA",2019,48.8
"MN",2019,48.8
"HI",2019,48.8
"MA",2011,48.8
"VA",2015,48.8
"NE",2013,48.8
"IA",2015,48.8
"AR",2011,48.8
"AZ",2011,48.8
"AR",2011,48.8
"WI",2013,48.8
"VT",2015,48.8
"IA",2013,48.8
"NC",2015,48.8
"ND",2011,48.8
"SD",2017,48.9
"NJ",2017,48.9
"NC",2017,48.9
"WA",2017,48.9
"RI",2017,48.9
"WA",2011,48.9
"IA",2015,48.9
"ND",2015,48.9
"NY",2013,48.9
"NM",2015,48.9
"MO",2017,48.9
"PA",2013,48.9
"WV",2017,48.9
"NM",2017,48.9
"KS",2017,48.9
"PA",2017,48.9
"CA",2013,48.9
"ID",2013,48.9
"IL",2013,48.9
"AZ",2013,48.9
"NC",2015,48.9
"IL",2019,48.9
"OH",2019,48.9
"NC",2019,48.9
"TX",2019,48.9
"IA",2019,48.9
"RI",2019,48.9
"NJ",2015,48.9
"NC",2019,48.9
"MN",2015,48.9
"OH",2013,48.9
"TN",2015,48.9
"CT",2011,48.9
"CT",2013,48.9
"OH",2011,48.9
"RI",2013,48.9
"RI",2013,48.9
"IA",2017,49
"WV",2017,49
"MN",2017,49
"AL",2017,49
"MI",2017,49
"OH",2011,49
"MI",2013,49
"KS",2013,49
"MT",2011,49
"TX",2015,49
"AR",2015,49
"DE",2017,49
"KY",2017,49
"TN",2019,49
"IN",2019,49
"DE",2019,49
"AR",2019,49
"AL",2013,49
"MN",2019,49
"TX",2019,49
"TX",2011,49
"NV",2019,49
"ME",2019,49
"NM",2019,49
"KY",2013,49
"FL",2011,49
"AR",2011,49
"TX",2015,49
"NE",2011,49
"VT",2013,49
"OH",2013,49
"GA",2011,49
"AZ",2017,49.1
"HI",2017,49.1
"WI",2017,49.1
"MA",2017,49.1
"NV",2017,49.1
"MI",2017,49.1
"VA",2011,49.1
"CA",2013,49.1
"IA",2017,49.1
"NC",2017,49.1
"MA",2011,49.1
"CO",2017,49.1
"GA",2019,49.1
"MN",2015,49.1
"WI",2019,49.1
"KS",2019,49.1
"VA",2013,49.1
"VA",2013,49.1
"KS",2013,49.1
"TN",2019,49.1
"IA",2019,49.1
"ID",2013,49.1
"OH",2015,49.1
"SC",2013,49.1
"RI",2013,49.1
"OK",2015,49.1
"IL",2011,49.1
"MI",2011,49.1
"AZ",2013,49.1
"MO",2013,49.1
"AR",2015,49.1
"MO",2011,49.1
"MO",2011,49.1
"LA",2017,49.2
"MA",2017,49.2
"NC",2017,49.2
"KS",2017,49.2
"DE",2017,49.2
"MI",2017,49.2
"MD",2017,49.2
"MD",2015,49.2
"KS",2011,49.2
"UT",2013,49.2
"AK",2015,49.2
"AR",2011,49.2
"MO",2017,49.2
"VA",2017,49.2
"VA",2017,49.2
"AL",2015,49.2
"MD",2011,49.2
"NE",2019,49.2
"RI",2011,49.2
"AR",2019,49.2
"MI",2019,49.2
"AZ",2019,49.2
"MD",2019,49.2
"TN",2015,49.2
"AK",2013,49.2
"GA",2019,49.2
"ME",2013,49.2
"MO",2015,49.2
"DE",2015,49.2
"RI",2011,49.2
"IA",2015,49.2
"SD",2013,49.2
"MO",2013,49.2
"SC",2011,49.2
"ME",2013,49.2
"NM",2015,49.2
"OK",2015,49.2
"SD",2013,49.2
"MT",2017,49.3
"IA",2017,49.3
"ID",2017,49.3
"OH",2017,49.3
"FL",2017,49.3
"NY",2017,49.3
"SD",2011,49.3
"MO",2013,49.3
"KS",2017,49.3
"WI",2017,49.3
"KS",2017,49.3
"NV",2017,49.3
"VA",2017,49.3
"SD",2019,49.3
"MS",2019,49.3
"MI",2019,49.3
"TX",2019,49.3
"FL",2015,49.3
"LA",2011,49.3
"MT",2015,49.3
"MO",2011,49.3
"MD",2015,49.3
"MI",2013,49.3
"NY",2011,49.3
"NV",2011,49.3
"KS",2015,49.3
"OH",2011,49.3
"FL",2013,49.3
"AZ",2015,49.3
"OH",2015,49.3
"GA",2011,49.3
"CT",2017,49.4
"NE",2017,49.4
"MT",2017,49.4
"NJ",2017,49.4
"OH",2015,49.4
"MO",2011,49.4
"DE",2011,49.4
"NC",2017,49.4
"NH",2015,49.4
"GA",2015,49.4
"TX",2011,49.4
"RI",2013,49.4
"OH",2017,49.4
"MI",2011,49.4
"NJ",2015,49.4
"AL",2019,49.4
"MN",2011,49.4
"IA",2015,49.4
"PA",2019,49.4
"MD",2019,49.4
"VA",2019,49.4
"MD",2015,49.4
"IA",2019,49.4
"WY",2019,49.4
"NJ",2013,49.4
"GA",2015,49.4
"AL",2011,49.4
"WY",2015,49.4
"SC",2015,49.4
"IL",2013,49.4
"PA",2011,49.4
"NY",2011,49.4
"MA",2017,49.5
"NH",2017,49.5
"MI",2017,49.5
"KS",2017,49.5
"ND",2017,49.5
"WV",2017,49.5
"AK",2017,49.5
"FL",2017,49.5
"MT",2017,49.5
"NM",2017,49.5
"IA",2013,49.5
"NC",2015,49.5
"VT",2011,49.5
"KS",2013,49.5
"KS",2011,49.5
"OH",2015,49.5
"ID",2013,49.5
"WV",2013,49.5
"IA",2015,49.5
"MO",2011,49.5
"IA",2015,49.5
"OK",2017,49.5
"RI",2017,49.5
"NC",2017,49.5
"LA",2017,49.5
"MT",2017,49.5
"FL",2015,49.5
"SD",2019,49.5
"PA",2019,49.5
"NV",2019,49.5
"UT",2019,49.5
"IL",2019,49.5
"IN",2019,49.5
"NJ",2011,49.5
"TX",2019,49.5
"AL",2013,49.5
"KS",2013,49.5
"CT",2013,49.5
"OH",2013,49.5
"RI",2015,49.5
"MO",2015,49.5
"NY",2015,49.5
"ND",2015,49.5
"WI",2013,49.5
"UT",2013,49.5
"ND",2011,49.5
"KS",2013,49.5
"SC",2011,49.5
"TN",2015,49.5
"ME",2011,49.5
"MI",2017,49.6
"IA",2017,49.6
"IL",2017,49.6
"CO",2017,49.6
"MI",2017,49.6
"MA",2017,49.6
"ND",2017,49.6
"IA",2017,49.6
"AZ",2017,49.6
"ME",2017,49.6
"CT",2011,49.6
"MA",2015,49.6
"DE",2011,49.6
"MD",2013,49.6
"CT",2013,49.6
"MO",2017,49.6
"MT",2017,49.6
"MD",2013,49.6
"AR",2017,49.6
"DE",2015,49.6
"AL",2019,49.6
"PA",2019,49.6
"NH",2019,49.6
"NC",2015,49.6
"OH",2019,49.6
"AL",2015,49.6
"TX",2019,49.6
"KS",2019,49.6
"HI",2019,49.6
"MO",2015,49.6
"GA",2019,49.6
"KS",2019,49.6
"OR",2013,49.6
"NC",2011,49.6
"MO",2015,49.6
"NH",2013,49.6
"ME",2011,49.6
"IL",2015,49.6
"KS",2017,49.7
"NM",2017,49.7
"VT",2017,49.7
"AZ",2017,49.7
"FL",2011,49.7
"WA",2013,49.7
"NE",2013,49.7
"WV",2011,49.7
"CA",2017,49.7
"CA",2013,49.7
"OH",2017,49.7
"TN",2017,49.7
"OH",2017,49.7
"KS",2019,49.7
"WA",2011,49.7
"DE",2019,49.7
"WY",2019,49.7
"CT",2015,49.7
"DE",2013,49.7
"UT",2015,49.7
"FL",2015,49.7
"OH",2011,49.7
"NH",2011,49.7
"GA",2015,49.7
"AK",2013,49.7
"KY",2013,49.7
"CT",2017,49.8
"IN",2017,49.8
"UT",2017,49.8
"MN",2017,49.8
"OH",2011,49.8
"MO",2013,49.8
"NC",2011,49.8
"MN",2017,49.8
"CT",2017,49.8
"OR",2017,49.8
"NV",2011,49.8
"ME",2017,49.8
"NJ",2017,49.8
"MO",2013,49.8
"NH",2019,49.8
"WA",2019,49.8
"VA",2019,49.8
"NE",2019,49.8
"MT",2011,49.8
"AZ",2013,49.8
"RI",2015,49.8
"IL",2015,49.8
"NJ",2011,49.8
"IL",2011,49.8
"WY",2015,49.8
"DE",2013,49.8
"MA",2013,49.8
"PA",2015,49.8
"FL",2011,49.8
"GA",2013,49.8
"NE",2015,49.8
"CA",2017,49.9
"MN",2017,49.9
"NY",2017,49.9
"NE",2017,49.9
"IN",2017,49.9
"AR",2013,49.9
"PA",2011,49.9
"VA",2013,49.9
"CO",2015,49.9
"IL",2013,49.9
"FL",2013,49.9
"NC",2013,49.9
"VA",2017,49.9
"NY",2017,49.9
"DE",2013,49.9
"KS",2015,49.9
"NV",2019,49.9
"CT",2019,49.9
"TN",2019,49.9
"CA",2011,49.9
"UT",2019,49.9
"LA",2015,49.9
"MD",2019,49.9
"IA",2011,49.9
"OH",2019,49.9
"IA",2019,49.9
"PA",2019,49.9
"MO",2011,49.9
"NC",2011,49.9
"NV",2013,49.9
"AK",2011,49.9
"AK",2011,49.9
"NJ",2015,49.9
"WV",2015,49.9
"MN",2013,49.9
"AL",2013,49.9
"NJ",2011,49.9
"TX",2011,49.9
"AK",2017,50
"KS",2017,50
"WI",2017,50
"SD",2017,50
"MO",2015,50
"IL",2015,50
"SC",2011,50
"NY",2017,50
"MO",2017,50
"NE",2015,50
"VA",2015,50
"SC",2013,50
"VA",2019,50
"NV",2019,50
"NE",2019,50
"KS",2013,50
"NV",2013,50
"IA",2019,50
"UT",2019,50
"AZ",2019,50
"NM",2015,50
"NY",2015,50
"KS",2013,50
"NE",2013,50
"PA",2013,50
"WV",2013,50
"HI",2011,50
"KS",2015,50
"VA",2015,50
"WY",2013,50
"MD",2015,50
"UT",2015,50
"WV",2015,50
"KS",2015,50
"CT",2013,50
"TX",2017,50.1
"HI",2017,50.1
"DE",2017,50.1
"TX",2015,50.1
"MD",2013,50.1
"MN",2015,50.1
"RI",2015,50.1
"KS",2017,50.1
"OK",2017,50.1
"OR",2019,50.1
"CT",2019,50.1
"DE",2019,50.1
"AZ",2019,50.1
"NH",2019,50.1
"MI",2019,50.1
"NV",2013,50.1
"WV",2015,50.1
"NE",2013,50.1
"VA",2011,50.1
"MN",2011,50.1
"DE",2011,50.1
"CT",2015,50.1
"VA",2013,50.1
"AK",2013,50.1
"NY",2015,50.1
"MO",2015,50.1
"MI",2015,50.1
"NC",2013,50.1
"MS",2011,50.1
"MN",2015,50.1
"PA",2013,50.1
"SC",2015,50.1
"SC",2015,50.1
"NV",2011,50.1
"NV",2015,50.1
"MD",2017,50.2
"UT",2017,50.2
"IA",2017,50.2
"KS",2017,50.2
"AZ",2015,50.2
"OH",2015,50.2
"NH",2017,50.2
"MN",2017,50.2
"CO",2011,50.2
"OH",2013,50.2
"FL",2019,50.2
"WY",2019,50.2
"NV",2019,50.2
"IA",2011,50.2
"NY",2019,50.2
"CA",2011,50.2
"TX",2019,50.2
"WY",2019,50.2
"WY",2011,50.2
"IL",2019,50.2
"NC",2013,50.2
"MD",2011,50.2
"UT",2015,50.2
"AZ",2011,50.2
"PA",2013,50.2
"CO",2013,50.2
"ME",2013,50.2
"PA",2013,50.2
"MA",2013,50.2
"IA",2013,50.2
"FL",2013,50.2
"DE",2011,50.2
"AZ",2011,50.2
"TX",2013,50.2
"WY",2013,50.2
"PA",2017,50.3
"VA",2015,50.3
"VT",2015,50.3
"NY",2011,50.3
"CT",2011,50.3
"VA",2017,50.3
"PA",2011,50.3
"AZ",2013,50.3
"NM",2017,50.3
"MA",2017,50.3
"KS",2019,50.3
"MI",2011,50.3
"MO",2011,50.3
"NC",2013,50.3
"GA",2011,50.3
"SD",2015,50.3
"LA",2013,50.3
"PA",2015,50.3
"HI",2013,50.3
"WV",2013,50.3
"IL",2015,50.3
"OH",2011,50.3
"HI",2015,50.3
"KS",2017,50.4
"ID",2017,50.4
"NE",2017,50.4
"PA",2011,50.4
"MI",2013,50.4
"MN",2017,50.4
"NE",2013,50.4
"OR",2017,50.4
"KS",2013,50.4
"NM",2015,50.4
"SD",2015,50.4
"ME",2013,50.4
"IA",2019,50.4
"MD",2019,50.4
"IN",2019,50.4
"WV",2019,50.4
"WI",2019,50.4
"MA",2011,50.4
"CT",2019,50.4
"PA",2019,50.4
"TN",2019,50.4
"MD",2019,50.4
"WV",2015,50.4
"LA",2015,50.4
"OH",2015,50.4
"ID",2015,50.4
"SC",2015,50.4
"RI",2015,50.4
"NE",2015,50.4
"DE",2011,50.4
"WY",2011,50.4
"IA",2015,50.4
"NV",2011,50.4
"MO",2015,50.4
"ND",2017,50.5
"MD",2017,50.5
"MS",2017,50.5
"NC",2017,50.5
"ID",2017,50.5
"MA",2011,50.5
"AZ",2013,50.5
"KS",2015,50.5
"VA",2015,50.5
"IL",2017,50.5
"NY",2015,50.5
"CA",2017,50.5
"NJ",2013,50.5
"NC",2019,50.5
"CO",2019,50.5
"MO",2015,50.5
"IL",2019,50.5
"RI",2019,50.5
"SC",2019,50.5
"KS",2019,50.5
"IA",2019,50.5
"GA",2019,50.5
"NC",2019,50.5
"WI",2019,50.5
"RI",2011,50.5
"NJ",2013,50.5
"OH",2013,50.5
"VA",2011,50.5
"SC",2015,50.5
"TX",2013,50.5
"MA",2015,50.5
"WY",2011,50.5
"IL",2013,50.5
"MI",2015,50.5
"AR",2013,50.5
"ID",2011,50.5
"KS",2015,50.5
"DE",2011,50.6
"MN",2017,50.6
"NY",2017,50.6
"CT",2017,50.6
"RI",2017,50.6
"MD",2017,50.6
"TX",2017,50.6
"RI",2017,50.6
"WA",2017,50.6
"UT",2013,50.6
"PA",2011,50.6
"IL",2011,50.6
"SD",2015,50.6
"RI",2013,50.6
"KS",2017,50.6
"NE",2011,50.6
"RI",2017,50.6
"IA",2019,50.6
"HI",2019,50.6
"MS",2011,50.6
"NM",2019,50.6
"WV",2011,50.6
"FL",2019,50.6
"NE",2011,50.6
"RI",2019,50.6
"VT",2019,50.6
"MI",2019,50.6
"MD",2015,50.6
"SC",2011,50.6
"MI",2015,50.6
"NM",2011,50.6
"MT",2013,50.6
"WY",2015,50.6
"NM",2013,50.6
"WA",2011,50.6
"UT",2011,50.6
"WA",2013,50.6
"AL",2013,50.6
"NJ",2011,50.6
"NH",2017,50.7
"IL",2017,50.7
"CO",2017,50.7
"TX",2011,50.7
"MA",2015,50.7
"NJ",2015,50.7
"NC",2015,50.7
"IA",2017,50.7
"AK",2019,50.7
"DE",2019,50.7
"NV",2019,50.7
"IL",2019,50.7
"MD",2013,50.7
"RI",2015,50.7
"MS",2011,50.7
"NC",2011,50.7
"GA",2015,50.7
"CA",2015,50.7
"AZ",2011,50.7
"SC",2013,50.7
"MO",2015,50.7
"NE",2011,50.7
"MD",2015,50.7
"LA",2015,50.7
"MN",2013,50.7
"NC",2013,50.7
"KS",2013,50.7
"GA",2011,50.7
"WY",2011,50.7
"CA",2015,50.7
"AK",2017,50.8
"SD",2017,50.8
"MD",2017,50.8
"DE",2011,50.8
"CO",2015,50.8
"NJ",2011,50.8
"MO",2011,50.8
"NE",2017,50.8
"ME",2017,50.8
"PA",2017,50.8
"CA",2015,50.8
"MT",2011,50.8
"SD",2013,50.8
"AK",2013,50.8
"IA",2019,50.8
"LA",2013,50.8
"FL",2013,50.8
"ME",2019,50.8
"NV",2019,50.8
"WV",2013,50.8
"SC",2013,50.8
"AR",2013,50.8
"OH",2011,50.8
"MA",2015,50.8
"NJ",2011,50.8
"NY",2011,50.8
"ME",2011,50.8
"KS",2015,50.8
"WV",2015,50.8
"NM",2013,50.8
"IN",2013,50.8
"NY",2013,50.8
"ID",2015,50.8
"GA",2013,50.8
"NE",2013,50.8
"VA",2017,50.9
"MA",2017,50.9
"SC",2017,50.9
"WY",2017,50.9
"CT",2017,50.9
"MN",2015,50.9
"KS",2013,50.9
"CT",2013,50.9
"MD",2011,50.9
"NE",2015,50.9
"WI",2017,50.9
"AR",2017,50.9
"NE",2011,50.9
"UT",2011,50.9
"OR",2019,50.9
"SC",2019,50.9
"NE",2013,50.9
"FL",2019,50.9
"NM",2019,50.9
"CT",2019,50.9
"CT",2011,50.9
"AR",2019,50.9
"NY",2019,50.9
"VA",2015,50.9
"OH",2015,50.9
"IL",2011,50.9
"CT",2013,50.9
"SC",2011,50.9
"OH",2011,50.9
"UT",2013,50.9
"MI",2015,50.9
"NJ",2013,50.9
"IN",2011,51
"NY",2017,51
"IL",2017,51
"IL",2017,51
"AZ",2015,51
"DE",2011,51
"NY",2015,51
"GA",2011,51
"IL",2015,51
"NE",2011,51
"IL",2011,51
"MA",2017,51
"NC",2017,51
"NV",2013,51
"DE",2015,51
"VA",2015,51
"PA",2019,51
"NC",2019,51
"WA",2019,51
"TX",2019,51
"GA",2019,51
"VA",2015,51
"SD",2015,51
"NJ",2013,51
"SC",2015,51
"DE",2013,51
"SD",2013,51
"CT",2013,51
"NM",2015,51
"SC",2013,51
"VT",2015,51
"WY",2013,51
"PA",2011,51
"WI",2013,51
"MN",2015,51
"ME",2017,51.1
"TN",2017,51.1
"ME",2017,51.1
"DE",2017,51.1
"CT",2017,51.1
"OK",2013,51.1
"ND",2013,51.1
"NJ",2015,51.1
"GA",2015,51.1
"NE",2015,51.1
"WY",2017,51.1
"IA",2017,51.1
"DE",2017,51.1
"MN",2017,51.1
"DE",2011,51.1
"PA",2019,51.1
"NM",2019,51.1
"KS",2015,51.1
"IN",2019,51.1
"VA",2019,51.1
"PA",2019,51.1
"LA",2019,51.1
"NV",2019,51.1
"CT",2019,51.1
"GA",2013,51.1
"NV",2019,51.1
"MO",2013,51.1
"MI",2011,51.1
"NV",2011,51.1
"WA",2015,51.1
"NY",2015,51.1
"MI",2015,51.1
"NV",2013,51.1
"IL",2015,51.1
"ME",2011,51.1
"RI",2011,51.1
"DE",2013,51.1
"CT",2011,51.1
"NC",2017,51.2
"MD",2017,51.2
"AZ",2017,51.2
"FL",2015,51.2
"NJ",2013,51.2
"CA",2013,51.2
"GA",2011,51.2
"TN",2017,51.2
"LA",2017,51.2
"MO",2017,51.2
"SD",2017,51.2
"MD",2015,51.2
"PA",2011,51.2
"UT",2019,51.2
"AR",2019,51.2
"MI",2019,51.2
"MD",2019,51.2
"MO",2011,51.2
"HI",2015,51.2
"OH",2013,51.2
"MI",2015,51.2
"WI",2015,51.2
"WA",2019,51.2
"HI",2011,51.2
"NE",2013,51.2
"OH",2013,51.2
"LA",2013,51.2
"NV",2015,51.2
"AK",2013,51.2
"MO",2011,51.2
"IL",2011,51.2
"PA",2015,51.2
"ME",2015,51.2
"MI",2017,51.3
"NC",2013,51.3
"ID",2015,51.3
"NE",2015,51.3
"CT",2011,51.3
"IL",2011,51.3
"CT",2015,51.3
"VA",2015,51.3
"NJ",2011,51.3
"NH",2011,51.3
"NM",2017,51.3
"NH",2013,51.3
"OH",2013,51.3
"MI",2013,51.3
"KY",2011,51.3
"ME",2019,51.3
"WV",2013,51.3
"MA",2019,51.3
"HI",2019,51.3
"OH",2013,51.3
"MA",2013,51.3
"VA",2011,51.3
"WV",2011,51.3
"KY",2013,51.3
"DE",2013,51.3
"LA",2011,51.3
"DE",2015,51.3
"AK",2013,51.3
"DE",2015,51.3
"KY",2015,51.3
"SD",2015,51.3
"MI",2013,51.3
"DE",2013,51.3
"AL",2015,51.3
"NY",2011,51.3
"WY",2011,51.3
"NE",2017,51.4
"NE",2017,51.4
"KY",2013,51.4
"VA",2017,51.4
"WV",2017,51.4
"TX",2013,51.4
"NE",2013,51.4
"WV",2017,51.4
"ND",2011,51.4
"AZ",2019,51.4
"DE",2019,51.4
"NE",2019,51.4
"CA",2019,51.4
"CT",2013,51.4
"NV",2019,51.4
"MI",2019,51.4
"WI",2019,51.4
"NC",2015,51.4
"AZ",2013,51.4
"WV",2019,51.4
"OH",2015,51.4
"MD",2013,51.4
"NC",2013,51.4
"IL",2015,51.4
"DE",2013,51.4
"NM",2011,51.4
"NE",2015,51.4
"NE",2013,51.4
"NH",2015,51.4
"KS",2011,51.4
"CA",2015,51.4
"UT",2013,51.4
"NH",2011,51.4
"KY",2011,51.4
"CA",2013,51.4
"WY",2015,51.4
"VA",2013,51.4
"SC",2017,51.5
"OR",2017,51.5
"NJ",2017,51.5
"SD",2017,51.5
"NY",2011,51.5
"IA",2015,51.5
"VA",2015,51.5
"MA",2017,51.5
"MT",2017,51.5
"MT",2011,51.5
"IL",2011,51.5
"MI",2017,51.5
"GA",2013,51.5
"OR",2019,51.5
"TX",2015,51.5
"VA",2015,51.5
"MD",2015,51.5
"TX",2019,51.5
"MN",2013,51.5
"ME",2015,51.5
"WA",2011,51.5
"ND",2013,51.5
"IL",2013,51.5
"MI",2013,51.5
"AZ",2017,51.6
"WI",2017,51.6
"ME",2017,51.6
"NY",2017,51.6
"TN",2017,51.6
"MA",2017,51.6
"CT",2011,51.6
"KS",2015,51.6
"NY",2013,51.6
"PA",2017,51.6
"NC",2017,51.6
"UT",2017,51.6
"AK",2019,51.6
"TX",2019,51.6
"DE",2019,51.6
"MA",2013,51.6
"IN",2011,51.6
"MA",2019,51.6
"NY",2013,51.6
"PA",2015,51.6
"ME",2011,51.6
"SD",2011,51.6
"SD",2015,51.6
"SC",2015,51.6
"NM",2011,51.6
"FL",2015,51.6
"WI",2011,51.6
"CO",2011,51.6
"NJ",2011,51.6
"OH",2011,51.6
"MO",2015,51.6
"SD",2017,51.7
"MO",2015,51.7
"AK",2015,51.7
"MN",2011,51.7
"MT",2011,51.7
"NJ",2013,51.7
"NM",2011,51.7
"AZ",2017,51.7
"SC",2017,51.7
"NY",2019,51.7
"TX",2011,51.7
"SC",2011,51.7
"MI",2019,51.7
"WV",2015,51.7
"MN",2011,51.7
"SD",2013,51.7
"IL",2011,51.7
"NC",2015,51.7
"SC",2013,51.7
"MO",2013,51.7
"OR",2011,51.7
"UT",2013,51.7
"NM",2011,51.7
"NC",2013,51.7
"MI",2011,51.7
"AR",2011,51.7
"SD",2015,51.7
"WV",2017,51.8
"ME",2017,51.8
"AZ",2017,51.8
"RI",2017,51.8
"GA",2011,51.8
"RI",2011,51.8
"NV",2013,51.8
"PA",2015,51.8
"OR",2019,51.8
"DE",2019,51.8
"NC",2019,51.8
"ME",2019,51.8
"AK",2011,51.8
"TN",2019,51.8
"OH",2019,51.8
"NY",2019,51.8
"LA",2011,51.8
"MI",2013,51.8
"AZ",2015,51.8
"CA",2013,51.8
"OH",2015,51.8
"IL",2011,51.8
"NJ",2011,51.8
"NJ",2013,51.8
"MA",2015,51.8
"VA",2017,51.9
"OR",2017,51.9
"OH",2017,51.9
"NJ",2017,51.9
"WY",2017,51.9
"CT",2017,51.9
"SD",2017,51.9
"FL",2017,51.9
"MA",2011,51.9
"NM",2013,51.9
"LA",2015,51.9
"MO",2015,51.9
"MA",2017,51.9
"KY",2017,51.9
"ID",2015,51.9
"CT",2011,51.9
"AK",2019,51.9
"AZ",2013,51.9
"NM",2013,51.9
"WA",2015,51.9
"NV",2011,51.9
"WY",2015,51.9
"MI",2013,51.9
"NH",2013,51.9
"UT",2011,51.9
"GA",2013,51.9
"VA",2013,51.9
"CO",2013,51.9
"VT",2013,51.9
"RI",2013,51.9
"ID",2017,52
"WY",2017,52
"VA",2017,52
"MN",2017,52
"UT",2015,52
"FL",2013,52
"ME",2015,52
"MA",2015,52
"NY",2011,52
"VA",2013,52
"MO",2015,52
"WY",2017,52
"CT",2017,52
"WA",2017,52
"MT",2015,52
"ID",2015,52
"UT",2019,52
"FL",2019,52
"ND",2019,52
"IN",2019,52
"SC",2019,52
"CA",2019,52
"SD",2019,52
"MA",2019,52
"UT",2011,52
"WY",2011,52
"MA",2015,52
"MN",2011,52
"MT",2015,52
"NJ",2011,52
"FL",2013,52
"MD",2015,52
"HI",2011,52
"NE",2011,52
"GA",2011,52
"CT",2013,52
"IL",2017,52.1
"SD",2017,52.1
"WA",2017,52.1
"WY",2017,52.1
"HI",2017,52.1
"ND",2013,52.1
"PA",2011,52.1
"AZ",2013,52.1
"OR",2015,52.1
"OK",2015,52.1
"NJ",2017,52.1
"WA",2017,52.1
"GA",2017,52.1
"IL",2019,52.1
"ME",2019,52.1
"AZ",2019,52.1
"VA",2019,52.1
"MI",2019,52.1
"OH",2019,52.1
"HI",2019,52.1
"DE",2019,52.1
"VA",2019,52.1
"SD",2019,52.1
"OR",2019,52.1
"MS",2019,52.1
"FL",2011,52.1
"MN",2015,52.1
"FL",2015,52.1
"MI",2015,52.1
"PA",2011,52.1
"KY",2011,52.1
"SC",2015,52.1
"NV",2013,52.1
"ND",2017,52.2
"KY",2017,52.2
"VA",2013,52.2
"SC",2011,52.2
"CT",2015,52.2
"PA",2015,52.2
"NY",2017,52.2
"MA",2015,52.2
"PA",2017,52.2
"NM",2017,52.2
"MA",2013,52.2
"VA",2011,52.2
"MD",2019,52.2
"WA",2015,52.2
"ID",2019,52.2
"MO",2019,52.2
"MD",2019,52.2
"MN",2019,52.2
"NC",2019,52.2
"GA",2019,52.2
"NM",2011,52.2
"MD",2013,52.2
"MD",2011,52.2
"TN",2019,52.2
"PA",2015,52.2
"KS",2019,52.2
"GA",2015,52.2
"OK",2013,52.2
"NM",2011,52.2
"AK",2011,52.2
"CA",2011,52.2
"OR",2011,52.2
"AR",2011,52.2
"RI",2015,52.2
"FL",2017,52.3
"WA",2017,52.3
"CA",2017,52.3
"NV",2011,52.3
"NE",2013,52.3
"VA",2011,52.3
"MA",2013,52.3
"AK",2015,52.3
"ME",2017,52.3
"OH",2019,52.3
"NC",2019,52.3
"NY",2019,52.3
"NM",2019,52.3
"OR",2019,52.3
"AZ",2015,52.3
"MN",2019,52.3
"RI",2019,52.3
"ME",2013,52.3
"CO",2015,52.3
"MN",2013,52.3
"PA",2015,52.3
"VA",2011,52.3
"ME",2013,52.3
"VT",2015,52.3
"NM",2013,52.3
"KS",2013,52.3
"NY",2011,52.3
"VA",2011,52.3
"NV",2015,52.3
"SC",2013,52.3
"NM",2011,52.3
"OH",2015,52.3
"SD",2017,52.4
"NM",2017,52.4
"PA",2017,52.4
"VA",2017,52.4
"OH",2011,52.4
"WA",2017,52.4
"TN",2013,52.4
"FL",2011,52.4
"PA",2019,52.4
"NE",2015,52.4
"VA",2019,52.4
"IL",2013,52.4
"NM",2019,52.4
"NC",2019,52.4
"CA",2019,52.4
"AL",2019,52.4
"NM",2019,52.4
"VA",2011,52.4
"SC",2019,52.4
"ME",2019,52.4
"IL",2015,52.4
"MI",2011,52.4
"AZ",2013,52.4
"WV",2015,52.4
"KS",2015,52.4
"WI",2013,52.4
"FL",2015,52.4
"NE",2015,52.4
"NE",2011,52.4
"PA",2011,52.4
"FL",2013,52.4
"IL",2017,52.5
"CO",2017,52.5
"AZ",2017,52.5
"CT",2017,52.5
"NV",2017,52.5
"CO",2013,52.5
"WY",2015,52.5
"SD",2013,52.5
"CO",2011,52.5
"NE",2017,52.5
"ME",2017,52.5
"KS",2013,52.5
"IL",2013,52.5
"AZ",2019,52.5
"GA",2013,52.5
"AZ",2019,52.5
"WV",2019,52.5
"LA",2019,52.5
"MN",2015,52.5
"HI",2011,52.5
"CT",2013,52.5
"WI",2013,52.5
"CO",2013,52.5
"TX",2011,52.5
"ME",2015,52.5
"NJ",2011,52.5
"IL",2013,52.5
"MO",2015,52.5
"AZ",2011,52.5
"NY",2017,52.6
"OR",2017,52.6
"CT",2017,52.6
"MD",2017,52.6
"SD",2013,52.6
"MN",2011,52.6
"IL",2015,52.6
"CO",2013,52.6
"CT",2013,52.6
"IA",2015,52.6
"AL",2011,52.6
"MD",2017,52.6
"CA",2017,52.6
"CT",2011,52.6
"RI",2017,52.6
"ID",2019,52.6
"MI",2019,52.6
"IL",2019,52.6
"VT",2019,52.6
"FL",2019,52.6
"UT",2019,52.6
"DE",2019,52.6
"KS",2015,52.6
"NC",2015,52.6
"WY",2013,52.6
"WV",2019,52.6
"TX",2019,52.6
"NM",2019,52.6
"NV",2011,52.6
"VT",2019,52.6
"MI",2011,52.6
"IL",2015,52.6
"WI",2013,52.6
"HI",2013,52.6
"SC",2013,52.6
"CA",2013,52.6
"SC",2011,52.6
"NY",2017,52.7
"CA",2017,52.7
"ME",2017,52.7
"OH",2013,52.7
"SD",2015,52.7
"UT",2013,52.7
"KS",2015,52.7
"RI",2015,52.7
"ID",2015,52.7
"NH",2017,52.7
"CT",2011,52.7
"AZ",2017,52.7
"CO",2011,52.7
"HI",2013,52.7
"NE",2013,52.7
"MI",2019,52.7
"AZ",2019,52.7
"MN",2013,52.7
"TX",2015,52.7
"AL",2019,52.7
"MA",2019,52.7
"GA",2015,52.7
"VT",2011,52.7
"MI",2013,52.7
"CT",2015,52.7
"UT",2015,52.7
"UT",2011,52.7
"IL",2013,52.7
"AK",2011,52.7
"NE",2015,52.7
"VA",2013,52.7
"SD",2011,52.7
"WI",2015,52.7
"MN",2013,52.8
"ID",2017,52.8
"MN",2017,52.8
"ME",2017,52.8
"MI",2017,52.8
"MN",2017,52.8
"AL",2017,52.8
"UT",2011,52.8
"AZ",2011,52.8
"NV",2017,52.8
"CA",2015,52.8
"WI",2011,52.8
"FL",2011,52.8
"SC",2017,52.8
"ID",2013,52.8
"VA",2019,52.8
"WI",2019,52.8
"AZ",2015,52.8
"GA",2019,52.8
"IL",2011,52.8
"NV",2015,52.8
"FL",2019,52.8
"CT",2019,52.8
"ND",2019,52.8
"UT",2015,52.8
"GA",2011,52.8
"IL",2013,52.8
"MD",2013,52.8
"OH",2013,52.8
"NM",2013,52.8
"IL",2013,52.8
"MT",2013,52.8
"NV",2013,52.8
"NJ",2011,52.8
"WY",2015,52.8
"MA",2017,52.9
"MD",2017,52.9
"IA",2015,52.9
"MD",2015,52.9
"WV",2017,52.9
"WY",2011,52.9
"AZ",2019,52.9
"NC",2019,52.9
"IA",2019,52.9
"PA",2019,52.9
"ME",2019,52.9
"TX",2019,52.9
"VT",2015,52.9
"MI",2019,52.9
"SD",2013,52.9
"ID",2013,52.9
"UT",2013,52.9
"WA",2011,52.9
"WY",2013,52.9
"SC",2011,52.9
"KY",2013,52.9
"IL",2013,52.9
"MT",2011,52.9
"IL",2017,53
"WY",2017,53
"GA",2013,53
"VT",2017,53
"PA",2017,53
"CO",2013,53
"VA",2013,53
"WA",2019,53
"AZ",2011,53
"VA",2019,53
"WA",2019,53
"MI",2019,53
"UT",2015,53
"NE",2015,53
"NM",2011,53
"SD",2015,53
"NJ",2015,53
"MN",2019,53
"IN",2015,53
"OH",2011,53
"MT",2013,53
"NM",2015,53
"MI",2015,53
"WA",2011,53
"MT",2017,53.1
"ME",2017,53.1
"KY",2017,53.1
"PA",2017,53.1
"OR",2017,53.1
"MN",2017,53.1
"CT",2011,53.1
"SC",2015,53.1
"MN",2015,53.1
"ME",2015,53.1
"MI",2013,53.1
"ND",2015,53.1
"NE",2015,53.1
"NH",2017,53.1
"HI",2015,53.1
"TN",2019,53.1
"CA",2011,53.1
"UT",2019,53.1
"GA",2013,53.1
"NE",2019,53.1
"IN",2013,53.1
"FL",2011,53.1
"IN",2015,53.1
"AK",2013,53.1
"AK",2011,53.1
"NH",2015,53.1
"SD",2015,53.1
"MA",2015,53.1
"WY",2011,53.1
"SD",2013,53.1
"MN",2013,53.1
"SC",2011,53.1
"RI",2013,53.1
"WI",2015,53.1
"GA",2011,53.1
"MN",2013,53.1
"MI",2015,53.1
"NH",2011,53.1
"FL",2017,53.2
"HI",2017,53.2
"WY",2017,53.2
"MS",2017,53.2
"KY",2015,53.2
"WV",2013,53.2
"CO",2011,53.2
"MN",2013,53.2
"NJ",2015,53.2
"UT",2011,53.2
"MD",2017,53.2
"MD",2017,53.2
"GA",2017,53.2
"WI",2013,53.2
"MI",2019,53.2
"ME",2015,53.2
"AZ",2019,53.2
"ME",2019,53.2
"AZ",2015,53.2
"CT",2019,53.2
"DE",2011,53.2
"NV",2015,53.2
"CO",2019,53.2
"NJ",2011,53.2
"MT",2013,53.2
"NH",2011,53.2
"CT",2011,53.2
"AK",2013,53.2
"RI",2011,53.2
"FL",2011,53.2
"DE",2013,53.2
"AZ",2015,53.2
"MD",2015,53.2
"CT",2013,53.2
"NJ",2017,53.3
"MI",2011,53.3
"WI",2017,53.3
"RI",2015,53.3
"ME",2017,53.3
"IL",2019,53.3
"IA",2019,53.3
"MD",2019,53.3
"HI",2019,53.3
"MT",2015,53.3
"WI",2019,53.3
"NH",2013,53.3
"ME",2015,53.3
"VA",2015,53.3
"DE",2013,53.3
"VT",2013,53.3
"WV",2011,53.3
"UT",2017,53.4
"OR",2017,53.4
"IA",2017,53.4
"NM",2017,53.4
"IL",2013,53.4
"UT",2011,53.4
"NJ",2013,53.4
"NM",2015,53.4
"WI",2013,53.4
"AK",2013,53.4
"DE",2013,53.4
"ME",2013,53.4
"NE",2013,53.4
"WY",2015,53.4
"NC",2017,53.4
"GA",2017,53.4
"NM",2017,53.4
"DE",2017,53.4
"WI",2017,53.4
"FL",2013,53.4
"WA",2015,53.4
"CA",2019,53.4
"RI",2015,53.4
"NH",2015,53.4
"KS",2019,53.4
"WV",2019,53.4
"SD",2013,53.4
"AK",2015,53.4
"MN",2013,53.4
"KY",2011,53.4
"NY",2013,53.4
"GA",2011,53.4
"NE",2015,53.4
"AZ",2011,53.4
"MD",2015,53.4
"OH",2011,53.4
"AZ",2015,53.5
"AL",2011,53.5
"ID",2013,53.5
"AK",2017,53.5
"IL",2017,53.5
"FL",2017,53.5
"CO",2019,53.5
"FL",2019,53.5
"RI",2019,53.5
"NH",2015,53.5
"MO",2019,53.5
"SC",2015,53.5
"VA",2019,53.5
"NY",2019,53.5
"MI",2019,53.5
"WA",2019,53.5
"MA",2019,53.5
"ME",2019,53.5
"NM",2011,53.5
"GA",2013,53.5
"MN",2013,53.5
"MI",2011,53.5
"CO",2015,53.5
"FL",2013,53.5
"ID",2015,53.5
"OR",2011,53.5
"IN",2015,53.5
"WY",2017,53.6
"MI",2017,53.6
"SD",2017,53.6
"NH",2017,53.6
"UT",2017,53.6
"PA",2017,53.6
"OH",2011,53.6
"CT",2015,53.6
"RI",2011,53.6
"NV",2013,53.6
"OH",2015,53.6
"WA",2017,53.6
"MT",2017,53.6
"RI",2015,53.6
"TN",2019,53.6
"GA",2019,53.6
"HI",2019,53.6
"OH",2019,53.6
"MN",2019,53.6
"RI",2019,53.6
"WA",2015,53.6
"ME",2013,53.6
"NM",2015,53.6
"SD",2015,53.6
"MI",2013,53.6
"VA",2011,53.6
"WA",2011,53.6
"PA",2017,53.7
"RI",2017,53.7
"NY",2011,53.7
"IL",2017,53.7
"WY",2013,53.7
"OK",2015,53.7
"MN",2011,53.7
"VA",2015,53.7
"AZ",2015,53.7
"ID",2017,53.7
"FL",2017,53.7
"SD",2013,53.7
"WI",2019,53.7
"ME",2019,53.7
"IL",2013,53.7
"MI",2015,53.7
"AR",2019,53.7
"MI",2019,53.7
"RI",2019,53.7
"LA",2019,53.7
"ME",2013,53.7
"KS",2013,53.7
"SC",2015,53.7
"ND",2011,53.7
"NY",2013,53.7
"MT",2013,53.7
"MT",2011,53.7
"MD",2017,53.8
"WI",2017,53.8
"PA",2017,53.8
"AZ",2015,53.8
"MD",2015,53.8
"MA",2015,53.8
"RI",2017,53.8
"ND",2019,53.8
"HI",2015,53.8
"NV",2019,53.8
"SC",2019,53.8
"MD",2019,53.8
"CT",2019,53.8
"KS",2019,53.8
"UT",2019,53.8
"ME",2013,53.8
"WI",2019,53.8
"WY",2015,53.8
"MD",2019,53.8
"FL",2013,53.8
"WA",2011,53.8
"IL",2011,53.8
"FL",2011,53.8
"MN",2011,53.8
"HI",2015,53.8
"MA",2013,53.8
"WI",2011,53.8
"WY",2017,53.9
"MI",2015,53.9
"MA",2017,53.9
"AZ",2017,53.9
"CA",2017,53.9
"HI",2017,53.9
"ID",2017,53.9
"ND",2015,53.9
"GA",2013,53.9
"VA",2011,53.9
"MA",2017,53.9
"AZ",2017,53.9
"CO",2017,53.9
"VA",2017,53.9
"ME",2015,53.9
"IL",2019,53.9
"NM",2011,53.9
"MA",2019,53.9
"WY",2019,53.9
"CA",2019,53.9
"WY",2015,53.9
"AZ",2015,53.9
"MO",2013,53.9
"ID",2013,53.9
"WY",2013,53.9
"VA",2013,53.9
"SC",2017,54
"UT",2017,54
"VT",2017,54
"ME",2015,54
"HI",2011,54
"NY",2013,54
"IL",2013,54
"MN",2015,54
"SC",2011,54
"VA",2017,54
"UT",2017,54
"CA",2013,54
"DE",2017,54
"NM",2017,54
"HI",2015,54
"LA",2015,54
"AK",2019,54
"ID",2019,54
"ID",2019,54
"MI",2019,54
"MD",2015,54
"CA",2019,54
"WA",2011,54
"NV",2011,54
"WA",2013,54
"VA",2013,54
"HI",2011,54
"ID",2011,54
"MN",2011,54
"OK",2013,54
"MT",2011,54
"AK",2013,54
"WA",2013,54
"NM",2013,54
"RI",2011,54
"OR",2017,54.1
"WY",2017,54.1
"AZ",2017,54.1
"UT",2017,54.1
"WI",2015,54.1
"PA",2017,54.1
"NY",2017,54.1
"SD",2017,54.1
"TX",2019,54.1
"MA",2019,54.1
"NM",2019,54.1
"WA",2019,54.1
"IN",2011,54.1
"WY",2019,54.1
"NE",2019,54.1
"AZ",2019,54.1
"LA",2019,54.1
"HI",2019,54.1
"PA",2019,54.1
"MA",2011,54.1
"WA",2015,54.1
"WY",2011,54.1
"WY",2011,54.1
"AZ",2015,54.1
"MT",2015,54.1
"OH",2015,54.1
"CO",2013,54.1
"WA",2015,54.1
"VA",2011,54.1
"WY",2017,54.2
"MT",2017,54.2
"IL",2017,54.2
"AZ",2013,54.2
"ME",2015,54.2
"WI",2013,54.2
"UT",2015,54.2
"NM",2017,54.2
"MT",2017,54.2
"WY",2017,54.2
"CT",2017,54.2
"WY",2013,54.2
"FL",2019,54.2
"HI",2019,54.2
"NC",2019,54.2
"AR",2011,54.2
"WY",2015,54.2
"WA",2011,54.2
"MI",2013,54.2
"WI",2019,54.2
"CT",2011,54.2
"ID",2013,54.2
"UT",2011,54.2
"ID",2011,54.2
"MO",2017,54.3
"KY",2017,54.3
"SC",2017,54.3
"MS",2017,54.3
"GA",2013,54.3
"SC",2015,54.3
"CA",2015,54.3
"DE",2019,54.3
"MN",2019,54.3
"MI",2013,54.3
"RI",2019,54.3
"CA",2019,54.3
"IN",2011,54.3
"OR",2013,54.3
"CA",2019,54.3
"MN",2015,54.3
"NM",2013,54.3
"MA",2015,54.3
"WY",2011,54.3
"ME",2015,54.3
"MD",2015,54.3
"MA",2011,54.3
"ME",2011,54.3
"SD",2013,54.3
"ID",2011,54.3
"SD",2013,54.3
"NY",2015,54.3
"CA",2015,54.3
"CA",2013,54.3
"MI",2015,54.3
"NH",2017,54.4
"NV",2013,54.4
"HI",2013,54.4
"SC",2015,54.4
"NM",2015,54.4
"MA",2011,54.4
"HI",2015,54.4
"VT",2017,54.4
"CT",2019,54.4
"NC",2013,54.4
"WA",2019,54.4
"WV",2019,54.4
"MA",2019,54.4
"MO",2019,54.4
"WI",2019,54.4
"MN",2013,54.4
"MA",2019,54.4
"WY",2015,54.4
"AK",2019,54.4
"PA",2019,54.4
"OK",2011,54.4
"DE",2019,54.4
"HI",2019,54.4
"MA",2011,54.4
"AK",2013,54.4
"MI",2013,54.4
"MI",2011,54.4
"CO",2015,54.4
"VA",2013,54.4
"CT",2013,54.4
"MA",2013,54.4
"FL",2011,54.4
"NJ",2011,54.4
"MA",2015,54.4
"TN",2015,54.5
"CA",2017,54.5
"ID",2017,54.5
"AK",2017,54.5
"MA",2013,54.5
"AZ",2015,54.5
"MI",2011,54.5
"UT",2017,54.5
"AZ",2017,54.5
"HI",2017,54.5
"WI",2017,54.5
"PA",2017,54.5
"WY",2013,54.5
"UT",2017,54.5
"PA",2017,54.5
"NY",2011,54.5
"KY",2017,54.5
"ND",2019,54.5
"NM",2019,54.5
"WA",2019,54.5
"TX",2019,54.5
"NM",2019,54.5
"WI",2013,54.5
"IN",2013,54.5
"WV",2013,54.5
"ME",2015,54.5
"MN",2015,54.5
"NJ",2011,54.5
"NV",2015,54.5
"CT",2015,54.5
"MI",2013,54.5
"IA",2011,54.5
"MT",2017,54.6
"UT",2013,54.6
"CO",2013,54.6
"IA",2013,54.6
"FL",2015,54.6
"AK",2015,54.6
"NM",2013,54.6
"SD",2017,54.6
"SD",2013,54.6
"HI",2015,54.6
"NH",2017,54.6
"AL",2015,54.6
"HI",2011,54.6
"ME",2013,54.6
"SD",2013,54.6
"ID",2019,54.6
"CA",2019,54.6
"WI",2013,54.6
"MN",2011,54.6
"MI",2015,54.6
"OH",2011,54.6
"NH",2013,54.6
"IL",2011,54.6
"ME",2015,54.6
"CA",2011,54.6
"HI",2011,54.6
"MT",2017,54.7
"ID",2017,54.7
"SD",2015,54.7
"MI",2013,54.7
"NY",2011,54.7
"ME",2011,54.7
"SD",2017,54.7
"WA",2017,54.7
"MN",2019,54.7
"NH",2019,54.7
"MD",2019,54.7
"AZ",2019,54.7
"NH",2013,54.7
"WY",2019,54.7
"WI",2013,54.7
"FL",2019,54.7
"MA",2019,54.7
"AZ",2019,54.7
"ME",2013,54.7
"HI",2015,54.7
"WI",2013,54.7
"ID",2013,54.7
"WA",2013,54.7
"FL",2013,54.7
"MT",2011,54.7
"MI",2013,54.7
"NV",2013,54.7
"NJ",2015,54.7
"AK",2013,54.7
"GA",2015,54.7
"WY",2013,54.7
"MI",2013,54.7
"VA",2013,54.7
"SC",2013,54.7
"WI",2011,54.7
"NJ",2015,54.7
"ID",2017,54.8
"FL",2017,54.8
"HI",2017,54.8
"NH",2017,54.8
"MI",2017,54.8
"NM",2017,54.8
"IL",2017,54.8
"NH",2011,54.8
"SD",2013,54.8
"OH",2015,54.8
"MN",2017,54.8
"NH",2011,54.8
"MA",2013,54.8
"OR",2019,54.8
"WY",2013,54.8
"RI",2019,54.8
"WY",2019,54.8
"WY",2013,54.8
"AL",2019,54.8
"ID",2015,54.8
"ME",2013,54.8
"AZ",2015,54.8
"AZ",2013,54.8
"NH",2015,54.8
"VA",2013,54.8
"AZ",2011,54.8
"NE",2015,54.8
"MT",2013,54.8
"NE",2017,54.9
"ID",2017,54.9
"HI",2017,54.9
"IA",2017,54.9
"WA",2015,54.9
"WA",2013,54.9
"WA",2013,54.9
"LA",2019,54.9
"CO",2019,54.9
"MD",2019,54.9
"VA",2019,54.9
"WY",2019,54.9
"MN",2015,54.9
"NY",2015,54.9
"UT",2011,54.9
"WA",2011,54.9
"FL",2011,54.9
"MT",2017,55
"NJ",2011,55
"MI",2015,55
"MD",2013,55
"HI",2011,55
"HI",2017,55
"SD",2017,55
"OR",2017,55
"WI",2011,55
"MD",2015,55
"UT",2011,55
"CA",2019,55
"WY",2019,55
"UT",2013,55
"VT",2013,55
"NM",2013,55
"CA",2011,55
"ME",2013,55
"UT",2011,55
"MT",2013,55
"NH",2013,55
"MI",2011,55
"OR",2015,55
"ID",2015,55
"NM",2015,55
"CA",2015,55
"CT",2017,55.1
"CO",2017,55.1
"OH",2011,55.1
"HI",2015,55.1
"ME",2011,55.1
"DE",2013,55.1
"MN",2011,55.1
"NJ",2013,55.1
"WI",2013,55.1
"FL",2017,55.1
"MA",2011,55.1
"MA",2019,55.1
"OR",2019,55.1
"NH",2019,55.1
"TX",2019,55.1
"NC",2019,55.1
"NH",2019,55.1
"AK",2011,55.1
"HI",2019,55.1
"FL",2019,55.1
"ME",2019,55.1
"SD",2015,55.1
"MT",2011,55.1
"CT",2011,55.1
"SD",2013,55.1
"NJ",2011,55.1
"LA",2017,55.2
"WA",2017,55.2
"OR",2017,55.2
"WY",2017,55.2
"WV",2015,55.2
"CT",2017,55.2
"NM",2017,55.2
"CO",2017,55.2
"VA",2011,55.2
"IA",2019,55.2
"AK",2013,55.2
"ND",2011,55.2
"MA",2019,55.2
"MT",2013,55.2
"AK",2015,55.2
"NV",2019,55.2
"UT",2019,55.2
"NY",2019,55.2
"WI",2019,55.2
"UT",2013,55.2
"WI",2019,55.2
"WY",2015,55.2
"OR",2015,55.2
"CO",2011,55.2
"ID",2011,55.2
"AZ",2011,55.2
"NV",2011,55.2
"WV",2015,55.2
"KY",2013,55.2
"SD",2015,55.2
"UT",2017,55.3
"MT",2017,55.3
"AL",2015,55.3
"DE",2011,55.3
"NM",2011,55.3
"MT",2011,55.3
"MA",2013,55.3
"CA",2015,55.3
"UT",2013,55.3
"WY",2011,55.3
"UT",2011,55.3
"AK",2011,55.3
"NH",2011,55.3
"CA",2019,55.3
"NC",2019,55.3
"SC",2019,55.3
"IN",2019,55.3
"ID",2015,55.3
"HI",2019,55.3
"MD",2015,55.3
"MT",2011,55.3
"AK",2013,55.3
"MA",2011,55.3
"NM",2015,55.3
"MI",2011,55.3
"UT",2015,55.3
"GA",2011,55.3
"ID",2013,55.3
"WY",2015,55.3
"UT",2013,55.3
"GA",2015,55.3
"ID",2017,55.4
"FL",2011,55.4
"WV",2013,55.4
"NH",2013,55.4
"CT",2015,55.4
"HI",2017,55.4
"OH",2011,55.4
"AZ",2019,55.4
"MD",2019,55.4
"VT",2019,55.4
"AR",2015,55.4
"TX",2011,55.4
"WY",2019,55.4
"MN",2015,55.4
"CO",2019,55.4
"AR",2011,55.4
"NH",2013,55.4
"WA",2011,55.4
"NJ",2013,55.4
"MO",2015,55.4
"MN",2011,55.4
"OK",2011,55.4
"MI",2011,55.4
"AR",2011,55.4
"AR",2015,55.4
"OH",2013,55.4
"DE",2013,55.4
"CO",2015,55.4
"SC",2011,55.4
"LA",2017,55.5
"WA",2017,55.5
"AL",2017,55.5
"NM",2017,55.5
"ID",2013,55.5
"AL",2013,55.5
"NE",2013,55.5
"VT",2011,55.5
"AZ",2017,55.5
"NM",2017,55.5
"NE",2017,55.5
"OH",2019,55.5
"MN",2011,55.5
"NH",2011,55.5
"WY",2019,55.5
"AZ",2019,55.5
"MN",2011,55.5
"MO",2019,55.5
"MN",2015,55.5
"WV",2019,55.5
"NV",2013,55.5
"NV",2015,55.5
"CT",2015,55.5
"IL",2011,55.5
"OK",2015,55.5
"WI",2013,55.5
"NM",2011,55.5
"WA",2011,55.6
"MO",2017,55.6
"WY",2017,55.6
"OK",2015,55.6
"NV",2015,55.6
"SD",2015,55.6
"NH",2017,55.6
"CA",2017,55.6
"UT",2017,55.6
"IN",2019,55.6
"HI",2019,55.6
"UT",2013,55.6
"VT",2019,55.6
"ME",2011,55.6
"WA",2015,55.6
"MI",2011,55.6
"VT",2011,55.6
"NJ",2015,55.6
"WI",2011,55.6
"NM",2015,55.6
"SD",2013,55.6
"MO",2017,55.7
"WI",2017,55.7
"OH",2017,55.7
"NC",2017,55.7
"FL",2015,55.7
"KS",2013,55.7
"NH",2013,55.7
"HI",2015,55.7
"RI",2017,55.7
"CO",2015,55.7
"CO",2019,55.7
"MT",2019,55.7
"MD",2019,55.7
"UT",2019,55.7
"NM",2019,55.7
"CT",2019,55.7
"DE",2019,55.7
"NH",2011,55.7
"NH",2011,55.7
"MA",2013,55.7
"ME",2013,55.7
"MD",2015,55.7
"FL",2013,55.7
"MN",2011,55.7
"IL",2011,55.7
"AZ",2017,55.8
"WY",2013,55.8
"ME",2011,55.8
"AK",2015,55.8
"PA",2015,55.8
"OR",2015,55.8
"AK",2017,55.8
"CA",2017,55.8
"VA",2011,55.8
"CA",2013,55.8
"MT",2019,55.8
"NH",2019,55.8
"WA",2013,55.8
"OR",2015,55.8
"CO",2019,55.8
"CA",2019,55.8
"NM",2019,55.8
"WI",2019,55.8
"ME",2015,55.8
"UT",2019,55.8
"FL",2015,55.8
"MD",2011,55.8
"NE",2013,55.8
"UT",2011,55.8
"IL",2011,55.8
"WY",2013,55.8
"HI",2011,55.8
"NV",2013,55.8
"WY",2017,55.9
"CO",2017,55.9
"ID",2017,55.9
"IL",2017,55.9
"WY",2015,55.9
"IL",2017,55.9
"NH",2017,55.9
"WA",2017,55.9
"CA",2017,55.9
"TX",2011,55.9
"MA",2011,55.9
"ME",2019,55.9
"WY",2019,55.9
"MT",2011,55.9
"KY",2011,55.9
"ME",2013,55.9
"AK",2013,55.9
"WI",2011,55.9
"ME",2017,56
"MD",2017,56
"NM",2013,56
"ME",2011,56
"MN",2015,56
"CO",2011,56
"OH",2015,56
"RI",2017,56
"ID",2011,56
"WY",2015,56
"MA",2013,56
"NY",2019,56
"ID",2013,56
"MA",2011,56
"WY",2019,56
"IL",2019,56
"TX",2011,56
"OR",2019,56
"OK",2011,56
"ID",2013,56
"HI",2019,56
"HI",2019,56
"CT",2015,56
"AK",2011,56
"MT",2015,56
"WV",2011,56
"MA",2013,56
"AZ",2013,56
"NM",2015,56
"NV",2011,56
"SD",2013,56
"MO",2011,56
"HI",2011,56
"FL",2011,56
"OR",2015,56
"CT",2011,56
"MI",2011,56
"WV",2013,56
"WA",2017,56.1
"HI",2017,56.1
"IN",2017,56.1
"AK",2017,56.1
"TN",2017,56.1
"NH",2013,56.1
"ID",2017,56.1
"MN",2015,56.1
"CT",2019,56.1
"NV",2013,56.1
"AL",2019,56.1
"IL",2019,56.1
"UT",2019,56.1
"DE",2019,56.1
"AK",2019,56.1
"WV",2019,56.1
"NY",2019,56.1
"RI",2019,56.1
"MT",2011,56.1
"AK",2015,56.1
"MO",2013,56.1
"MO",2013,56.1
"MN",2015,56.1
"NH",2011,56.1
"WI",2011,56.1
"AZ",2017,56.2
"CO",2017,56.2
"OR",2017,56.2
"CA",2015,56.2
"HI",2011,56.2
"NH",2013,56.2
"AK",2011,56.2
"VT",2017,56.2
"RI",2017,56.2
"NV",2017,56.2
"AK",2017,56.2
"MT",2015,56.2
"UT",2011,56.2
"WI",2015,56.2
"ND",2019,56.2
"UT",2019,56.2
"CO",2019,56.2
"AR",2019,56.2
"WY",2019,56.2
"AZ",2011,56.2
"NM",2013,56.2
"DE",2013,56.2
"AK",2011,56.2
"ID",2011,56.2
"MN",2015,56.2
"AK",2017,56.3
"ME",2015,56.3
"CA",2013,56.3
"WA",2013,56.3
"FL",2015,56.3
"ME",2011,56.3
"SD",2017,56.3
"MT",2011,56.3
"ID",2015,56.3
"CO",2017,56.3
"NM",2019,56.3
"MN",2019,56.3
"OR",2015,56.3
"MA",2011,56.3
"UT",2013,56.3
"UT",2017,56.4
"OR",2011,56.4
"MD",2011,56.4
"CA",2011,56.4
"AR",2015,56.4
"KY",2013,56.4
"NJ",2017,56.4
"IN",2017,56.4
"VA",2017,56.4
"IL",2017,56.4
"CA",2013,56.4
"UT",2019,56.4
"WI",2011,56.4
"ID",2019,56.4
"NE",2019,56.4
"SD",2015,56.4
"HI",2015,56.4
"ME",2011,56.4
"LA",2013,56.4
"MD",2013,56.4
"MO",2013,56.4
"WV",2013,56.4
"NM",2011,56.4
"NJ",2017,56.5
"NJ",2017,56.5
"WI",2017,56.5
"UT",2015,56.5
"WA",2017,56.5
"HI",2017,56.5
"CA",2017,56.5
"NH",2017,56.5
"FL",2019,56.5
"CT",2011,56.5
"MD",2011,56.5
"SC",2019,56.5
"AK",2019,56.5
"MI",2015,56.5
"MN",2019,56.5
"UT",2013,56.5
"WY",2015,56.5
"AK",2019,56.5
"WI",2015,56.5
"WA",2011,56.5
"WA",2015,56.5
"WY",2011,56.5
"CT",2015,56.5
"MN",2013,56.5
"MT",2017,56.6
"NM",2017,56.6
"NE",2017,56.6
"NH",2011,56.6
"SD",2015,56.6
"NV",2011,56.6
"KS",2011,56.6
"MA",2013,56.6
"MS",2017,56.6
"UT",2015,56.6
"UT",2011,56.6
"NH",2011,56.6
"NV",2019,56.6
"WV",2019,56.6
"CO",2019,56.6
"WV",2019,56.6
"MT",2019,56.6
"CA",2015,56.6
"WY",2011,56.6
"CA",2011,56.6
"HI",2015,56.6
"VT",2011,56.6
"AR",2015,56.6
"HI",2013,56.6
"MT",2017,56.7
"AK",2017,56.7
"ME",2011,56.7
"FL",2015,56.7
"WI",2015,56.7
"WY",2015,56.7
"UT",2011,56.7
"NH",2011,56.7
"ID",2019,56.7
"OR",2019,56.7
"MO",2011,56.7
"NM",2019,56.7
"OR",2019,56.7
"VT",2013,56.7
"UT",2013,56.7
"SD",2015,56.7
"IL",2015,56.7
"NV",2015,56.7
"NE",2011,56.7
"MT",2011,56.7
"AZ",2013,56.7
"NM",2015,56.7
"AL",2013,56.7
"RI",2017,56.8
"ME",2017,56.8
"OR",2017,56.8
"AK",2017,56.8
"NE",2017,56.8
"WA",2017,56.8
"NH",2017,56.8
"SC",2017,56.8
"MN",2019,56.8
"PA",2013,56.8
"OR",2019,56.8
"FL",2019,56.8
"TN",2019,56.8
"FL",2019,56.8
"MN",2019,56.8
"WI",2019,56.8
"TX",2019,56.8
"DE",2019,56.8
"VT",2015,56.8
"AZ",2011,56.8
"NH",2019,56.8
"IA",2019,56.8
"VA",2011,56.8
"ID",2015,56.8
"NE",2013,56.8
"WA",2013,56.8
"MA",2011,56.8
"OR",2011,56.8
"WI",2015,56.8
"MI",2017,56.9
"OH",2017,56.9
"NM",2017,56.9
"CA",2017,56.9
"HI",2013,56.9
"VT",2011,56.9
"MD",2017,56.9
"OR",2017,56.9
"OR",2017,56.9
"CT",2017,56.9
"OR",2017,56.9
"IN",2019,56.9
"UT",2019,56.9
"MD",2019,56.9
"AZ",2019,56.9
"ID",2019,56.9
"KS",2019,56.9
"CA",2013,56.9
"HI",2013,56.9
"NJ",2011,56.9
"NC",2011,56.9
"UT",2013,56.9
"NV",2013,56.9
"ME",2011,56.9
"UT",2015,56.9
"WY",2011,56.9
"OH",2015,56.9
"SD",2015,56.9
"ME",2011,56.9
"NM",2013,56.9
"WI",2015,56.9
"NV",2015,56.9
"MT",2013,56.9
"MT",2015,56.9
"ID",2011,56.9
"NM",2017,57
"IA",2011,57
"CT",2015,57
"IL",2015,57
"MA",2013,57
"ID",2015,57
"NM",2011,57
"NH",2019,57
"NV",2013,57
"KS",2011,57
"AL",2015,57
"NH",2011,57
"WI",2017,57.1
"CO",2017,57.1
"VT",2011,57.1
"RI",2011,57.1
"VT",2013,57.1
"MA",2013,57.1
"MT",2013,57.1
"AR",2019,57.1
"UT",2019,57.1
"OH",2019,57.1
"AZ",2011,57.1
"NV",2011,57.1
"RI",2013,57.1
"MT",2011,57.1
"NY",2011,57.1
"WI",2015,57.2
"AZ",2015,57.2
"PA",2017,57.2
"MI",2013,57.2
"GA",2015,57.2
"ID",2011,57.2
"IL",2019,57.2
"PA",2019,57.2
"CT",2019,57.2
"NH",2015,57.2
"NH",2015,57.2
"IA",2015,57.2
"KY",2011,57.2
"CA",2013,57.2
"CT",2015,57.2
"MT",2013,57.3
"LA",2013,57.3
"IL",2011,57.3
"FL",2011,57.3
"ME",2011,57.3
"OR",2013,57.3
"KS",2017,57.3
"UT",2011,57.3
"NM",2015,57.3
"AK",2019,57.3
"NV",2019,57.3
"MA",2019,57.3
"OR",2019,57.3
"MT",2015,57.3
"NH",2011,57.3
"WI",2015,57.3
"PA",2013,57.3
"NM",2013,57.3
"KS",2013,57.3
"CA",2015,57.3
"CA",2015,57.3
"IA",2017,57.4
"LA",2015,57.4
"WY",2013,57.4
"HI",2011,57.4
"UT",2011,57.4
"ID",2019,57.4
"IN",2019,57.4
"AK",2013,57.4
"ME",2011,57.4
"HI",2019,57.4
"MD",2013,57.4
"NM",2019,57.4
"WA",2011,57.4
"AR",2019,57.4
"ID",2019,57.4
"PA",2019,57.4
"AK",2011,57.4
"VA",2015,57.4
"WI",2011,57.4
"CA",2015,57.4
"MT",2013,57.4
"VT",2011,57.4
"WI",2013,57.4
"NH",2015,57.4
"VT",2017,57.5
"CA",2017,57.5
"CA",2017,57.5
"VT",2013,57.5
"AR",2017,57.5
"WY",2017,57.5
"NE",2013,57.5
"MI",2017,57.5
"CO",2019,57.5
"WY",2011,57.5
"KS",2019,57.5
"NE",2019,57.5
"UT",2015,57.5
"AZ",2015,57.5
"NV",2015,57.5
"WI",2015,57.5
"FL",2011,57.5
"SD",2011,57.5
"CA",2011,57.5
"NV",2015,57.5
"MO",2015,57.5
"WA",2013,57.6
"AK",2011,57.6
"NH",2015,57.6
"OH",2013,57.6
"ID",2011,57.6
"NM",2013,57.6
"NH",2019,57.6
"MN",2019,57.6
"AZ",2019,57.6
"UT",2015,57.6
"MA",2011,57.6
"NH",2015,57.6
"ID",2015,57.6
"WY",2017,57.7
"ME",2017,57.7
"ID",2015,57.7
"MI",2011,57.7
"WI",2017,57.7
"OR",2017,57.7
"NH",2015,57.7
"NJ",2013,57.7
"TN",2017,57.7
"IA",2011,57.7
"WY",2019,57.7
"WI",2019,57.7
"SC",2019,57.7
"FL",2019,57.7
"MT",2015,57.7
"NH",2013,57.7
"WV",2017,57.8
"HI",2017,57.8
"KS",2017,57.8
"WV",2017,57.8
"MT",2013,57.8
"WA",2013,57.8
"CT",2015,57.8
"WI",2013,57.8
"RI",2011,57.8
"WA",2019,57.8
"IL",2019,57.8
"HI",2019,57.8
"UT",2013,57.8
"UT",2015,57.8
"CA",2015,57.8
"ID",2015,57.8
"NV",2015,57.8
"NE",2011,57.8
"MT",2013,57.8
"NM",2015,57.8
"UT",2011,57.8
"WV",2017,57.9
"WA",2017,57.9
"NY",2017,57.9
"ID",2017,57.9
"CO",2013,57.9
"CA",2015,57.9
"MA",2011,57.9
"NH",2015,57.9
"ID",2011,57.9
"VA",2015,57.9
"OR",2019,57.9
"MN",2011,57.9
"FL",2019,57.9
"VT",2019,57.9
"AK",2011,57.9
"MT",2013,57.9
"MI",2015,57.9
"ME",2011,57.9
"AK",2011,57.9
"CA",2011,57.9
"VT",2011,57.9
"VT",2013,57.9
"UT",2015,57.9
"CO",2015,58
"CA",2015,58
"MA",2017,58
"FL",2017,58
"RI",2017,58
"CA",2017,58
"VT",2015,58
"HI",2015,58
"MN",2019,58
"MT",2019,58
"NH",2019,58
"MN",2019,58
"NV",2011,58
"MN",2015,58
"WA",2015,58
"WA",2015,58
"NJ",2013,58
"WI",2015,58
"WI",2017,58.1
"WA",2013,58.1
"FL",2013,58.1
"AK",2013,58.1
"WA",2019,58.1
"CO",2019,58.1
"OR",2011,58.1
"TX",2011,58.1
"RI",2013,58.1
"AZ",2013,58.1
"VT",2013,58.1
"NV",2013,58.1
"AK",2015,58.1
"NE",2015,58.1
"CT",2017,58.2
"VT",2017,58.2
"HI",2017,58.2
"IA",2017,58.2
"CO",2011,58.2
"IA",2013,58.2
"PA",2011,58.2
"NY",2017,58.2
"AK",2011,58.2
"WI",2017,58.2
"KY",2013,58.2
"AZ",2017,58.2
"NV",2011,58.2
"WA",2019,58.2
"AK",2019,58.2
"OH",2019,58.2
"MT",2013,58.2
"GA",2011,58.2
"CO",2013,58.2
"HI",2013,58.2
"OH",2013,58.2
"ID",2011,58.2
"MT",2015,58.2
"KY",2011,58.2
"MT",2013,58.2
"WV",2015,58.2
"IL",2011,58.2
"VT",2015,58.2
"ID",2011,58.2
"NV",2015,58.2
"CA",2011,58.2
"NH",2015,58.2
"AK",2017,58.3
"IA",2015,58.3
"TN",2017,58.3
"NC",2017,58.3
"MT",2017,58.3
"NE",2017,58.3
"WI",2017,58.3
"WA",2013,58.3
"WY",2013,58.3
"AK",2015,58.3
"WA",2017,58.3
"MN",2017,58.3
"NC",2015,58.3
"CA",2019,58.3
"UT",2019,58.3
"OR",2013,58.3
"MO",2015,58.3
"TN",2019,58.3
"VT",2015,58.3
"OR",2011,58.3
"GA",2011,58.3
"WI",2011,58.3
"ID",2011,58.3
"UT",2011,58.3
"CA",2017,58.4
"HI",2017,58.4
"PA",2017,58.4
"IA",2017,58.4
"VT",2017,58.4
"ME",2013,58.4
"WI",2011,58.4
"MA",2011,58.4
"ME",2011,58.4
"ID",2013,58.4
"AK",2019,58.4
"CO",2019,58.4
"HI",2013,58.4
"HI",2019,58.4
"RI",2015,58.4
"ME",2019,58.4
"AK",2011,58.4
"MA",2011,58.4
"PA",2015,58.4
"CO",2015,58.4
"WY",2015,58.4
"NC",2013,58.4
"FL",2011,58.4
"MT",2013,58.4
"WA",2015,58.4
"KS",2015,58.4
"AK",2017,58.5
"NM",2015,58.5
"MN",2019,58.5
"NM",2013,58.5
"GA",2019,58.5
"HI",2011,58.5
"WA",2019,58.5
"IL",2013,58.5
"ID",2019,58.5
"MD",2019,58.5
"NH",2019,58.5
"DE",2019,58.5
"VA",2019,58.5
"FL",2019,58.5
"IL",2015,58.5
"AK",2015,58.5
"MT",2015,58.5
"FL",2015,58.5
"KY",2015,58.5
"WA",2017,58.6
"UT",2017,58.6
"WI",2015,58.6
"CO",2017,58.6
"NM",2015,58.6
"CA",2019,58.6
"FL",2019,58.6
"VT",2015,58.6
"VT",2015,58.6
"CO",2015,58.6
"NE",2013,58.6
"NH",2015,58.6
"AK",2015,58.6
"WA",2015,58.6
"CT",2015,58.6
"HI",2015,58.6
"AZ",2013,58.6
"CA",2013,58.6
"CO",2017,58.7
"WA",2015,58.7
"HI",2015,58.7
"SC",2013,58.7
"NV",2015,58.7
"MT",2015,58.7
"NH",2013,58.7
"KS",2015,58.7
"WI",2011,58.7
"MN",2013,58.7
"WA",2011,58.8
"CT",2013,58.8
"CO",2015,58.8
"CO",2017,58.8
"IL",2013,58.8
"ME",2015,58.8
"CT",2019,58.8
"VT",2013,58.8
"WI",2011,58.8
"CO",2013,58.8
"DE",2013,58.8
"NH",2017,58.9
"AK",2011,58.9
"IL",2013,58.9
"CA",2017,58.9
"UT",2011,58.9
"CO",2017,58.9
"GA",2019,58.9
"GA",2013,58.9
"MT",2019,58.9
"MN",2019,58.9
"CT",2019,58.9
"WA",2015,58.9
"MN",2019,58.9
"TX",2019,58.9
"VT",2015,58.9
"CO",2015,58.9
"NC",2015,58.9
"CA",2011,58.9
"MI",2015,58.9
"CO",2017,59
"AK",2017,59
"AK",2017,59
"AR",2017,59
"VT",2011,59
"HI",2013,59
"MT",2015,59
"CA",2015,59
"NH",2013,59
"NH",2015,59
"VT",2013,59
"MD",2019,59
"CO",2019,59
"WI",2019,59
"MT",2019,59
"ME",2011,59
"MT",2015,59
"RI",2015,59
"FL",2017,59.1
"NC",2017,59.1
"UT",2017,59.1
"AK",2015,59.1
"MI",2011,59.1
"NM",2019,59.1
"CT",2019,59.1
"CA",2015,59.1
"HI",2013,59.1
"NM",2019,59.1
"VT",2019,59.1
"SC",2013,59.1
"MT",2013,59.1
"VT",2015,59.1
"HI",2013,59.1
"WA",2015,59.1
"NH",2015,59.1
"NC",2011,59.1
"OR",2017,59.2
"SC",2017,59.2
"ID",2017,59.2
"AK",2017,59.2
"MA",2017,59.2
"VT",2015,59.2
"AZ",2013,59.2
"NJ",2011,59.2
"MI",2015,59.2
"IL",2017,59.2
"NH",2011,59.2
"VT",2011,59.2
"DE",2019,59.2
"ID",2019,59.2
"VT",2011,59.2
"VT",2015,59.2
"HI",2013,59.2
"VT",2013,59.2
"VA",2015,59.2
"NV",2015,59.2
"NM",2015,59.3
"MN",2017,59.3
"IL",2017,59.3
"AK",2011,59.3
"WA",2011,59.3
"CA",2011,59.3
"VT",2017,59.3
"VT",2017,59.3
"WY",2019,59.3
"CO",2019,59.3
"MD",2015,59.3
"CO",2019,59.3
"HI",2019,59.3
"WA",2019,59.3
"VT",2015,59.3
"VT",2011,59.3
"NJ",2011,59.3
"WY",2013,59.3
"AK",2011,59.3
"OR",2015,59.3
"HI",2015,59.3
"NM",2011,59.3
"CO",2017,59.4
"HI",2011,59.4
"CA",2011,59.4
"CO",2011,59.4
"NJ",2017,59.4
"MT",2015,59.4
"WA",2017,59.4
"FL",2019,59.4
"WA",2019,59.4
"OR",2019,59.4
"NH",2019,59.4
"NH",2019,59.4
"NC",2011,59.4
"CO",2015,59.4
"VT",2013,59.4
"CA",2011,59.4
"SC",2015,59.4
"OR",2015,59.4
"AK",2015,59.4
"NV",2015,59.4
"AZ",2011,59.4
"VT",2011,59.4
"VT",2015,59.4
"MT",2015,59.4
"GA",2013,59.4
"ID",2017,59.5
"NH",2017,59.5
"WA",2013,59.5
"MT",2011,59.5
"OR",2011,59.5
"VT",2013,59.5
"CO",2011,59.5
"NE",2015,59.5
"MI",2019,59.5
"ID",2019,59.5
"OR",2011,59.5
"OH",2011,59.5
"AZ",2011,59.5
"MA",2011,59.5
"VT",2017,59.6
"HI",2017,59.6
"OR",2017,59.6
"CO",2013,59.6
"VT",2011,59.6
"CO",2015,59.6
"ID",2011,59.6
"VT",2011,59.6
"AK",2015,59.6
"ME",2013,59.6
"MO",2011,59.6
"CA",2019,59.6
"AK",2019,59.6
"KY",2015,59.6
"WI",2013,59.6
"MT",2015,59.6
"AK",2015,59.6
"VT",2013,59.6
"AK",2013,59.6
"WA",2013,59.6
"NV",2013,59.6
"SD",2013,59.6
"MD",2015,59.7
"MD",2017,59.7
"AZ",2011,59.7
"HI",2017,59.7
"PA",2011,59.7
"VT",2017,59.7
"MD",2015,59.7
"VA",2019,59.7
"VT",2015,59.7
"NM",2013,59.7
"MI",2011,59.7
"CA",2013,59.7
"MA",2013,59.8
"WV",2019,59.8
"WY",2019,59.8
"MT",2011,59.8
"AR",2015,59.8
"AZ",2015,59.8
"OR",2019,59.8
"FL",2011,59.8
"CO",2013,59.8
"SC",2011,59.8
"IA",2017,59.9
"GA",2011,59.9
"SD",2015,59.9
"VT",2017,59.9
"MT",2015,59.9
"NC",2015,59.9
"VT",2013,59.9
"HI",2013,59.9
"OH",2019,59.9
"HI",2015,59.9
"VT",2013,59.9
"CA",2013,59.9
"HI",2011,59.9
"CO",2017,60
"SC",2011,60
"HI",2019,60
"NH",2019,60
"CO",2015,60
"OR",2015,60
"ID",2011,60
"NM",2013,60
"RI",2013,60
"WA",2015,60
"PA",2017,60.1
"UT",2015,60.1
"MI",2013,60.1
"MT",2015,60.1
"TN",2015,60.1
"HI",2013,60.1
"MN",2019,60.1
"DE",2015,60.1
"CO",2013,60.1
"VT",2011,60.1
"MI",2013,60.1
"WI",2017,60.2
"UT",2013,60.2
"WI",2011,60.2
"VT",2017,60.2
"AK",2017,60.2
"VT",2019,60.2
"AZ",2019,60.2
"CA",2013,60.2
"HI",2013,60.2
"MN",2013,60.2
"MA",2013,60.3
"NV",2015,60.3
"CO",2019,60.3
"NY",2011,60.3
"RI",2015,60.3
"NV",2015,60.3
"WI",2011,60.3
"OH",2017,60.4
"WA",2015,60.4
"HI",2011,60.4
"LA",2015,60.4
"CA",2011,60.4
"CO",2015,60.4
"PA",2019,60.4
"NY",2019,60.4
"WA",2019,60.4
"NM",2011,60.4
"DE",2015,60.4
"CO",2013,60.4
"OH",2011,60.4
"MI",2011,60.4
"OR",2015,60.4
"FL",2015,60.4
"OR",2013,60.5
"WI",2015,60.5
"NC",2013,60.5
"HI",2013,60.5
"MT",2019,60.5
"CO",2019,60.5
"SD",2013,60.5
"FL",2019,60.5
"MN",2019,60.5
"WA",2015,60.5
"WI",2013,60.5
"WI",2015,60.5
"WI",2017,60.6
"VA",2017,60.6
"AK",2017,60.6
"AK",2013,60.6
"HI",2015,60.6
"WI",2017,60.6
"VT",2017,60.6
"WA",2011,60.6
"IL",2013,60.6
"OR",2013,60.6
"CT",2013,60.6
"CO",2015,60.6
"CO",2011,60.6
"WI",2017,60.7
"NH",2017,60.7
"CA",2017,60.7
"OR",2017,60.7
"NM",2017,60.7
"WA",2017,60.7
"WI",2015,60.7
"WI",2019,60.7
"MT",2019,60.7
"AK",2019,60.7
"MI",2019,60.7
"OH",2013,60.7
"HI",2015,60.7
"NY",2011,60.7
"HI",2015,60.7
"CA",2013,60.7
"CA",2011,60.7
"MA",2015,60.7
"VT",2017,60.8
"VA",2017,60.8
"IN",2017,60.8
"OR",2013,60.8
"ID",2019,60.8
"ME",2015,60.8
"MT",2019,60.8
"HI",2011,60.8
"AK",2015,60.8
"CO",2013,60.8
"WA",2011,60.8
"MN",2011,60.8
"AZ",2015,60.8
"HI",2017,60.9
"AK",2017,60.9
"RI",2019,60.9
"MA",2019,60.9
"SC",2013,60.9
"SD",2015,60.9
"MD",2015,60.9
"OR",2015,60.9
"ID",2013,61
"VT",2011,61
"OR",2015,61
"WA",2019,61
"NY",2011,61
"NV",2019,61
"VT",2017,61.1
"OR",2011,61.1
"GA",2013,61.1
"OR",2015,61.1
"CT",2017,61.1
"HI",2019,61.1
"VT",2019,61.1
"MN",2015,61.1
"ID",2019,61.1
"ID",2011,61.1
"WY",2011,61.1
"MN",2013,61.1
"ID",2015,61.1
"RI",2017,61.2
"OR",2017,61.2
"WI",2011,61.2
"MA",2015,61.2
"CO",2013,61.2
"WA",2017,61.2
"MT",2019,61.2
"VT",2019,61.2
"CT",2011,61.2
"FL",2015,61.2
"ID",2019,61.2
"OR",2019,61.2
"WA",2019,61.2
"CO",2015,61.2
"VA",2013,61.2
"CO",2011,61.2
"VT",2013,61.2
"NM",2015,61.2
"OH",2011,61.2
"WY",2017,61.3
"PA",2017,61.3
"ID",2013,61.3
"IL",2017,61.3
"CA",2019,61.3
"MT",2019,61.3
"ND",2015,61.3
"AZ",2013,61.3
"WY",2015,61.3
"NV",2017,61.4
"MT",2013,61.4
"OR",2013,61.4
"VT",2011,61.4
"ID",2015,61.4
"CO",2013,61.4
"WA",2013,61.4
"HI",2011,61.4
"AZ",2017,61.5
"ME",2017,61.5
"CA",2017,61.5
"SD",2013,61.5
"HI",2017,61.5
"MT",2019,61.5
"VT",2019,61.5
"HI",2019,61.5
"CA",2011,61.5
"WY",2013,61.5
"CT",2015,61.5
"CA",2011,61.5
"OR",2015,61.6
"UT",2015,61.6
"UT",2017,61.6
"OR",2019,61.6
"CO",2011,61.6
"VT",2019,61.6
"MT",2013,61.6
"WY",2011,61.6
"AK",2015,61.6
"AZ",2011,61.6
"CT",2015,61.6
"NV",2017,61.7
"SC",2015,61.7
"FL",2013,61.7
"WI",2017,61.7
"RI",2019,61.7
"CO",2013,61.7
"MA",2019,61.7
"NV",2013,61.7
"OR",2013,61.7
"HI",2011,61.7
"MA",2013,61.8
"CO",2011,61.8
"AK",2019,61.8
"ID",2019,61.8
"CO",2011,61.8
"NV",2011,61.8
"CO",2017,61.9
"CO",2011,61.9
"AK",2015,61.9
"VT",2019,61.9
"ME",2015,61.9
"OR",2011,61.9
"AK",2017,62
"NH",2017,62
"CO",2013,62
"UT",2019,62
"NM",2019,62
"AK",2011,62
"MA",2015,62
"CA",2015,62
"FL",2011,62
"CT",2011,62
"AZ",2015,62.1
"MN",2015,62.1
"RI",2019,62.1
"CO",2019,62.1
"NV",2013,62.1
"CO",2017,62.2
"HI",2017,62.2
"WA",2017,62.2
"HI",2017,62.2
"VT",2017,62.2
"NV",2011,62.2
"WI",2017,62.2
"MA",2017,62.2
"AZ",2017,62.2
"VT",2019,62.2
"MN",2019,62.2
"MI",2011,62.2
"WI",2015,62.2
"ID",2017,62.3
"HI",2011,62.3
"NY",2019,62.3
"OR",2015,62.3
"MT",2019,62.3
"CO",2015,62.3
"OR",2015,62.3
"VT",2019,62.3
"HI",2011,62.3
"HI",2015,62.3
"HI",2013,62.3
"GA",2011,62.3
"VA",2017,62.4
"CA",2015,62.4
"VA",2011,62.4
"AZ",2011,62.4
"CA",2019,62.4
"CA",2013,62.4
"NM",2011,62.4
"WA",2013,62.4
"CO",2017,62.5
"NC",2013,62.5
"SC",2017,62.5
"UT",2015,62.5
"HI",2019,62.5
"CA",2019,62.5
"CA",2019,62.5
"UT",2011,62.5
"ID",2015,62.5
"MT",2017,62.6
"HI",2011,62.6
"WA",2013,62.6
"AK",2017,62.6
"OR",2011,62.6
"OR",2019,62.6
"OR",2013,62.6
"OR",2011,62.6
"OR",2015,62.6
"OR",2011,62.7
"OR",2011,62.7
"NM",2013,62.7
"MN",2011,62.7
"OR",2011,62.7
"CT",2019,62.7
"AK",2015,62.7
"ME",2013,62.8
"TX",2015,62.8
"DE",2011,62.8
"OR",2011,62.8
"WA",2019,62.8
"MT",2019,62.8
"WA",2013,62.8
"CO",2011,62.8
"AK",2011,62.8
"WA",2015,62.9
"NM",2019,62.9
"UT",2019,62.9
"VT",2017,63
"NM",2017,63
"NC",2019,63
"CA",2019,63
"VT",2019,63
"LA",2019,63
"MI",2015,63
"OR",2011,63
"NE",2017,63.1
"CA",2019,63.1
"CO",2019,63.1
"NV",2019,63.1
"MN",2019,63.1
"MT",2019,63.1
"NH",2013,63.1
"HI",2011,63.1
"NM",2013,63.1
"WA",2013,63.1
"NH",2011,63.1
"HI",2013,63.1
"NM",2011,63.1
"CO",2013,63.2
"AK",2011,63.2
"AK",2013,63.2
"CT",2015,63.2
"NC",2019,63.2
"VA",2013,63.2
"VT",2019,63.2
"GA",2019,63.2
"CO",2013,63.2
"MN",2013,63.2
"ME",2017,63.3
"UT",2017,63.3
"WI",2019,63.3
"CA",2013,63.3
"CO",2011,63.3
"WI",2017,63.4
"NH",2013,63.4
"CT",2019,63.4
"WY",2017,63.5
"CA",2017,63.5
"MA",2011,63.5
"WY",2019,63.5
"NM",2015,63.5
"NM",2015,63.5
"CO",2015,63.5
"NH",2013,63.5
"CO",2017,63.6
"CO",2011,63.6
"OR",2013,63.6
"ME",2019,63.6
"NH",2019,63.6
"ME",2019,63.6
"VT",2019,63.6
"MT",2019,63.6
"MD",2015,63.6
"CO",2013,63.7
"AK",2019,63.7
"VT",2019,63.7
"WI",2019,63.7
"MT",2019,63.7
"NJ",2011,63.7
"MA",2011,63.7
"NM",2011,63.7
"CO",2015,63.7
"UT",2011,63.7
"ID",2011,63.8
"MA",2019,63.8
"WA",2019,63.8
"AZ",2019,63.8
"WA",2011,63.8
"AK",2015,63.9
"VT",2019,63.9
"NM",2015,63.9
"VA",2011,63.9
"HI",2013,63.9
"WI",2011,63.9
"VT",2015,63.9
"UT",2013,63.9
"MN",2019,64
"AZ",2019,64
"NM",2017,64.1
"OR",2013,64.1
"WY",2013,64.1
"UT",2019,64.1
"CA",2015,64.1
"WA",2017,64.2
"CO",2011,64.2
"CA",2015,64.2
"NH",2015,64.2
"WY",2015,64.2
"CA",2013,64.3
"CA",2011,64.3
"NM",2013,64.3
"CO",2015,64.3
"NH",2015,64.4
"AK",2017,64.4
"MT",2019,64.4
"ID",2013,64.4
"AZ",2011,64.4
"MT",2011,64.5
"CO",2011,64.5
"CO",2019,64.5
"CA",2017,64.6
"NH",2019,64.6
"MT",2019,64.6
"CA",2015,64.6
"UT",2013,64.6
"HI",2011,64.7
"NM",2019,64.7
"WI",2011,64.8
"CA",2013,64.8
"WI",2015,64.8
"ME",2011,64.8
"CO",2011,64.8
"OR",2011,64.8
"HI",2015,64.8
"MT",2011,64.8
"OR",2013,64.8
"MT",2013,64.9
"HI",2013,65
"NM",2019,65
"OR",2011,65
"CA",2017,65.1
"OR",2015,65.1
"CA",2017,65.1
"CO",2019,65.1
"TX",2019,65.1
"CA",2017,65.2
"CO",2017,65.2
"NH",2011,65.2
"WA",2019,65.2
"CA",2011,65.3
"ME",2015,65.3
"HI",2019,65.3
"CA",2011,65.3
"OR",2013,65.3
"ID",2019,65.4
"OR",2013,65.4
"OR",2013,65.4
"WA",2015,65.4
"FL",2011,65.4
"CA",2015,65.4
"AK",2019,65.5
"WA",2015,65.6
"MT",2017,65.6
"ID",2017,65.6
"VA",2019,65.6
"OR",2019,65.6
"ID",2019,65.6
"OR",2013,65.7
"MT",2017,65.7
"WA",2019,65.7
"ME",2013,65.7
"WA",2017,65.8
"NH",2019,65.8
"MT",2011,65.8
"NM",2015,65.8
"NH",2015,65.8
"ID",2011,65.8
"MN",2019,65.9
"CA",2011,66
"WA",2017,66
"OR",2017,66
"MT",2019,66
"HI",2011,66.1
"OR",2011,66.1
"MD",2013,66.2
"MT",2019,66.2
"ID",2011,66.2
"WA",2015,66.2
"CA",2011,66.2
"ID",2013,66.2
"HI",2013,66.2
"ME",2011,66.3
"CO",2011,66.3
"HI",2017,66.4
"MD",2019,66.4
"CA",2015,66.5
"WI",2011,66.5
"NH",2019,66.7
"HI",2013,66.7
"CA",2011,66.8
"WA",2019,66.8
"VT",2015,66.8
"OR",2011,66.8
"ME",2011,66.9
"AK",2015,67
"SD",2013,67
"CO",2017,67.1
"AK",2017,67.1
"KY",2015,67.1
"OR",2019,67.1
"AK",2019,67.1
"FL",2019,67.1
"VT",2013,67.1
"OR",2017,67.2
"FL",2019,67.2
"OR",2019,67.2
"CO",2019,67.2
"WA",2019,67.2
"AK",2011,67.2
"SC",2011,67.2
"OR",2013,67.3
"OR",2013,67.4
"CO",2019,67.5
"CO",2011,67.5
"NM",2013,67.5
"PA",2019,67.8
"MT",2013,67.9
"CO",2011,67.9
"AK",2013,68
"NV",2015,68.1
"CO",2017,68.2
"MT",2015,68.2
"OR",2013,68.3
"AZ",2019,68.3
"CA",2019,68.3
"OR",2013,68.6
"CO",2013,68.6
"VT",2019,68.8
"CO",2011,68.9
"CO",2011,68.9
"FL",2017,69
"CO",2015,69.1
"MT",2015,69.3
"HI",2013,69.3
"CO",2013,69.5
"VT",2011,69.6
"VT",2017,69.7
"OR",2015,70
"HI",2013,70
"CO",2015,70.2
"OR",2011,70.3
"VT",2013,70.3
"CA",2017,70.4
"OR",2015,70.4
"MT",2019,70.4
"VT",2015,70.4
"AK",2019,70.5
"VT",2017,70.6
"WI",2011,70.7
"MT",2019,70.8
"ID",2013,70.9
"VT",2019,71.1
"OR",2013,71.2
"WI",2017,71.4
"CO",2015,71.5
"OR",2013,71.5
"VT",2011,71.6
"FL",2015,71.6
"CA",2013,72.3
"GA",2013,72.6
"VT",2019,72.8
"NM",2017,73.1
"WY",2019,73.3
"NM",2013,73.8
"ID",2011,74.6
"MT",2011,75.3
"OR",2015,77.6
