"LocationAbbr","YearStart","Fruit Deficient Adults (%)"
"WI",2017,15.9
"VA",2019,16.6
"ND",2017,16.8
"AK",2017,17.5
"SC",2017,18.2
"NH",2017,18.8
"FL",2017,19.4
"CT",2017,19.7
"RI",2019,20.1
"OR",2017,20.4
"SC",2017,21.8
"AK",2021,21.9
"ME",2017,22.1
"VT",2017,22.4
"GA",2019,22.4
"ME",2017,22.5
"VT",2019,22.6
"DE",2019,23.1
"NH",2017,23.2
"RI",2017,23.3
"VT",2019,23.4
"TX",2019,23.5
"MO",2021,23.5
"MN",2017,23.6
"VT",2017,23.7
"UT",2017,23.8
"UT",2021,23.8
"GA",2017,24
"ME",2017,24.2
"VT",2019,24.3
"OR",2017,24.4
"NJ",2017,24.4
"OR",2017,24.5
"MD",2019,24.5
"ND",2017,24.9
"WA",2017,25.1
"ME",2019,25.1
"AZ",2019,25.1
"NV",2017,25.2
"CT",2017,25.2
"MD",2017,25.3
"WI",2017,25.4
"MN",2019,25.4
"NH",2017,25.5
"WY",2017,25.5
"SD",2017,25.6
"VT",2017,25.8
"MD",2017,25.9
"VT",2017,25.9
"MD",2017,25.9
"VT",2017,26
"CA",2017,26
"VT",2021,26
"CO",2017,26.1
"ME",2017,26.1
"AK",2017,26.3
"MN",2017,26.3
"MA",2019,26.3
"OH",2017,26.4
"TN",2017,26.5
"MA",2017,26.6
"IA",2017,26.6
"ME",2017,26.7
"CO",2017,26.7
"MA",2017,26.7
"NY",2019,26.7
"MA",2021,26.7
"KY",2017,26.8
"VT",2017,26.8
"MD",2021,26.8
"OH",2021,26.8
"IA",2017,26.9
"WA",2017,26.9
"MD",2017,26.9
"NY",2017,26.9
"AL",2017,26.9
"GA",2017,27
"PA",2017,27.1
"NH",2017,27.1
"UT",2017,27.1
"NJ",2017,27.1
"FL",2017,27.2
"OH",2019,27.2
"VT",2017,27.3
"IL",2017,27.3
"NH",2019,27.3
"CA",2017,27.4
"FL",2017,27.4
"VT",2017,27.4
"MN",2019,27.4
"OR",2019,27.4
"GA",2021,27.4
"NV",2021,27.4
"NJ",2017,27.5
"SC",2019,27.5
"ME",2019,27.5
"WI",2017,27.6
"OR",2017,27.6
"VA",2017,27.6
"CT",2021,27.6
"VA",2017,27.7
"WI",2017,27.7
"HI",2017,27.8
"NH",2017,27.8
"MN",2017,27.8
"DE",2017,27.8
"HI",2017,27.8
"UT",2019,27.8
"ME",2021,27.8
"DE",2017,27.9
"UT",2017,27.9
"NY",2019,27.9
"VT",2019,27.9
"ME",2021,27.9
"RI",2017,28
"WI",2017,28
"CT",2017,28.1
"MA",2017,28.1
"VT",2019,28.1
"VT",2021,28.1
"MI",2017,28.2
"OR",2017,28.3
"DE",2017,28.4
"MA",2017,28.4
"IL",2019,28.4
"RI",2021,28.4
"NH",2017,28.5
"NY",2017,28.5
"MT",2017,28.5
"PA",2017,28.5
"WA",2017,28.5
"MD",2017,28.5
"MN",2017,28.5
"NC",2019,28.5
"WA",2017,28.6
"DE",2019,28.6
"IL",2017,28.7
"CO",2017,28.7
"NH",2017,28.7
"AZ",2017,28.7
"NC",2017,28.7
"CO",2017,28.7
"WI",2019,28.7
"CT",2019,28.7
"OR",2019,28.7
"RI",2021,28.7
"MA",2017,28.8
"MO",2019,28.8
"IA",2017,28.9
"CT",2017,28.9
"VT",2017,28.9
"CT",2017,28.9
"ID",2017,28.9
"NH",2017,28.9
"RI",2017,28.9
"ID",2019,28.9
"NH",2019,28.9
"WA",2021,28.9
"CO",2017,29
"IL",2017,29
"UT",2017,29
"VT",2019,29
"ND",2019,29
"CA",2017,29.1
"OR",2017,29.1
"MT",2017,29.1
"WA",2017,29.1
"CT",2017,29.1
"NY",2017,29.1
"RI",2019,29.1
"SD",2019,29.1
"CT",2019,29.1
"UT",2021,29.1
"FL",2017,29.2
"ME",2017,29.2
"MA",2019,29.2
"ME",2017,29.3
"WI",2017,29.3
"ME",2019,29.3
"ND",2019,29.3
"NY",2019,29.3
"UT",2019,29.3
"MA",2017,29.4
"NE",2017,29.4
"AK",2017,29.4
"MA",2017,29.4
"NJ",2017,29.4
"ME",2019,29.4
"MN",2021,29.4
"RI",2017,29.5
"RI",2017,29.5
"CO",2017,29.5
"IA",2017,29.5
"MA",2017,29.5
"ME",2021,29.5
"VT",2021,29.5
"NY",2017,29.6
"TN",2017,29.6
"IN",2019,29.6
"FL",2017,29.7
"NV",2017,29.7
"VT",2017,29.7
"IL",2017,29.7
"WY",2017,29.7
"VT",2019,29.7
"MA",2019,29.7
"MN",2021,29.7
"CO",2017,29.8
"VT",2017,29.8
"PA",2017,29.8
"NH",2021,29.8
"SC",2021,29.8
"MA",2017,29.9
"VT",2017,29.9
"UT",2017,29.9
"NJ",2017,29.9
"AR",2017,29.9
"ID",2017,29.9
"PA",2017,29.9
"CT",2021,29.9
"NY",2021,29.9
"RI",2017,30
"MN",2017,30
"OH",2017,30
"VT",2019,30
"ID",2019,30
"MA",2017,30.1
"NH",2017,30.1
"MN",2017,30.1
"TX",2017,30.1
"IL",2017,30.1
"MA",2019,30.1
"CT",2019,30.1
"CT",2021,30.1
"RI",2021,30.1
"NJ",2017,30.2
"KS",2017,30.2
"IN",2021,30.2
"NH",2017,30.3
"UT",2017,30.3
"CO",2017,30.3
"AK",2017,30.3
"CA",2019,30.3
"ID",2019,30.3
"NV",2017,30.4
"NH",2017,30.4
"ME",2017,30.4
"NC",2019,30.4
"WA",2021,30.4
"TN",2021,30.4
"WI",2017,30.5
"CA",2017,30.5
"ID",2017,30.5
"MI",2017,30.5
"IL",2017,30.5
"NE",2017,30.5
"WI",2017,30.5
"FL",2017,30.5
"SD",2019,30.5
"WI",2021,30.5
"ME",2017,30.6
"WI",2017,30.6
"ID",2017,30.6
"CA",2017,30.6
"AL",2019,30.6
"CT",2019,30.6
"WA",2019,30.6
"NC",2021,30.6
"MD",2021,30.6
"CT",2017,30.7
"MA",2017,30.7
"CA",2017,30.7
"UT",2017,30.7
"KS",2017,30.7
"AZ",2017,30.7
"CT",2017,30.7
"MD",2021,30.7
"ME",2017,30.8
"MD",2017,30.8
"MA",2017,30.8
"PA",2017,30.8
"DE",2017,30.8
"DE",2019,30.8
"MN",2019,30.8
"DE",2021,30.8
"NC",2021,30.8
"CA",2021,30.8
"MD",2017,30.9
"CA",2017,30.9
"PA",2017,30.9
"ID",2017,30.9
"NE",2017,30.9
"ME",2017,30.9
"IA",2017,30.9
"NC",2017,30.9
"NE",2017,30.9
"PA",2019,30.9
"WI",2019,30.9
"CT",2019,30.9
"DE",2021,30.9
"NH",2021,30.9
"UT",2017,31
"PA",2017,31
"IN",2017,31
"WA",2017,31
"NH",2017,31
"NY",2017,31
"ND",2017,31
"DE",2017,31
"UT",2019,31
"MN",2019,31
"WY",2019,31
"NJ",2021,31
"UT",2017,31.1
"MI",2017,31.1
"ND",2017,31.1
"TX",2017,31.1
"MD",2019,31.1
"WA",2021,31.1
"WI",2021,31.1
"MN",2017,31.2
"SD",2017,31.2
"KS",2017,31.2
"MO",2017,31.2
"UT",2017,31.2
"MA",2017,31.2
"ND",2017,31.2
"FL",2017,31.2
"ID",2019,31.2
"WA",2019,31.2
"MD",2019,31.2
"PA",2019,31.2
"MA",2019,31.2
"MD",2021,31.2
"IL",2017,31.3
"MN",2017,31.3
"GA",2017,31.3
"IA",2019,31.3
"SD",2019,31.3
"NJ",2021,31.3
"WA",2017,31.4
"CT",2017,31.4
"MD",2017,31.4
"ME",2017,31.4
"MT",2017,31.4
"IA",2019,31.4
"CT",2021,31.4
"VT",2017,31.5
"CT",2017,31.5
"UT",2017,31.5
"VA",2017,31.5
"CT",2017,31.5
"WI",2017,31.5
"WA",2017,31.5
"CO",2017,31.5
"CT",2017,31.5
"MA",2019,31.5
"OR",2019,31.5
"MA",2021,31.5
"ME",2017,31.6
"OR",2017,31.6
"CT",2017,31.6
"IL",2017,31.6
"NJ",2017,31.6
"CA",2017,31.6
"ME",2019,31.6
"CA",2019,31.6
"CO",2019,31.6
"PA",2019,31.6
"CT",2021,31.6
"NJ",2021,31.6
"UT",2021,31.6
"OH",2017,31.7
"IA",2017,31.7
"WY",2017,31.7
"OH",2017,31.7
"WI",2017,31.7
"WI",2017,31.7
"IL",2019,31.7
"CA",2019,31.7
"MA",2019,31.7
"WA",2021,31.7
"VT",2021,31.7
"IA",2021,31.7
"CT",2017,31.8
"DE",2017,31.8
"NY",2017,31.8
"MN",2017,31.8
"WA",2017,31.8
"OR",2017,31.8
"MN",2017,31.8
"UT",2017,31.8
"RI",2017,31.8
"MI",2019,31.8
"WY",2019,31.8
"RI",2019,31.8
"MA",2019,31.8
"NY",2019,31.8
"ME",2021,31.8
"PA",2021,31.8
"ND",2017,31.9
"NE",2017,31.9
"CA",2017,31.9
"IL",2017,31.9
"HI",2019,31.9
"MA",2019,31.9
"OH",2021,31.9
"NM",2017,32
"SD",2017,32
"WA",2017,32
"CO",2017,32
"IL",2017,32
"VA",2017,32
"NH",2017,32
"MO",2017,32
"AR",2019,32
"NY",2019,32
"VT",2019,32
"NJ",2021,32
"MA",2021,32
"RI",2021,32
"VT",2021,32
"CA",2017,32.1
"NJ",2017,32.1
"UT",2017,32.1
"RI",2017,32.1
"WA",2017,32.1
"WA",2017,32.1
"CA",2019,32.1
"WA",2019,32.1
"NY",2021,32.1
"SD",2017,32.2
"VA",2017,32.2
"VT",2019,32.2
"UT",2019,32.2
"WI",2019,32.2
"MI",2019,32.2
"CO",2019,32.2
"KS",2019,32.2
"OR",2021,32.2
"ND",2021,32.2
"CA",2021,32.2
"MN",2017,32.3
"MN",2017,32.3
"WI",2017,32.3
"CT",2019,32.3
"CA",2021,32.3
"ND",2021,32.3
"IL",2021,32.3
"AK",2017,32.4
"WI",2017,32.4
"VA",2017,32.4
"CA",2017,32.4
"AZ",2017,32.4
"ID",2017,32.4
"WI",2017,32.4
"AK",2017,32.4
"CT",2019,32.4
"IL",2019,32.4
"NE",2019,32.4
"MD",2021,32.4
"NJ",2021,32.4
"CO",2021,32.4
"CA",2017,32.5
"OR",2017,32.5
"WI",2017,32.5
"NC",2019,32.5
"CO",2021,32.5
"CO",2021,32.5
"CA",2021,32.5
"NC",2021,32.5
"OR",2017,32.6
"NM",2017,32.6
"NM",2017,32.6
"CT",2017,32.6
"WA",2017,32.6
"CA",2017,32.6
"CT",2017,32.6
"OR",2017,32.6
"KS",2017,32.6
"NY",2019,32.6
"OR",2019,32.6
"RI",2019,32.6
"MO",2021,32.6
"UT",2021,32.6
"MN",2021,32.6
"ME",2021,32.6
"UT",2017,32.7
"NV",2017,32.7
"WA",2017,32.7
"ME",2017,32.7
"WA",2019,32.7
"MA",2019,32.7
"ME",2019,32.7
"VT",2021,32.7
"MA",2021,32.7
"VT",2021,32.7
"UT",2017,32.8
"MA",2017,32.8
"DE",2017,32.8
"FL",2017,32.8
"UT",2017,32.8
"ME",2017,32.8
"CT",2017,32.8
"NJ",2017,32.8
"UT",2019,32.8
"MA",2019,32.8
"IL",2021,32.8
"OR",2021,32.8
"NY",2021,32.8
"ME",2021,32.8
"FL",2017,32.9
"TX",2017,32.9
"CT",2019,32.9
"CA",2019,32.9
"ND",2019,32.9
"OR",2021,32.9
"ME",2021,32.9
"NH",2017,33
"SC",2017,33
"MI",2017,33
"WA",2017,33
"CO",2017,33
"WI",2017,33
"NY",2017,33
"FL",2017,33
"OR",2017,33
"IL",2017,33
"CO",2019,33
"DE",2019,33
"OH",2019,33
"MT",2019,33
"HI",2021,33
"MI",2021,33
"RI",2021,33
"ME",2021,33
"NJ",2021,33
"NM",2017,33.1
"CA",2017,33.1
"MT",2017,33.1
"SD",2017,33.1
"OR",2017,33.1
"TN",2017,33.1
"MD",2017,33.1
"RI",2017,33.1
"HI",2017,33.1
"IN",2019,33.1
"IL",2019,33.1
"VT",2021,33.1
"AK",2021,33.1
"WA",2021,33.1
"PA",2017,33.2
"NJ",2017,33.2
"HI",2017,33.2
"NH",2017,33.2
"GA",2017,33.2
"WY",2017,33.2
"NY",2019,33.2
"DE",2019,33.2
"MA",2021,33.2
"CA",2021,33.2
"IL",2021,33.2
"MD",2021,33.2
"NH",2021,33.2
"IL",2017,33.3
"AZ",2017,33.3
"CA",2017,33.3
"NV",2017,33.3
"NM",2017,33.3
"ND",2017,33.3
"RI",2019,33.3
"PA",2019,33.3
"RI",2019,33.3
"NE",2019,33.3
"NY",2019,33.3
"PA",2019,33.3
"CA",2019,33.3
"IA",2021,33.3
"IA",2021,33.3
"ID",2017,33.4
"TX",2017,33.4
"NC",2017,33.4
"CO",2017,33.4
"KY",2017,33.4
"MI",2017,33.4
"RI",2019,33.4
"MD",2019,33.4
"VA",2019,33.4
"MD",2019,33.4
"VT",2019,33.4
"VA",2019,33.4
"MD",2021,33.4
"RI",2021,33.4
"RI",2021,33.4
"CO",2021,33.4
"MD",2017,33.5
"PA",2017,33.5
"OH",2017,33.5
"NH",2017,33.5
"MT",2017,33.5
"NC",2017,33.5
"NY",2017,33.5
"NH",2017,33.5
"PA",2017,33.5
"NJ",2017,33.5
"UT",2017,33.5
"NH",2019,33.5
"HI",2019,33.5
"UT",2019,33.5
"SD",2019,33.5
"CT",2019,33.5
"MA",2019,33.5
"VA",2019,33.5
"FL",2019,33.5
"CA",2021,33.5
"WA",2021,33.5
"IN",2021,33.5
"NY",2017,33.6
"MA",2017,33.6
"WA",2017,33.6
"WY",2017,33.6
"NY",2017,33.6
"MT",2017,33.6
"NH",2017,33.6
"OR",2019,33.6
"WA",2019,33.6
"RI",2017,33.7
"NM",2017,33.7
"VT",2017,33.7
"NJ",2017,33.7
"NH",2019,33.7
"FL",2019,33.7
"MN",2019,33.7
"DE",2019,33.7
"AZ",2019,33.7
"WI",2021,33.7
"WY",2021,33.7
"NM",2021,33.7
"NH",2017,33.8
"VT",2017,33.8
"SD",2017,33.8
"CO",2017,33.8
"MA",2017,33.8
"NJ",2017,33.8
"WA",2017,33.8
"NY",2017,33.8
"NV",2017,33.8
"ND",2017,33.8
"MN",2017,33.8
"FL",2019,33.8
"NV",2019,33.8
"CA",2019,33.8
"IN",2019,33.8
"NC",2019,33.8
"NY",2019,33.8
"MD",2019,33.8
"WA",2019,33.8
"CA",2019,33.8
"MA",2019,33.8
"WY",2021,33.8
"HI",2021,33.8
"OR",2021,33.8
"CT",2021,33.8
"PA",2017,33.9
"FL",2017,33.9
"IN",2017,33.9
"RI",2017,33.9
"NM",2017,33.9
"MD",2017,33.9
"AZ",2017,33.9
"CT",2017,33.9
"NH",2017,33.9
"MN",2019,33.9
"MO",2019,33.9
"RI",2019,33.9
"WA",2021,33.9
"VT",2021,33.9
"KS",2017,34
"VT",2017,34
"MO",2017,34
"NC",2017,34
"RI",2017,34
"WY",2017,34
"ID",2017,34
"AK",2017,34
"ME",2017,34
"CA",2017,34
"IL",2019,34
"DE",2019,34
"WI",2019,34
"NH",2019,34
"NH",2019,34
"FL",2019,34
"MT",2021,34
"RI",2021,34
"MT",2021,34
"CA",2021,34
"VA",2021,34
"NY",2021,34
"CT",2017,34.1
"MD",2017,34.1
"NE",2017,34.1
"PA",2017,34.1
"MA",2019,34.1
"VT",2019,34.1
"NH",2019,34.1
"KS",2019,34.1
"CT",2019,34.1
"MA",2019,34.1
"CT",2019,34.1
"WA",2021,34.1
"IL",2017,34.2
"NY",2017,34.2
"VA",2017,34.2
"OH",2017,34.2
"MN",2017,34.2
"RI",2017,34.2
"MI",2017,34.2
"MD",2017,34.2
"CA",2017,34.2
"MO",2019,34.2
"NH",2019,34.2
"NY",2021,34.2
"RI",2021,34.2
"ID",2021,34.2
"VT",2021,34.2
"CT",2021,34.2
"IL",2017,34.3
"MD",2017,34.3
"WI",2017,34.3
"NY",2017,34.3
"NY",2017,34.3
"PA",2017,34.3
"MN",2019,34.3
"TX",2019,34.3
"CA",2021,34.3
"CO",2021,34.3
"MA",2017,34.4
"MA",2017,34.4
"NV",2017,34.4
"FL",2017,34.4
"NJ",2017,34.4
"CT",2019,34.4
"VT",2021,34.4
"NC",2021,34.4
"RI",2021,34.4
"MA",2021,34.4
"MA",2021,34.4
"MI",2017,34.5
"IN",2017,34.5
"ME",2017,34.5
"VT",2017,34.5
"NH",2017,34.5
"WA",2017,34.5
"AK",2017,34.5
"FL",2019,34.5
"WI",2019,34.5
"VT",2019,34.5
"MI",2021,34.5
"VT",2021,34.5
"AZ",2017,34.6
"IA",2017,34.6
"CO",2017,34.6
"NV",2017,34.6
"FL",2017,34.6
"CA",2019,34.6
"VA",2019,34.6
"HI",2021,34.6
"NM",2021,34.6
"SD",2021,34.6
"PA",2021,34.6
"NJ",2021,34.6
"IA",2021,34.6
"ID",2021,34.6
"MN",2021,34.6
"FL",2017,34.7
"ND",2017,34.7
"NJ",2017,34.7
"NJ",2017,34.7
"IL",2017,34.7
"MA",2017,34.7
"OR",2019,34.7
"MA",2019,34.7
"IL",2019,34.7
"NY",2019,34.7
"CO",2019,34.7
"MT",2019,34.7
"VA",2021,34.7
"VA",2021,34.7
"MD",2021,34.7
"NM",2021,34.7
"WA",2021,34.7
"PA",2017,34.8
"NH",2017,34.8
"AK",2017,34.8
"AL",2017,34.8
"DE",2017,34.8
"PA",2017,34.8
"KS",2019,34.8
"ID",2019,34.8
"CA",2019,34.8
"AZ",2019,34.8
"CO",2019,34.8
"NY",2021,34.8
"AZ",2021,34.8
"NH",2021,34.8
"TX",2021,34.8
"HI",2021,34.8
"NH",2021,34.8
"CA",2017,34.9
"AK",2017,34.9
"OH",2017,34.9
"MN",2017,34.9
"NH",2017,34.9
"CT",2017,34.9
"AZ",2019,34.9
"NC",2019,34.9
"ME",2019,34.9
"MN",2019,34.9
"VA",2019,34.9
"ME",2021,34.9
"RI",2021,34.9
"CA",2021,34.9
"MD",2017,35
"FL",2017,35
"NY",2017,35
"FL",2017,35
"MS",2017,35
"ID",2017,35
"CT",2017,35
"HI",2017,35
"CO",2017,35
"ME",2017,35
"MT",2017,35
"ID",2019,35
"CO",2019,35
"VT",2019,35
"ID",2019,35
"ME",2021,35
"MN",2021,35
"MO",2021,35
"TN",2017,35.1
"MI",2017,35.1
"MD",2017,35.1
"OR",2017,35.1
"ID",2017,35.1
"NJ",2017,35.1
"SC",2017,35.1
"MT",2019,35.1
"WA",2019,35.1
"AK",2019,35.1
"CT",2019,35.1
"NH",2019,35.1
"AZ",2019,35.1
"NE",2019,35.1
"CA",2021,35.1
"RI",2021,35.1
"NY",2021,35.1
"IN",2017,35.2
"SD",2017,35.2
"VA",2017,35.2
"IA",2017,35.2
"NY",2019,35.2
"MN",2019,35.2
"RI",2019,35.2
"AZ",2019,35.2
"NY",2019,35.2
"IN",2019,35.2
"ME",2019,35.2
"ID",2019,35.2
"VT",2019,35.2
"MA",2021,35.2
"RI",2017,35.3
"ID",2017,35.3
"RI",2017,35.3
"NY",2017,35.3
"OR",2017,35.3
"AZ",2017,35.3
"HI",2017,35.3
"CT",2019,35.3
"GA",2019,35.3
"ME",2019,35.3
"CO",2021,35.3
"SC",2021,35.3
"MN",2021,35.3
"MO",2017,35.4
"ID",2017,35.4
"NC",2017,35.4
"MO",2017,35.4
"CT",2017,35.4
"MD",2017,35.4
"NJ",2017,35.4
"DE",2017,35.4
"FL",2017,35.4
"GA",2017,35.4
"SC",2019,35.4
"MI",2019,35.4
"WV",2019,35.4
"RI",2019,35.4
"MO",2021,35.4
"NJ",2021,35.4
"IA",2021,35.4
"AK",2021,35.4
"DE",2021,35.4
"TX",2021,35.4
"RI",2021,35.4
"PA",2017,35.5
"CA",2017,35.5
"NV",2017,35.5
"TX",2017,35.5
"RI",2017,35.5
"GA",2017,35.5
"NJ",2017,35.5
"IA",2017,35.5
"RI",2017,35.5
"FL",2019,35.5
"CA",2019,35.5
"MD",2019,35.5
"NC",2019,35.5
"CA",2019,35.5
"VT",2019,35.5
"NY",2019,35.5
"ME",2019,35.5
"NY",2021,35.5
"RI",2021,35.5
"MN",2021,35.5
"MD",2021,35.5
"CT",2021,35.5
"NH",2021,35.5
"IL",2021,35.5
"MD",2017,35.6
"IA",2017,35.6
"MD",2017,35.6
"MI",2017,35.6
"FL",2017,35.6
"ID",2017,35.6
"WA",2017,35.6
"MT",2017,35.6
"CA",2017,35.6
"UT",2019,35.6
"ID",2019,35.6
"WA",2019,35.6
"UT",2019,35.6
"ME",2021,35.6
"OR",2021,35.6
"OH",2021,35.6
"IL",2017,35.7
"MI",2017,35.7
"MN",2017,35.7
"CO",2017,35.7
"AZ",2017,35.7
"MA",2019,35.7
"CA",2019,35.7
"TX",2019,35.7
"NY",2019,35.7
"AZ",2019,35.7
"IA",2019,35.7
"NH",2019,35.7
"RI",2019,35.7
"MI",2019,35.7
"NY",2019,35.7
"DE",2021,35.7
"NH",2021,35.7
"NH",2021,35.7
"NH",2021,35.7
"NJ",2021,35.7
"CT",2021,35.7
"VA",2017,35.8
"IA",2017,35.8
"OR",2017,35.8
"IN",2017,35.8
"NC",2017,35.8
"IL",2019,35.8
"IN",2019,35.8
"OR",2019,35.8
"MD",2019,35.8
"DE",2019,35.8
"SD",2021,35.8
"NJ",2021,35.8
"UT",2021,35.8
"NJ",2021,35.8
"IL",2021,35.8
"NJ",2021,35.8
"CO",2021,35.8
"OR",2021,35.8
"OR",2021,35.8
"SD",2021,35.8
"WA",2017,35.9
"IL",2017,35.9
"NM",2017,35.9
"NJ",2017,35.9
"DE",2017,35.9
"GA",2017,35.9
"DE",2017,35.9
"CO",2019,35.9
"WA",2019,35.9
"DE",2019,35.9
"HI",2019,35.9
"MA",2019,35.9
"AZ",2019,35.9
"RI",2019,35.9
"ID",2019,35.9
"RI",2021,35.9
"GA",2021,35.9
"NJ",2021,35.9
"MA",2021,35.9
"CA",2021,35.9
"UT",2017,36
"DE",2017,36
"TN",2017,36
"MN",2017,36
"MT",2017,36
"VT",2017,36
"FL",2017,36
"IA",2017,36
"MI",2017,36
"TX",2017,36
"SC",2017,36
"CA",2017,36
"FL",2017,36
"ME",2019,36
"ND",2019,36
"NE",2019,36
"CA",2019,36
"NY",2021,36
"VA",2021,36
"CT",2021,36
"MA",2021,36
"WA",2017,36.1
"CO",2017,36.1
"WA",2017,36.1
"CO",2017,36.1
"MT",2017,36.1
"DE",2017,36.1
"IA",2017,36.1
"NY",2017,36.1
"NV",2017,36.1
"OH",2017,36.1
"CT",2019,36.1
"RI",2019,36.1
"FL",2019,36.1
"OH",2019,36.1
"WI",2021,36.1
"MI",2021,36.1
"NH",2021,36.1
"NE",2021,36.1
"NH",2021,36.1
"NE",2021,36.1
"WA",2021,36.1
"RI",2021,36.1
"SD",2021,36.1
"NJ",2021,36.1
"RI",2021,36.1
"GA",2017,36.2
"HI",2017,36.2
"NC",2017,36.2
"IL",2017,36.2
"NC",2017,36.2
"NY",2017,36.2
"TN",2017,36.2
"MD",2017,36.2
"FL",2017,36.2
"NM",2017,36.2
"VT",2019,36.2
"UT",2019,36.2
"NY",2019,36.2
"OR",2019,36.2
"CA",2019,36.2
"NC",2019,36.2
"ND",2019,36.2
"WA",2019,36.2
"CA",2021,36.2
"MN",2021,36.2
"OR",2021,36.2
"NY",2021,36.2
"NJ",2021,36.2
"CA",2021,36.2
"WI",2021,36.2
"KS",2021,36.2
"CA",2017,36.3
"NE",2017,36.3
"IL",2017,36.3
"NJ",2017,36.3
"VT",2017,36.3
"MT",2017,36.3
"CA",2017,36.3
"MI",2017,36.3
"WY",2017,36.3
"TN",2017,36.3
"WY",2017,36.3
"UT",2017,36.3
"CO",2019,36.3
"PA",2019,36.3
"RI",2019,36.3
"WA",2019,36.3
"CO",2019,36.3
"CA",2019,36.3
"MN",2021,36.3
"IL",2021,36.3
"OK",2017,36.4
"VA",2017,36.4
"CO",2017,36.4
"MI",2017,36.4
"WA",2017,36.4
"IL",2017,36.4
"CT",2017,36.4
"SD",2017,36.4
"MT",2017,36.4
"VA",2017,36.4
"WY",2017,36.4
"CO",2019,36.4
"ID",2019,36.4
"NH",2019,36.4
"VA",2019,36.4
"VT",2019,36.4
"SD",2019,36.4
"IN",2021,36.4
"NJ",2021,36.4
"MN",2021,36.4
"CT",2021,36.4
"WA",2021,36.4
"NY",2021,36.4
"ME",2017,36.5
"NE",2017,36.5
"HI",2017,36.5
"PA",2017,36.5
"MO",2017,36.5
"PA",2019,36.5
"FL",2019,36.5
"MI",2019,36.5
"NM",2019,36.5
"HI",2019,36.5
"UT",2019,36.5
"PA",2019,36.5
"NY",2021,36.5
"NH",2021,36.5
"NM",2021,36.5
"NY",2021,36.5
"IN",2021,36.5
"IL",2021,36.5
"NH",2021,36.5
"MA",2021,36.5
"RI",2021,36.5
"CA",2021,36.5
"WA",2021,36.5
"CT",2017,36.6
"AL",2017,36.6
"PA",2017,36.6
"OH",2017,36.6
"HI",2017,36.6
"NC",2017,36.6
"VA",2017,36.6
"DE",2017,36.6
"VT",2017,36.6
"IN",2017,36.6
"OR",2019,36.6
"IL",2019,36.6
"UT",2019,36.6
"CA",2019,36.6
"ID",2019,36.6
"MD",2019,36.6
"NE",2019,36.6
"MN",2019,36.6
"KS",2019,36.6
"MA",2019,36.6
"MD",2021,36.6
"CT",2021,36.6
"VT",2021,36.6
"AZ",2017,36.7
"TX",2017,36.7
"AZ",2017,36.7
"AK",2017,36.7
"MO",2017,36.7
"MN",2019,36.7
"CO",2019,36.7
"ND",2019,36.7
"UT",2019,36.7
"MD",2019,36.7
"ID",2019,36.7
"CT",2021,36.7
"NC",2021,36.7
"ME",2021,36.7
"MA",2021,36.7
"CT",2021,36.7
"KS",2021,36.7
"MD",2021,36.7
"VA",2017,36.8
"MA",2017,36.8
"OR",2017,36.8
"UT",2017,36.8
"MI",2017,36.8
"NM",2017,36.8
"SD",2017,36.8
"ND",2017,36.8
"IA",2017,36.8
"NC",2017,36.8
"MT",2017,36.8
"NE",2017,36.8
"MI",2017,36.8
"SD",2019,36.8
"TX",2019,36.8
"ID",2019,36.8
"CA",2019,36.8
"OR",2019,36.8
"NY",2019,36.8
"CO",2019,36.8
"VA",2019,36.8
"DE",2019,36.8
"ME",2019,36.8
"OR",2019,36.8
"UT",2019,36.8
"VT",2021,36.8
"MN",2021,36.8
"TX",2021,36.8
"DE",2021,36.8
"NJ",2021,36.8
"WA",2021,36.8
"CA",2021,36.8
"TX",2021,36.8
"AK",2017,36.9
"MN",2017,36.9
"MD",2017,36.9
"NE",2017,36.9
"NJ",2017,36.9
"IA",2017,36.9
"CO",2017,36.9
"WY",2017,36.9
"SD",2017,36.9
"GA",2017,36.9
"MA",2017,36.9
"TX",2017,36.9
"HI",2017,36.9
"WA",2019,36.9
"OH",2019,36.9
"MN",2019,36.9
"IL",2019,36.9
"NH",2019,36.9
"IL",2021,36.9
"NY",2021,36.9
"NJ",2021,36.9
"SC",2021,36.9
"AK",2021,36.9
"HI",2017,37
"NV",2017,37
"VT",2017,37
"IA",2017,37
"RI",2017,37
"NE",2017,37
"MN",2017,37
"AK",2017,37
"PA",2017,37
"UT",2019,37
"DE",2019,37
"OR",2019,37
"FL",2019,37
"CO",2019,37
"FL",2019,37
"MT",2019,37
"FL",2019,37
"PA",2021,37
"WA",2021,37
"MN",2021,37
"UT",2021,37
"OR",2017,37.1
"KS",2017,37.1
"SC",2017,37.1
"CA",2017,37.1
"HI",2017,37.1
"MA",2017,37.1
"AK",2019,37.1
"NY",2019,37.1
"MA",2019,37.1
"FL",2019,37.1
"ID",2019,37.1
"MN",2019,37.1
"HI",2019,37.1
"WA",2019,37.1
"MI",2019,37.1
"CT",2019,37.1
"GA",2019,37.1
"ME",2021,37.1
"OR",2021,37.1
"MN",2021,37.1
"VT",2021,37.1
"MD",2021,37.1
"VA",2021,37.1
"UT",2021,37.1
"NY",2017,37.2
"AZ",2017,37.2
"NJ",2017,37.2
"SC",2017,37.2
"WA",2017,37.2
"CO",2017,37.2
"MO",2017,37.2
"NC",2017,37.2
"OR",2019,37.2
"MD",2019,37.2
"ND",2019,37.2
"AK",2019,37.2
"PA",2019,37.2
"PA",2019,37.2
"VA",2021,37.2
"MI",2021,37.2
"AR",2021,37.2
"MA",2021,37.2
"DE",2021,37.2
"CO",2021,37.2
"IA",2021,37.2
"NH",2021,37.2
"PA",2017,37.3
"AZ",2017,37.3
"VA",2017,37.3
"AZ",2017,37.3
"AZ",2017,37.3
"IA",2017,37.3
"NE",2017,37.3
"KS",2017,37.3
"ND",2017,37.3
"VA",2019,37.3
"AZ",2019,37.3
"OR",2019,37.3
"DE",2019,37.3
"ID",2019,37.3
"MD",2019,37.3
"NH",2021,37.3
"MT",2021,37.3
"RI",2021,37.3
"IL",2021,37.3
"UT",2021,37.3
"PA",2021,37.3
"MA",2021,37.3
"ME",2021,37.3
"UT",2021,37.3
"CT",2021,37.3
"AZ",2021,37.3
"NC",2017,37.4
"HI",2017,37.4
"NM",2017,37.4
"TN",2017,37.4
"WV",2017,37.4
"KY",2017,37.4
"NC",2017,37.4
"MT",2017,37.4
"NM",2017,37.4
"WI",2017,37.4
"NY",2017,37.4
"GA",2017,37.4
"DE",2017,37.4
"ND",2017,37.4
"NC",2017,37.4
"ND",2017,37.4
"NC",2019,37.4
"VA",2019,37.4
"WY",2019,37.4
"OR",2019,37.4
"GA",2021,37.4
"UT",2021,37.4
"DE",2021,37.4
"NJ",2021,37.4
"MN",2021,37.4
"NM",2021,37.4
"VA",2017,37.5
"NY",2017,37.5
"TN",2017,37.5
"NM",2017,37.5
"NV",2019,37.5
"CT",2019,37.5
"TN",2019,37.5
"WI",2019,37.5
"MD",2019,37.5
"CA",2021,37.5
"OR",2021,37.5
"UT",2021,37.5
"MD",2021,37.5
"ME",2021,37.5
"VA",2021,37.5
"AL",2021,37.5
"OR",2021,37.5
"DE",2017,37.6
"GA",2017,37.6
"WA",2017,37.6
"MN",2017,37.6
"KY",2017,37.6
"OR",2017,37.6
"NM",2017,37.6
"NY",2017,37.6
"VA",2017,37.6
"KS",2017,37.6
"NV",2017,37.6
"MT",2017,37.6
"OH",2017,37.6
"OH",2017,37.6
"VA",2019,37.6
"NE",2019,37.6
"RI",2019,37.6
"FL",2019,37.6
"NE",2021,37.6
"NY",2021,37.6
"MA",2021,37.6
"MD",2021,37.6
"WA",2021,37.6
"NY",2021,37.6
"UT",2021,37.6
"MT",2021,37.6
"WI",2021,37.6
"FL",2017,37.7
"KS",2017,37.7
"OH",2017,37.7
"MA",2017,37.7
"WY",2017,37.7
"ID",2017,37.7
"AZ",2019,37.7
"NY",2019,37.7
"GA",2021,37.7
"MD",2021,37.7
"NY",2021,37.7
"WA",2021,37.7
"DE",2021,37.7
"PA",2021,37.7
"UT",2021,37.7
"MI",2021,37.7
"MI",2021,37.7
"OR",2021,37.7
"NJ",2017,37.8
"DE",2017,37.8
"WI",2017,37.8
"LA",2017,37.8
"ME",2017,37.8
"CO",2017,37.8
"NE",2017,37.8
"NV",2017,37.8
"MN",2017,37.8
"OH",2019,37.8
"IA",2019,37.8
"ME",2019,37.8
"AZ",2019,37.8
"NM",2019,37.8
"DE",2019,37.8
"WA",2019,37.8
"CT",2019,37.8
"WI",2019,37.8
"NY",2019,37.8
"CO",2021,37.8
"AK",2021,37.8
"UT",2021,37.8
"WA",2021,37.8
"NJ",2021,37.8
"SD",2021,37.8
"IL",2021,37.8
"CT",2021,37.8
"MO",2021,37.8
"AZ",2021,37.8
"UT",2021,37.8
"PA",2021,37.8
"AZ",2021,37.8
"NY",2021,37.8
"UT",2017,37.9
"AK",2017,37.9
"TN",2017,37.9
"NV",2017,37.9
"KS",2017,37.9
"TX",2017,37.9
"NY",2017,37.9
"LA",2017,37.9
"WY",2019,37.9
"MN",2019,37.9
"GA",2019,37.9
"TX",2019,37.9
"CT",2019,37.9
"CA",2019,37.9
"KS",2019,37.9
"WA",2019,37.9
"VA",2021,37.9
"AZ",2021,37.9
"RI",2021,37.9
"MT",2021,37.9
"NE",2021,37.9
"MD",2017,38
"TN",2017,38
"NE",2017,38
"SC",2017,38
"NM",2017,38
"ME",2017,38
"SC",2019,38
"WY",2019,38
"PA",2019,38
"MD",2019,38
"NH",2019,38
"ID",2019,38
"FL",2019,38
"MN",2019,38
"KY",2021,38
"WI",2021,38
"NY",2021,38
"NJ",2021,38
"MD",2017,38.1
"TN",2017,38.1
"WY",2017,38.1
"UT",2017,38.1
"AL",2017,38.1
"KS",2017,38.1
"WI",2017,38.1
"WY",2017,38.1
"NM",2017,38.1
"AZ",2019,38.1
"NC",2019,38.1
"AK",2019,38.1
"NY",2021,38.1
"IL",2021,38.1
"NH",2021,38.1
"RI",2021,38.1
"NV",2021,38.1
"NE",2017,38.2
"RI",2017,38.2
"IN",2017,38.2
"IA",2017,38.2
"HI",2017,38.2
"DE",2017,38.2
"OR",2019,38.2
"NV",2019,38.2
"WA",2019,38.2
"OR",2019,38.2
"CO",2019,38.2
"FL",2019,38.2
"ND",2019,38.2
"VA",2019,38.2
"NC",2019,38.2
"CA",2021,38.2
"CO",2021,38.2
"MT",2021,38.2
"MN",2021,38.2
"CO",2021,38.2
"MN",2021,38.2
"SD",2021,38.2
"MS",2017,38.3
"KS",2017,38.3
"NH",2017,38.3
"PA",2017,38.3
"TX",2017,38.3
"WI",2017,38.3
"KS",2017,38.3
"AZ",2017,38.3
"DE",2017,38.3
"NE",2017,38.3
"ID",2017,38.3
"DE",2019,38.3
"NY",2019,38.3
"DE",2019,38.3
"OH",2019,38.3
"FL",2019,38.3
"FL",2019,38.3
"VA",2019,38.3
"IL",2019,38.3
"ME",2019,38.3
"SD",2019,38.3
"NH",2021,38.3
"DE",2021,38.3
"KY",2021,38.3
"TX",2021,38.3
"MI",2021,38.3
"ND",2021,38.3
"NC",2021,38.3
"OR",2021,38.3
"DE",2021,38.3
"SC",2021,38.3
"CO",2021,38.3
"NM",2017,38.4
"AZ",2017,38.4
"SD",2017,38.4
"ND",2017,38.4
"TX",2017,38.4
"AK",2017,38.4
"IL",2017,38.4
"NM",2017,38.4
"CT",2017,38.4
"KS",2017,38.4
"PA",2017,38.4
"NE",2019,38.4
"RI",2019,38.4
"NH",2019,38.4
"MN",2019,38.4
"KY",2019,38.4
"IL",2019,38.4
"NV",2019,38.4
"MD",2019,38.4
"MO",2019,38.4
"WI",2019,38.4
"CT",2021,38.4
"KS",2021,38.4
"NV",2021,38.4
"ME",2021,38.4
"VA",2021,38.4
"MN",2021,38.4
"TX",2021,38.4
"MT",2021,38.4
"IN",2017,38.5
"NV",2017,38.5
"KS",2017,38.5
"OK",2017,38.5
"AK",2017,38.5
"KY",2017,38.5
"IA",2017,38.5
"KS",2017,38.5
"NY",2019,38.5
"AZ",2019,38.5
"NM",2019,38.5
"MA",2019,38.5
"MD",2019,38.5
"AZ",2019,38.5
"SD",2019,38.5
"HI",2019,38.5
"CT",2019,38.5
"NJ",2021,38.5
"UT",2021,38.5
"CT",2021,38.5
"RI",2021,38.5
"ME",2021,38.5
"ME",2021,38.5
"CT",2021,38.5
"TX",2021,38.5
"MO",2021,38.5
"ME",2021,38.5
"PA",2021,38.5
"GA",2017,38.6
"RI",2017,38.6
"KY",2017,38.6
"AZ",2017,38.6
"WI",2017,38.6
"MI",2017,38.6
"GA",2017,38.6
"NC",2017,38.6
"UT",2019,38.6
"MA",2019,38.6
"FL",2019,38.6
"TN",2019,38.6
"MN",2019,38.6
"TX",2019,38.6
"ME",2019,38.6
"NC",2019,38.6
"DE",2021,38.6
"NC",2021,38.6
"WI",2021,38.6
"MA",2021,38.6
"MO",2021,38.6
"DE",2021,38.6
"ND",2021,38.6
"SD",2017,38.7
"WI",2017,38.7
"MN",2017,38.7
"NE",2017,38.7
"MO",2017,38.7
"AZ",2019,38.7
"NC",2019,38.7
"CO",2019,38.7
"TX",2019,38.7
"NY",2019,38.7
"MD",2019,38.7
"IL",2021,38.7
"OR",2021,38.7
"IL",2021,38.7
"MD",2021,38.7
"ND",2021,38.7
"ME",2021,38.7
"ID",2017,38.8
"KS",2017,38.8
"SD",2017,38.8
"ND",2017,38.8
"VA",2017,38.8
"NJ",2017,38.8
"AR",2019,38.8
"UT",2019,38.8
"MA",2019,38.8
"CT",2019,38.8
"OH",2019,38.8
"IA",2019,38.8
"UT",2019,38.8
"IA",2019,38.8
"IL",2019,38.8
"UT",2019,38.8
"RI",2021,38.8
"OH",2021,38.8
"NV",2021,38.8
"IL",2021,38.8
"UT",2021,38.8
"MT",2021,38.8
"RI",2021,38.8
"PA",2021,38.8
"MI",2021,38.8
"CO",2021,38.8
"CO",2021,38.8
"WI",2021,38.8
"NY",2021,38.8
"MT",2021,38.8
"VA",2021,38.8
"NM",2017,38.9
"OH",2017,38.9
"TN",2017,38.9
"AZ",2017,38.9
"TN",2017,38.9
"WI",2017,38.9
"NV",2017,38.9
"TN",2017,38.9
"SD",2019,38.9
"CO",2019,38.9
"TX",2019,38.9
"WI",2019,38.9
"NY",2019,38.9
"AK",2019,38.9
"WA",2019,38.9
"NC",2021,38.9
"NY",2021,38.9
"SD",2021,38.9
"MD",2021,38.9
"IA",2021,38.9
"CT",2021,38.9
"CA",2017,39
"RI",2017,39
"AZ",2017,39
"MA",2017,39
"TX",2017,39
"MI",2017,39
"ID",2017,39
"LA",2017,39
"WA",2017,39
"OR",2019,39
"IL",2019,39
"RI",2019,39
"RI",2019,39
"IN",2019,39
"NC",2019,39
"HI",2019,39
"WV",2021,39
"NH",2021,39
"CA",2021,39
"NM",2021,39
"NY",2021,39
"DE",2017,39.1
"OH",2017,39.1
"HI",2017,39.1
"PA",2017,39.1
"NE",2017,39.1
"ND",2017,39.1
"NM",2017,39.1
"OH",2017,39.1
"TX",2019,39.1
"AR",2019,39.1
"NC",2019,39.1
"IA",2019,39.1
"ME",2019,39.1
"VT",2019,39.1
"ME",2019,39.1
"NH",2019,39.1
"CO",2021,39.1
"NC",2021,39.1
"DE",2021,39.1
"WA",2021,39.1
"WY",2021,39.1
"NE",2021,39.1
"CA",2021,39.1
"NH",2021,39.1
"MD",2021,39.1
"MA",2021,39.1
"LA",2021,39.1
"DE",2017,39.2
"NJ",2017,39.2
"KY",2017,39.2
"DE",2017,39.2
"NC",2019,39.2
"TN",2019,39.2
"WY",2019,39.2
"ME",2019,39.2
"SD",2019,39.2
"CO",2019,39.2
"RI",2019,39.2
"NE",2019,39.2
"AZ",2019,39.2
"IN",2021,39.2
"IL",2021,39.2
"MN",2021,39.2
"NM",2021,39.2
"NJ",2021,39.2
"GA",2021,39.2
"MI",2021,39.2
"GA",2021,39.2
"NH",2021,39.2
"MD",2021,39.2
"OH",2017,39.3
"MD",2017,39.3
"SD",2017,39.3
"OH",2017,39.3
"AZ",2017,39.3
"UT",2017,39.3
"OH",2017,39.3
"AZ",2019,39.3
"NY",2019,39.3
"MT",2019,39.3
"CT",2019,39.3
"GA",2019,39.3
"MO",2019,39.3
"NJ",2021,39.3
"CT",2021,39.3
"ID",2021,39.3
"SC",2021,39.3
"NJ",2017,39.4
"IL",2017,39.4
"IA",2017,39.4
"TX",2017,39.4
"PA",2017,39.4
"TN",2017,39.4
"TX",2017,39.4
"TN",2017,39.4
"CO",2017,39.4
"CO",2017,39.4
"KY",2017,39.4
"IL",2019,39.4
"MN",2019,39.4
"IA",2019,39.4
"MN",2019,39.4
"DE",2019,39.4
"VA",2019,39.4
"NC",2019,39.4
"VA",2019,39.4
"CA",2019,39.4
"IA",2019,39.4
"SD",2019,39.4
"VA",2019,39.4
"SD",2019,39.4
"CA",2021,39.4
"MD",2021,39.4
"MA",2021,39.4
"CT",2021,39.4
"MI",2021,39.4
"DE",2021,39.4
"PA",2021,39.4
"CT",2021,39.4
"NM",2021,39.4
"MI",2021,39.4
"NC",2017,39.5
"AL",2017,39.5
"MA",2017,39.5
"SD",2017,39.5
"WV",2017,39.5
"NV",2017,39.5
"AR",2017,39.5
"AL",2019,39.5
"NE",2019,39.5
"SD",2019,39.5
"CA",2019,39.5
"TN",2019,39.5
"CA",2019,39.5
"IN",2019,39.5
"MI",2019,39.5
"VT",2021,39.5
"TX",2021,39.5
"TX",2021,39.5
"CO",2021,39.5
"DE",2021,39.5
"NM",2021,39.5
"IA",2017,39.6
"IL",2017,39.6
"KS",2017,39.6
"GA",2017,39.6
"UT",2017,39.6
"KY",2017,39.6
"FL",2017,39.6
"AR",2017,39.6
"MI",2019,39.6
"UT",2019,39.6
"HI",2019,39.6
"IL",2019,39.6
"NM",2019,39.6
"VA",2021,39.6
"VT",2021,39.6
"CA",2021,39.6
"OR",2021,39.6
"VT",2021,39.6
"NC",2021,39.6
"SD",2017,39.7
"HI",2017,39.7
"MT",2017,39.7
"HI",2017,39.7
"CO",2019,39.7
"AK",2019,39.7
"WA",2019,39.7
"VT",2019,39.7
"MO",2019,39.7
"FL",2019,39.7
"PA",2019,39.7
"OR",2019,39.7
"SD",2019,39.7
"FL",2019,39.7
"CT",2019,39.7
"MN",2021,39.7
"OR",2021,39.7
"WA",2021,39.7
"DE",2021,39.7
"NH",2021,39.7
"VA",2021,39.7
"IA",2021,39.7
"NC",2017,39.8
"GA",2017,39.8
"MO",2017,39.8
"VT",2017,39.8
"NM",2017,39.8
"SD",2017,39.8
"FL",2017,39.8
"NV",2019,39.8
"MI",2019,39.8
"WV",2019,39.8
"PA",2019,39.8
"PA",2021,39.8
"TX",2021,39.8
"ME",2021,39.8
"DE",2021,39.8
"CO",2021,39.8
"WI",2021,39.8
"AK",2021,39.8
"PA",2021,39.8
"NM",2021,39.8
"MD",2021,39.8
"GA",2021,39.8
"LA",2017,39.9
"NV",2017,39.9
"IA",2017,39.9
"CO",2017,39.9
"MT",2017,39.9
"MO",2017,39.9
"IN",2017,39.9
"MN",2019,39.9
"ME",2019,39.9
"TN",2019,39.9
"NE",2019,39.9
"IA",2019,39.9
"MD",2021,39.9
"AZ",2021,39.9
"MT",2021,39.9
"PA",2021,39.9
"MI",2021,39.9
"TX",2021,39.9
"SC",2021,39.9
"ME",2021,39.9
"MI",2017,40
"VA",2017,40
"KY",2017,40
"MI",2017,40
"KS",2019,40
"VT",2019,40
"MT",2019,40
"HI",2019,40
"FL",2019,40
"MA",2019,40
"OH",2019,40
"WA",2019,40
"AZ",2019,40
"WI",2019,40
"VA",2019,40
"NV",2019,40
"AZ",2021,40
"MT",2021,40
"HI",2021,40
"PA",2021,40
"WV",2017,40.1
"SC",2017,40.1
"MT",2017,40.1
"MN",2017,40.1
"NE",2017,40.1
"WA",2017,40.1
"SC",2017,40.1
"MI",2019,40.1
"SC",2019,40.1
"PA",2019,40.1
"HI",2019,40.1
"KS",2019,40.1
"TN",2019,40.1
"ND",2019,40.1
"MA",2021,40.1
"WI",2021,40.1
"WA",2021,40.1
"GA",2021,40.1
"AZ",2021,40.1
"NJ",2021,40.1
"MT",2021,40.1
"MI",2021,40.1
"ND",2017,40.2
"HI",2017,40.2
"IN",2017,40.2
"OH",2017,40.2
"GA",2017,40.2
"RI",2017,40.2
"MN",2017,40.2
"IN",2017,40.2
"TN",2019,40.2
"TX",2019,40.2
"RI",2019,40.2
"NE",2019,40.2
"IL",2019,40.2
"ID",2021,40.2
"AK",2021,40.2
"MN",2021,40.2
"MO",2021,40.2
"HI",2021,40.2
"HI",2017,40.3
"RI",2017,40.3
"MI",2019,40.3
"AR",2019,40.3
"NC",2019,40.3
"DE",2019,40.3
"HI",2019,40.3
"CO",2019,40.3
"MS",2019,40.3
"VA",2019,40.3
"CO",2019,40.3
"OK",2019,40.3
"VT",2019,40.3
"KY",2021,40.3
"WY",2021,40.3
"TN",2021,40.3
"UT",2021,40.3
"VT",2021,40.3
"NV",2017,40.4
"MO",2017,40.4
"KS",2017,40.4
"VA",2017,40.4
"AZ",2017,40.4
"ND",2017,40.4
"ND",2017,40.4
"SC",2017,40.4
"ND",2017,40.4
"ID",2017,40.4
"AZ",2019,40.4
"AK",2019,40.4
"HI",2019,40.4
"OH",2019,40.4
"OK",2019,40.4
"WI",2019,40.4
"OH",2019,40.4
"IA",2019,40.4
"IN",2021,40.4
"AK",2021,40.4
"NY",2021,40.4
"NC",2021,40.4
"WI",2021,40.4
"MT",2021,40.4
"NY",2017,40.5
"NE",2017,40.5
"IA",2017,40.5
"AR",2017,40.5
"GA",2017,40.5
"MD",2019,40.5
"IA",2019,40.5
"NH",2019,40.5
"IN",2019,40.5
"VT",2019,40.5
"AZ",2019,40.5
"WA",2019,40.5
"WA",2019,40.5
"ME",2021,40.5
"MD",2021,40.5
"NV",2021,40.5
"NC",2021,40.5
"AL",2021,40.5
"OH",2021,40.5
"OH",2021,40.5
"VA",2021,40.5
"MI",2021,40.5
"CA",2021,40.5
"NH",2021,40.5
"GA",2017,40.6
"FL",2017,40.6
"IL",2017,40.6
"DE",2017,40.6
"LA",2017,40.6
"MI",2017,40.6
"SC",2017,40.6
"GA",2017,40.6
"LA",2019,40.6
"IL",2019,40.6
"ND",2019,40.6
"FL",2019,40.6
"ND",2019,40.6
"SD",2019,40.6
"NE",2019,40.6
"MN",2019,40.6
"KS",2019,40.6
"CO",2019,40.6
"IL",2019,40.6
"ND",2019,40.6
"PA",2019,40.6
"TX",2019,40.6
"RI",2019,40.6
"ND",2019,40.6
"AZ",2019,40.6
"HI",2021,40.6
"TN",2021,40.6
"WA",2021,40.6
"WI",2021,40.6
"MO",2021,40.6
"ID",2021,40.6
"WI",2021,40.6
"MT",2021,40.6
"MT",2021,40.6
"GA",2017,40.7
"IA",2017,40.7
"HI",2017,40.7
"MO",2017,40.7
"OR",2017,40.7
"IN",2017,40.7
"HI",2017,40.7
"RI",2019,40.7
"WI",2019,40.7
"MI",2019,40.7
"TX",2019,40.7
"HI",2019,40.7
"MT",2019,40.7
"NE",2019,40.7
"AL",2019,40.7
"NV",2021,40.7
"DE",2021,40.7
"TX",2021,40.7
"IN",2021,40.7
"MI",2021,40.7
"NE",2021,40.7
"OK",2017,40.8
"CA",2017,40.8
"GA",2017,40.8
"SD",2017,40.8
"KS",2017,40.8
"AZ",2017,40.8
"TX",2019,40.8
"GA",2019,40.8
"CO",2019,40.8
"ME",2019,40.8
"CT",2019,40.8
"IA",2019,40.8
"DE",2019,40.8
"CA",2019,40.8
"NE",2019,40.8
"CA",2019,40.8
"MN",2019,40.8
"MD",2019,40.8
"HI",2021,40.8
"MA",2021,40.8
"NV",2021,40.8
"NM",2021,40.8
"TX",2021,40.8
"TX",2021,40.8
"UT",2021,40.8
"ID",2021,40.8
"FL",2017,40.9
"DE",2017,40.9
"MO",2017,40.9
"NM",2017,40.9
"MO",2017,40.9
"NC",2017,40.9
"OR",2019,40.9
"NM",2019,40.9
"MT",2019,40.9
"NE",2019,40.9
"SC",2019,40.9
"NC",2019,40.9
"SC",2019,40.9
"CT",2019,40.9
"NH",2019,40.9
"AZ",2019,40.9
"PA",2021,40.9
"TX",2021,40.9
"NC",2021,40.9
"DE",2021,40.9
"AK",2021,40.9
"SC",2021,40.9
"VA",2021,40.9
"LA",2017,41
"IN",2017,41
"MI",2017,41
"MD",2017,41
"GA",2017,41
"OR",2017,41
"MT",2017,41
"WV",2017,41
"SC",2017,41
"TX",2017,41
"SC",2017,41
"NC",2017,41
"KS",2017,41
"NC",2017,41
"IN",2017,41
"MI",2017,41
"WY",2017,41
"MI",2019,41
"IN",2019,41
"GA",2019,41
"TN",2019,41
"NC",2019,41
"KS",2019,41
"ND",2019,41
"VA",2019,41
"MI",2019,41
"NE",2019,41
"ME",2019,41
"NC",2019,41
"NC",2019,41
"OR",2019,41
"SD",2021,41
"KS",2021,41
"UT",2021,41
"AZ",2021,41
"MD",2021,41
"NC",2021,41
"ND",2021,41
"MI",2021,41
"GA",2021,41
"MN",2021,41
"SC",2021,41
"SC",2017,41.1
"MD",2017,41.1
"IN",2017,41.1
"SC",2017,41.1
"ND",2017,41.1
"MS",2017,41.1
"MI",2017,41.1
"WY",2017,41.1
"DE",2019,41.1
"VA",2019,41.1
"AK",2019,41.1
"WY",2019,41.1
"MN",2019,41.1
"UT",2019,41.1
"DE",2019,41.1
"MT",2019,41.1
"NE",2019,41.1
"CA",2021,41.1
"KS",2021,41.1
"KS",2021,41.1
"TX",2021,41.1
"WA",2021,41.1
"PA",2021,41.1
"AL",2021,41.1
"NV",2021,41.1
"AZ",2021,41.1
"NM",2017,41.2
"WV",2017,41.2
"HI",2017,41.2
"NE",2017,41.2
"AR",2017,41.2
"VA",2017,41.2
"HI",2017,41.2
"RI",2019,41.2
"NM",2019,41.2
"MN",2019,41.2
"GA",2019,41.2
"WA",2019,41.2
"ME",2019,41.2
"SD",2019,41.2
"MO",2019,41.2
"FL",2019,41.2
"NC",2019,41.2
"TX",2019,41.2
"PA",2019,41.2
"NM",2021,41.2
"GA",2021,41.2
"OK",2021,41.2
"NV",2021,41.2
"NC",2021,41.2
"MA",2021,41.2
"HI",2021,41.2
"TX",2021,41.2
"MT",2017,41.3
"AZ",2017,41.3
"KS",2017,41.3
"TX",2017,41.3
"TX",2017,41.3
"ND",2017,41.3
"FL",2017,41.3
"SC",2017,41.3
"KY",2017,41.3
"MO",2017,41.3
"OK",2017,41.3
"SD",2017,41.3
"NV",2017,41.3
"NH",2019,41.3
"TX",2019,41.3
"OR",2019,41.3
"NV",2019,41.3
"FL",2019,41.3
"PA",2019,41.3
"NE",2019,41.3
"OH",2019,41.3
"NV",2019,41.3
"PA",2019,41.3
"MI",2019,41.3
"MT",2019,41.3
"CO",2019,41.3
"CO",2021,41.3
"WY",2021,41.3
"SC",2021,41.3
"CA",2021,41.3
"OH",2021,41.3
"IL",2021,41.3
"AZ",2021,41.3
"ID",2021,41.3
"MT",2021,41.3
"NM",2021,41.3
"OR",2021,41.3
"OR",2021,41.3
"SC",2021,41.3
"MO",2017,41.4
"IN",2017,41.4
"SC",2017,41.4
"KS",2019,41.4
"HI",2019,41.4
"IN",2019,41.4
"WI",2019,41.4
"NV",2019,41.4
"MO",2019,41.4
"UT",2019,41.4
"NM",2019,41.4
"KS",2019,41.4
"MO",2019,41.4
"TX",2021,41.4
"IA",2021,41.4
"AZ",2021,41.4
"WI",2021,41.4
"TX",2021,41.4
"CT",2021,41.4
"CO",2021,41.4
"CO",2021,41.4
"ID",2021,41.4
"AZ",2017,41.5
"AR",2017,41.5
"VA",2017,41.5
"WY",2017,41.5
"UT",2017,41.5
"ND",2019,41.5
"IN",2019,41.5
"MD",2019,41.5
"WI",2019,41.5
"OH",2021,41.5
"NC",2021,41.5
"NV",2021,41.5
"GA",2021,41.5
"IA",2021,41.5
"PA",2021,41.5
"GA",2021,41.5
"NM",2021,41.5
"NE",2017,41.6
"CO",2017,41.6
"OR",2017,41.6
"KY",2017,41.6
"OR",2017,41.6
"MO",2017,41.6
"OH",2017,41.6
"ID",2019,41.6
"PA",2019,41.6
"MD",2019,41.6
"IN",2019,41.6
"IN",2019,41.6
"TX",2019,41.6
"PA",2021,41.6
"VA",2021,41.6
"WV",2021,41.6
"PA",2021,41.6
"IN",2021,41.6
"VA",2021,41.6
"IA",2021,41.6
"PA",2021,41.6
"IA",2021,41.6
"AZ",2021,41.6
"IL",2021,41.6
"MO",2017,41.7
"ME",2017,41.7
"KY",2017,41.7
"GA",2017,41.7
"ME",2017,41.7
"AZ",2017,41.7
"MI",2019,41.7
"IL",2019,41.7
"MI",2019,41.7
"KY",2019,41.7
"KS",2019,41.7
"NE",2021,41.7
"CT",2021,41.7
"ID",2021,41.7
"WV",2021,41.7
"NE",2021,41.7
"MN",2021,41.7
"MI",2021,41.7
"NV",2017,41.8
"HI",2017,41.8
"IN",2017,41.8
"AR",2017,41.8
"OH",2017,41.8
"WV",2019,41.8
"VA",2019,41.8
"MO",2019,41.8
"NM",2019,41.8
"OR",2019,41.8
"SD",2019,41.8
"NV",2019,41.8
"LA",2021,41.8
"MN",2021,41.8
"NM",2021,41.8
"WY",2021,41.8
"AK",2021,41.8
"HI",2021,41.8
"ID",2021,41.8
"NC",2021,41.8
"HI",2021,41.8
"ID",2021,41.8
"WY",2017,41.9
"SD",2017,41.9
"KS",2017,41.9
"CT",2017,41.9
"AZ",2019,41.9
"MO",2019,41.9
"SD",2019,41.9
"WV",2019,41.9
"MD",2019,41.9
"TX",2019,41.9
"NM",2019,41.9
"MS",2019,41.9
"AR",2019,41.9
"WA",2019,41.9
"AR",2019,41.9
"SC",2019,41.9
"WY",2019,41.9
"NY",2021,41.9
"CO",2021,41.9
"PA",2021,41.9
"NM",2021,41.9
"SD",2021,41.9
"NE",2021,41.9
"OR",2021,41.9
"CO",2021,41.9
"WV",2021,41.9
"NV",2021,41.9
"MN",2021,41.9
"LA",2021,41.9
"VA",2021,41.9
"NE",2017,42
"WY",2017,42
"SD",2017,42
"MI",2017,42
"SC",2017,42
"KS",2017,42
"WA",2019,42
"MN",2019,42
"MN",2019,42
"HI",2019,42
"SC",2019,42
"WY",2019,42
"NH",2019,42
"TX",2021,42
"NV",2021,42
"NM",2021,42
"WI",2021,42
"MS",2021,42
"SC",2021,42
"OH",2021,42
"RI",2021,42
"AL",2017,42.1
"TX",2017,42.1
"AR",2017,42.1
"MT",2017,42.1
"TN",2017,42.1
"MO",2017,42.1
"RI",2017,42.1
"MT",2019,42.1
"TX",2019,42.1
"MN",2019,42.1
"SC",2019,42.1
"WI",2019,42.1
"NH",2019,42.1
"MD",2019,42.1
"NM",2021,42.1
"NV",2021,42.1
"IL",2021,42.1
"MN",2021,42.1
"MS",2021,42.1
"NM",2021,42.1
"NV",2021,42.1
"AK",2017,42.2
"AL",2017,42.2
"GA",2017,42.2
"OK",2017,42.2
"OH",2017,42.2
"IN",2017,42.2
"ND",2017,42.2
"KY",2017,42.2
"AZ",2017,42.2
"IL",2017,42.2
"LA",2017,42.2
"NM",2019,42.2
"WY",2019,42.2
"PA",2019,42.2
"TX",2019,42.2
"MA",2019,42.2
"IL",2019,42.2
"KS",2019,42.2
"NE",2019,42.2
"LA",2019,42.2
"PA",2019,42.2
"MT",2019,42.2
"GA",2019,42.2
"MO",2019,42.2
"NV",2019,42.2
"IN",2019,42.2
"HI",2021,42.2
"ID",2021,42.2
"MT",2021,42.2
"VA",2021,42.2
"OK",2021,42.2
"IA",2021,42.2
"ME",2021,42.2
"VA",2017,42.3
"ID",2017,42.3
"KY",2017,42.3
"TN",2017,42.3
"IN",2019,42.3
"HI",2019,42.3
"IA",2019,42.3
"DE",2019,42.3
"NM",2019,42.3
"NV",2019,42.3
"MT",2019,42.3
"AR",2019,42.3
"ND",2019,42.3
"RI",2019,42.3
"UT",2019,42.3
"NE",2019,42.3
"PA",2019,42.3
"NM",2021,42.3
"AZ",2021,42.3
"OH",2021,42.3
"NC",2021,42.3
"MI",2021,42.3
"MO",2021,42.3
"SD",2021,42.3
"NC",2021,42.3
"NH",2021,42.3
"SD",2021,42.3
"MS",2021,42.3
"NY",2017,42.4
"SC",2017,42.4
"TX",2017,42.4
"SD",2017,42.4
"TX",2017,42.4
"NV",2017,42.4
"TX",2019,42.4
"KY",2019,42.4
"DE",2019,42.4
"TN",2019,42.4
"MT",2019,42.4
"WA",2019,42.4
"TN",2019,42.4
"IL",2019,42.4
"CA",2021,42.4
"AL",2021,42.4
"IA",2021,42.4
"TN",2021,42.4
"MI",2021,42.4
"IN",2021,42.4
"AZ",2021,42.4
"AK",2021,42.4
"NE",2021,42.4
"GA",2021,42.4
"OR",2021,42.4
"AK",2021,42.4
"NY",2021,42.4
"NV",2017,42.5
"WI",2019,42.5
"SD",2019,42.5
"IN",2019,42.5
"WY",2019,42.5
"AL",2019,42.5
"MD",2019,42.5
"IL",2021,42.5
"ID",2021,42.5
"AZ",2021,42.5
"SC",2021,42.5
"WY",2021,42.5
"AR",2021,42.5
"TX",2021,42.5
"AR",2021,42.5
"PA",2021,42.5
"AR",2017,42.6
"VA",2017,42.6
"NC",2017,42.6
"IN",2017,42.6
"MN",2017,42.6
"NC",2017,42.6
"CA",2017,42.6
"MO",2017,42.6
"LA",2019,42.6
"DE",2019,42.6
"UT",2019,42.6
"OH",2019,42.6
"KS",2019,42.6
"OK",2021,42.6
"ID",2021,42.6
"CA",2021,42.6
"HI",2021,42.6
"AL",2021,42.6
"NE",2021,42.6
"KS",2021,42.6
"CO",2021,42.6
"IL",2021,42.6
"AR",2017,42.7
"KY",2017,42.7
"NC",2017,42.7
"AL",2017,42.7
"OH",2019,42.7
"CO",2019,42.7
"OH",2019,42.7
"MD",2019,42.7
"CT",2019,42.7
"HI",2019,42.7
"CO",2019,42.7
"IN",2021,42.7
"VA",2021,42.7
"PA",2021,42.7
"AZ",2021,42.7
"ND",2021,42.7
"NE",2021,42.7
"GA",2021,42.7
"DE",2021,42.7
"CO",2021,42.7
"MA",2021,42.7
"VT",2021,42.7
"VA",2021,42.7
"WA",2021,42.7
"KY",2021,42.7
"ID",2021,42.7
"WA",2021,42.7
"OR",2017,42.8
"SC",2017,42.8
"NE",2017,42.8
"OH",2019,42.8
"NE",2019,42.8
"GA",2019,42.8
"MO",2019,42.8
"AK",2019,42.8
"VT",2021,42.8
"MO",2021,42.8
"NV",2021,42.8
"MD",2021,42.8
"NC",2021,42.8
"IL",2021,42.8
"NE",2021,42.8
"ID",2021,42.8
"IN",2017,42.9
"LA",2017,42.9
"WV",2017,42.9
"OR",2017,42.9
"HI",2019,42.9
"TN",2019,42.9
"AL",2019,42.9
"OH",2021,42.9
"UT",2021,42.9
"HI",2021,42.9
"AR",2021,42.9
"ID",2021,42.9
"AK",2021,42.9
"NH",2021,42.9
"MO",2017,43
"AR",2017,43
"MO",2017,43
"VA",2017,43
"WI",2019,43
"MT",2019,43
"MO",2019,43
"MO",2019,43
"NE",2019,43
"AR",2019,43
"NV",2019,43
"LA",2019,43
"TX",2019,43
"KY",2019,43
"NM",2019,43
"IA",2019,43
"TN",2019,43
"TX",2021,43
"IA",2021,43
"KY",2021,43
"OH",2021,43
"WI",2021,43
"KS",2021,43
"GA",2021,43
"AZ",2021,43
"VT",2021,43
"ID",2021,43
"LA",2017,43.1
"VT",2017,43.1
"MS",2017,43.1
"AR",2017,43.1
"WV",2019,43.1
"NM",2019,43.1
"WY",2019,43.1
"GA",2019,43.1
"AK",2019,43.1
"AR",2021,43.1
"SC",2021,43.1
"TX",2021,43.1
"UT",2021,43.1
"IN",2021,43.1
"HI",2017,43.2
"AR",2017,43.2
"TN",2019,43.2
"SC",2019,43.2
"NV",2019,43.2
"ND",2019,43.2
"FL",2019,43.2
"IN",2019,43.2
"MI",2019,43.2
"OK",2021,43.2
"MA",2021,43.2
"KS",2021,43.2
"HI",2021,43.2
"MT",2021,43.2
"WY",2017,43.3
"MT",2017,43.3
"IN",2017,43.3
"KS",2019,43.3
"IN",2019,43.3
"IA",2019,43.3
"TX",2019,43.3
"WY",2019,43.3
"GA",2019,43.3
"OH",2019,43.3
"WI",2019,43.3
"WY",2021,43.3
"OH",2021,43.3
"AL",2021,43.3
"NM",2021,43.3
"PA",2021,43.3
"IA",2021,43.3
"MO",2017,43.4
"AR",2017,43.4
"AK",2017,43.4
"NM",2017,43.4
"WV",2017,43.4
"IA",2019,43.4
"NM",2019,43.4
"SC",2019,43.4
"NV",2019,43.4
"OH",2021,43.4
"KY",2021,43.4
"SC",2021,43.4
"NC",2021,43.4
"IN",2021,43.4
"SC",2021,43.4
"MA",2021,43.4
"RI",2021,43.4
"LA",2021,43.4
"MO",2021,43.4
"MT",2021,43.4
"GA",2021,43.4
"TX",2021,43.4
"NM",2021,43.4
"SD",2021,43.4
"IA",2017,43.5
"MS",2017,43.5
"LA",2017,43.5
"NE",2017,43.5
"WY",2017,43.5
"LA",2019,43.5
"VT",2019,43.5
"NC",2019,43.5
"ID",2019,43.5
"WI",2019,43.5
"NY",2019,43.5
"PA",2021,43.5
"NM",2021,43.5
"WI",2021,43.5
"NC",2021,43.5
"ND",2021,43.5
"NV",2021,43.5
"AZ",2021,43.5
"AK",2017,43.6
"ID",2017,43.6
"IN",2017,43.6
"MS",2017,43.6
"TN",2017,43.6
"DE",2019,43.6
"AL",2019,43.6
"GA",2019,43.6
"UT",2019,43.6
"ID",2019,43.6
"KY",2019,43.6
"HI",2019,43.6
"IL",2019,43.6
"SC",2019,43.6
"KY",2019,43.6
"AZ",2021,43.6
"OH",2021,43.6
"MA",2021,43.6
"HI",2021,43.6
"KS",2021,43.6
"WI",2021,43.6
"SD",2021,43.6
"SD",2021,43.6
"TX",2021,43.6
"WV",2017,43.7
"OK",2019,43.7
"GA",2019,43.7
"MO",2019,43.7
"KY",2019,43.7
"LA",2019,43.7
"MT",2019,43.7
"TX",2019,43.7
"VA",2021,43.7
"AZ",2021,43.7
"WI",2021,43.7
"ID",2021,43.7
"AR",2021,43.7
"ND",2021,43.7
"KS",2021,43.7
"AK",2021,43.7
"WY",2021,43.7
"IN",2021,43.7
"TX",2021,43.7
"IA",2021,43.7
"LA",2017,43.8
"WA",2019,43.8
"TN",2019,43.8
"WI",2019,43.8
"NE",2019,43.8
"MI",2019,43.8
"WY",2019,43.8
"VA",2019,43.8
"WA",2021,43.8
"OH",2021,43.8
"NV",2021,43.8
"MO",2021,43.8
"AK",2021,43.8
"AZ",2021,43.8
"TX",2017,43.9
"AR",2017,43.9
"MI",2019,43.9
"WY",2019,43.9
"IL",2019,43.9
"MT",2019,43.9
"TX",2019,43.9
"VA",2019,43.9
"GA",2019,43.9
"GA",2019,43.9
"NE",2021,43.9
"NV",2021,43.9
"CO",2021,43.9
"SC",2021,43.9
"VA",2021,43.9
"KY",2017,44
"IA",2019,44
"SC",2019,44
"TX",2019,44
"AZ",2019,44
"ID",2019,44
"NE",2019,44
"WI",2019,44
"KY",2019,44
"IA",2021,44
"IN",2021,44
"GA",2021,44
"WY",2021,44
"ND",2021,44
"UT",2021,44
"ND",2021,44
"WV",2021,44
"OK",2017,44.1
"AL",2017,44.1
"TN",2017,44.1
"AL",2017,44.1
"OH",2019,44.1
"MO",2019,44.1
"MT",2019,44.1
"MS",2019,44.1
"MS",2019,44.1
"IA",2019,44.1
"MS",2019,44.1
"NV",2021,44.1
"WI",2021,44.1
"AK",2021,44.1
"KY",2021,44.1
"AZ",2021,44.1
"MS",2021,44.1
"TN",2021,44.1
"MS",2021,44.1
"NH",2021,44.1
"MN",2021,44.1
"IL",2021,44.1
"WV",2021,44.1
"SC",2017,44.2
"UT",2019,44.2
"SC",2019,44.2
"AL",2019,44.2
"AK",2019,44.2
"MT",2021,44.2
"OH",2021,44.2
"UT",2021,44.2
"LA",2021,44.2
"NV",2021,44.2
"DE",2021,44.2
"ID",2021,44.2
"KS",2021,44.2
"LA",2017,44.3
"ID",2017,44.3
"NV",2017,44.3
"VA",2017,44.3
"WY",2019,44.3
"AZ",2019,44.3
"GA",2019,44.3
"TN",2019,44.3
"NM",2019,44.3
"MI",2019,44.3
"KS",2019,44.3
"MO",2021,44.3
"IN",2021,44.3
"PA",2021,44.3
"VA",2021,44.3
"MI",2021,44.3
"GA",2021,44.3
"AK",2021,44.3
"TN",2017,44.4
"GA",2017,44.4
"MT",2017,44.4
"WV",2017,44.4
"SC",2019,44.4
"MS",2019,44.4
"IN",2019,44.4
"HI",2019,44.4
"AK",2019,44.4
"KY",2019,44.4
"AL",2021,44.4
"NE",2021,44.4
"IN",2021,44.4
"CO",2021,44.4
"KY",2021,44.4
"NE",2021,44.4
"SC",2021,44.4
"OH",2017,44.5
"TN",2017,44.5
"OK",2017,44.5
"TX",2017,44.5
"ND",2019,44.5
"SD",2019,44.5
"TN",2019,44.5
"WV",2019,44.5
"AL",2021,44.5
"AR",2021,44.5
"SC",2021,44.5
"GA",2021,44.5
"WA",2021,44.5
"WI",2021,44.5
"VA",2021,44.5
"WV",2017,44.6
"MI",2017,44.6
"WV",2017,44.6
"IN",2019,44.6
"MO",2019,44.6
"SC",2019,44.6
"OK",2019,44.6
"SC",2019,44.6
"LA",2019,44.6
"ND",2019,44.6
"IN",2019,44.6
"AR",2021,44.6
"GA",2021,44.6
"AK",2021,44.6
"IA",2021,44.6
"IA",2021,44.6
"MD",2021,44.6
"AL",2017,44.7
"CO",2017,44.7
"AR",2017,44.7
"SD",2019,44.7
"PA",2019,44.7
"IA",2019,44.7
"AL",2019,44.7
"FL",2019,44.7
"TN",2019,44.7
"KS",2019,44.7
"ID",2019,44.7
"FL",2019,44.7
"IA",2019,44.7
"SD",2019,44.7
"WV",2021,44.7
"DE",2021,44.7
"WV",2021,44.7
"SC",2017,44.8
"MS",2017,44.8
"MS",2017,44.8
"TX",2017,44.8
"MT",2019,44.8
"NE",2019,44.8
"HI",2019,44.8
"ND",2019,44.8
"ME",2019,44.8
"HI",2019,44.8
"AK",2019,44.8
"AL",2021,44.8
"MT",2021,44.8
"AL",2021,44.8
"NV",2021,44.8
"NE",2021,44.8
"MO",2021,44.8
"WV",2021,44.8
"LA",2021,44.8
"OH",2021,44.8
"AL",2017,44.9
"SC",2017,44.9
"WV",2017,44.9
"CA",2019,44.9
"SC",2019,44.9
"CA",2019,44.9
"ME",2019,44.9
"AL",2019,44.9
"ID",2019,44.9
"SC",2019,44.9
"AR",2019,44.9
"OR",2019,44.9
"GA",2021,44.9
"MO",2021,44.9
"MS",2021,44.9
"MI",2021,44.9
"NE",2021,44.9
"OH",2021,44.9
"HI",2021,44.9
"MO",2021,44.9
"VT",2021,44.9
"LA",2017,45
"HI",2019,45
"SC",2019,45
"AR",2019,45
"NY",2019,45
"KS",2019,45
"KS",2019,45
"IA",2019,45
"AL",2019,45
"SC",2021,45
"WY",2021,45
"MS",2021,45
"KY",2021,45
"KS",2021,45
"MS",2021,45
"IN",2017,45.1
"MT",2017,45.1
"LA",2017,45.1
"ME",2017,45.1
"OK",2017,45.1
"WV",2017,45.1
"OR",2017,45.1
"VA",2019,45.1
"KY",2019,45.1
"AK",2019,45.1
"TN",2019,45.1
"ND",2021,45.1
"KS",2021,45.1
"KY",2021,45.1
"DE",2021,45.1
"ND",2021,45.1
"MI",2021,45.1
"MO",2021,45.1
"TX",2021,45.1
"IN",2021,45.1
"AR",2017,45.2
"SC",2017,45.2
"ND",2017,45.2
"NY",2017,45.2
"OK",2017,45.2
"WV",2017,45.2
"VA",2019,45.2
"WV",2019,45.2
"IA",2019,45.2
"NV",2019,45.2
"KY",2019,45.2
"OH",2019,45.2
"SC",2021,45.2
"HI",2021,45.2
"NY",2021,45.2
"AZ",2021,45.2
"SD",2021,45.2
"SC",2021,45.2
"IN",2021,45.2
"AZ",2017,45.3
"MD",2019,45.3
"ND",2019,45.3
"NM",2019,45.3
"GA",2019,45.3
"HI",2019,45.3
"RI",2019,45.3
"MO",2019,45.3
"DE",2019,45.3
"VA",2019,45.3
"AK",2019,45.3
"OH",2019,45.3
"MI",2021,45.3
"IL",2021,45.3
"OK",2021,45.3
"NC",2021,45.3
"KY",2021,45.3
"MO",2021,45.3
"TN",2021,45.3
"WI",2017,45.4
"AL",2017,45.4
"NM",2019,45.4
"NM",2019,45.4
"AL",2019,45.4
"OK",2019,45.4
"MT",2019,45.4
"MS",2019,45.4
"AK",2019,45.4
"MI",2019,45.4
"AK",2019,45.4
"SC",2021,45.4
"SC",2021,45.4
"KS",2021,45.4
"MO",2021,45.4
"AR",2021,45.4
"WY",2021,45.4
"WI",2021,45.4
"VT",2021,45.4
"WY",2021,45.4
"KS",2021,45.4
"AL",2017,45.5
"KY",2017,45.5
"ID",2017,45.5
"MI",2019,45.5
"IA",2019,45.5
"WY",2021,45.5
"SD",2021,45.5
"DE",2021,45.5
"OK",2021,45.5
"AK",2021,45.5
"TN",2021,45.5
"IA",2021,45.5
"AZ",2021,45.5
"OR",2021,45.5
"KY",2021,45.5
"KY",2021,45.5
"TN",2017,45.6
"IN",2017,45.6
"SD",2019,45.6
"TN",2019,45.6
"KY",2019,45.6
"AL",2019,45.6
"GA",2019,45.6
"GA",2019,45.6
"AL",2021,45.6
"KY",2021,45.6
"ND",2021,45.6
"WY",2021,45.6
"KS",2021,45.6
"SC",2017,45.7
"OK",2017,45.7
"OK",2017,45.7
"RI",2017,45.7
"MN",2017,45.7
"GA",2019,45.7
"IL",2019,45.7
"HI",2019,45.7
"OH",2021,45.7
"ND",2021,45.7
"KY",2021,45.7
"KS",2021,45.7
"ND",2021,45.7
"MO",2021,45.7
"VA",2021,45.7
"OK",2017,45.8
"OK",2017,45.8
"AK",2017,45.8
"MS",2017,45.8
"OH",2019,45.8
"KY",2019,45.8
"OH",2019,45.8
"KS",2019,45.8
"WY",2019,45.8
"CO",2019,45.8
"IA",2019,45.8
"HI",2021,45.8
"WY",2021,45.8
"MO",2021,45.8
"IN",2021,45.8
"KY",2021,45.8
"KS",2021,45.8
"NM",2021,45.8
"MO",2017,45.9
"OK",2017,45.9
"OK",2017,45.9
"LA",2017,45.9
"KY",2019,45.9
"WI",2019,45.9
"MT",2019,45.9
"TN",2019,45.9
"NV",2021,45.9
"AL",2021,45.9
"TN",2021,45.9
"HI",2021,45.9
"NE",2021,45.9
"NV",2021,45.9
"SD",2021,45.9
"MS",2017,46
"KY",2017,46
"IN",2019,46
"LA",2019,46
"KY",2019,46
"NM",2019,46
"MO",2019,46
"TN",2021,46
"WV",2021,46
"GA",2021,46
"IA",2021,46
"NJ",2021,46
"NC",2021,46
"AR",2017,46.1
"VA",2017,46.1
"NM",2017,46.1
"TX",2017,46.1
"MO",2019,46.1
"AL",2019,46.1
"SC",2019,46.1
"OK",2019,46.1
"IN",2021,46.1
"HI",2021,46.1
"IA",2021,46.1
"CT",2021,46.1
"NC",2021,46.1
"TN",2021,46.1
"WV",2021,46.1
"AL",2017,46.2
"WV",2017,46.2
"LA",2017,46.2
"TN",2019,46.2
"KS",2019,46.2
"GA",2019,46.2
"MI",2019,46.2
"CA",2019,46.2
"NC",2019,46.2
"AR",2019,46.2
"WY",2019,46.2
"MO",2019,46.2
"NM",2019,46.2
"AR",2021,46.2
"IN",2021,46.2
"OK",2021,46.2
"TN",2021,46.2
"WY",2017,46.3
"MS",2017,46.3
"OK",2017,46.3
"AL",2017,46.3
"WY",2019,46.3
"ND",2019,46.3
"NM",2019,46.3
"WV",2019,46.3
"IL",2019,46.3
"PA",2019,46.3
"TX",2019,46.3
"AK",2021,46.3
"NV",2021,46.3
"TN",2021,46.3
"SD",2021,46.3
"WI",2021,46.3
"WV",2021,46.3
"NE",2021,46.3
"AL",2017,46.4
"TX",2017,46.4
"MS",2019,46.4
"WA",2019,46.4
"WV",2019,46.4
"NV",2019,46.4
"TN",2019,46.4
"TN",2019,46.4
"UT",2019,46.4
"AR",2021,46.4
"KS",2021,46.4
"MI",2021,46.4
"GA",2021,46.4
"AR",2021,46.4
"ND",2021,46.4
"OH",2021,46.4
"AR",2021,46.4
"LA",2021,46.4
"OH",2021,46.4
"OH",2017,46.5
"SD",2017,46.5
"LA",2019,46.5
"AR",2019,46.5
"SC",2019,46.5
"SC",2019,46.5
"KS",2019,46.5
"TN",2021,46.5
"IN",2021,46.5
"MD",2017,46.6
"OK",2017,46.6
"MT",2019,46.6
"NH",2019,46.6
"NM",2019,46.6
"LA",2019,46.6
"GA",2019,46.6
"NE",2019,46.6
"TN",2021,46.6
"MT",2021,46.6
"SC",2021,46.6
"NV",2017,46.7
"MT",2019,46.7
"MS",2019,46.7
"GA",2021,46.7
"KY",2021,46.7
"MT",2021,46.7
"KY",2021,46.7
"WY",2017,46.8
"ND",2019,46.8
"ND",2021,46.8
"AR",2021,46.8
"TN",2021,46.8
"NE",2021,46.8
"AR",2021,46.8
"MS",2017,46.9
"AL",2017,46.9
"WV",2017,46.9
"AR",2017,46.9
"LA",2017,46.9
"WV",2019,46.9
"IN",2019,46.9
"IA",2021,46.9
"WV",2021,46.9
"MS",2021,46.9
"MS",2021,46.9
"MS",2017,47
"ID",2017,47
"NV",2019,47
"WV",2019,47
"KS",2019,47
"WV",2019,47
"AR",2021,47
"KY",2021,47
"IA",2021,47
"OH",2021,47
"IN",2021,47
"OK",2021,47
"DE",2021,47
"GA",2017,47.1
"KS",2017,47.1
"AL",2019,47.1
"ID",2021,47.1
"AL",2021,47.1
"GA",2021,47.1
"OK",2017,47.2
"MS",2017,47.2
"LA",2017,47.2
"LA",2019,47.2
"WI",2019,47.2
"KY",2019,47.2
"LA",2019,47.2
"OH",2021,47.2
"TN",2021,47.2
"WY",2021,47.2
"AL",2021,47.2
"MS",2017,47.3
"IN",2017,47.3
"MS",2017,47.3
"OK",2019,47.3
"AL",2019,47.3
"AK",2019,47.3
"AL",2019,47.3
"MS",2019,47.3
"TN",2021,47.3
"KS",2021,47.3
"IN",2021,47.3
"MD",2021,47.3
"LA",2021,47.3
"AL",2017,47.4
"AK",2019,47.4
"OK",2019,47.4
"KS",2019,47.4
"AL",2019,47.4
"KY",2021,47.4
"LA",2021,47.4
"SC",2021,47.4
"KS",2021,47.4
"MT",2021,47.4
"MO",2021,47.4
"WV",2021,47.4
"OH",2019,47.5
"MI",2019,47.5
"MS",2019,47.5
"LA",2021,47.5
"OR",2021,47.5
"WA",2021,47.5
"AK",2021,47.5
"SD",2021,47.5
"PA",2019,47.6
"CO",2021,47.6
"MS",2021,47.6
"MS",2021,47.6
"WV",2021,47.6
"AL",2021,47.6
"WV",2017,47.7
"AL",2017,47.7
"WV",2017,47.7
"OK",2017,47.7
"IN",2017,47.7
"WY",2017,47.7
"LA",2019,47.7
"AL",2019,47.7
"MD",2019,47.7
"MS",2019,47.7
"MO",2019,47.7
"KY",2019,47.7
"AK",2021,47.7
"IN",2021,47.7
"LA",2021,47.7
"KS",2021,47.7
"TN",2021,47.7
"LA",2021,47.7
"ND",2021,47.7
"AL",2021,47.7
"WV",2021,47.7
"MI",2017,47.8
"OK",2019,47.8
"NM",2019,47.8
"OR",2019,47.8
"AR",2019,47.8
"LA",2019,47.8
"NE",2021,47.8
"NE",2021,47.8
"AR",2021,47.8
"MS",2021,47.8
"OK",2017,47.9
"LA",2017,47.9
"MO",2017,47.9
"AL",2017,47.9
"AK",2019,47.9
"KY",2019,47.9
"MS",2021,47.9
"MI",2021,47.9
"MS",2021,47.9
"AR",2021,47.9
"TX",2017,48
"MS",2017,48
"OK",2019,48
"UT",2021,48
"MO",2021,48
"WV",2021,48
"SD",2021,48
"NV",2021,48
"AL",2021,48
"SC",2017,48.1
"KY",2017,48.1
"LA",2019,48.1
"KY",2019,48.1
"NH",2019,48.1
"LA",2019,48.1
"GA",2019,48.1
"AR",2019,48.1
"SC",2019,48.1
"ME",2021,48.1
"WV",2021,48.1
"OK",2021,48.1
"NM",2021,48.1
"MS",2021,48.1
"AR",2017,48.2
"MS",2019,48.2
"AL",2019,48.2
"IN",2019,48.2
"AL",2019,48.2
"MS",2019,48.2
"AR",2019,48.2
"HI",2021,48.2
"SD",2021,48.2
"LA",2017,48.3
"PA",2017,48.3
"WV",2019,48.3
"HI",2021,48.3
"HI",2021,48.3
"TN",2021,48.3
"MI",2021,48.3
"OK",2019,48.4
"GA",2021,48.4
"AL",2021,48.4
"HI",2021,48.4
"RI",2017,48.5
"KY",2017,48.5
"NC",2019,48.5
"AL",2019,48.5
"IN",2019,48.5
"AR",2019,48.5
"MO",2021,48.5
"AR",2017,48.6
"WV",2017,48.6
"AR",2019,48.6
"TX",2019,48.6
"AR",2019,48.6
"LA",2019,48.6
"NV",2019,48.6
"AZ",2019,48.6
"LA",2021,48.6
"MO",2021,48.6
"MS",2019,48.7
"AR",2019,48.7
"NV",2019,48.7
"AL",2019,48.7
"AZ",2019,48.7
"MI",2019,48.7
"OK",2021,48.7
"KS",2021,48.7
"IA",2021,48.7
"KS",2021,48.7
"MS",2021,48.7
"SD",2021,48.7
"SD",2021,48.7
"OK",2021,48.7
"KS",2017,48.8
"MI",2019,48.8
"AL",2019,48.8
"WV",2019,48.8
"KY",2021,48.8
"NE",2017,48.9
"ND",2017,48.9
"OH",2017,48.9
"WV",2019,48.9
"KY",2019,48.9
"AR",2019,48.9
"MI",2021,48.9
"SC",2021,48.9
"ND",2021,48.9
"OK",2021,48.9
"ID",2021,48.9
"WY",2021,48.9
"AR",2021,48.9
"OR",2021,48.9
"LA",2021,48.9
"KY",2019,49
"MO",2019,49
"AK",2019,49
"TN",2019,49
"AL",2019,49
"AR",2019,49
"OR",2021,49
"TN",2021,49
"MS",2017,49.1
"OK",2019,49.1
"SC",2019,49.1
"WV",2019,49.1
"LA",2019,49.1
"NV",2019,49.1
"OK",2019,49.1
"MO",2021,49.1
"AL",2021,49.1
"KS",2021,49.1
"IN",2021,49.1
"ND",2021,49.1
"AL",2017,49.2
"IN",2019,49.2
"AL",2021,49.2
"MS",2021,49.2
"OK",2017,49.3
"OK",2017,49.3
"AK",2017,49.3
"AK",2019,49.3
"AK",2021,49.3
"AR",2021,49.3
"KS",2021,49.3
"AL",2021,49.3
"KY",2017,49.4
"OK",2017,49.4
"KY",2019,49.4
"LA",2019,49.4
"LA",2019,49.4
"AR",2019,49.4
"AL",2021,49.4
"OH",2017,49.5
"OH",2019,49.5
"MT",2019,49.5
"OK",2021,49.5
"SD",2021,49.5
"OH",2021,49.5
"AR",2021,49.5
"OH",2019,49.6
"KS",2019,49.6
"AL",2021,49.6
"WY",2021,49.6
"WY",2019,49.7
"OR",2019,49.7
"WV",2019,49.7
"NM",2021,49.7
"AL",2021,49.7
"OK",2021,49.7
"LA",2017,49.8
"AR",2017,49.8
"OK",2019,49.8
"WV",2019,49.8
"WV",2019,49.8
"LA",2021,49.8
"SC",2021,49.8
"ND",2021,49.8
"LA",2021,49.8
"OR",2021,49.8
"AR",2017,49.9
"WY",2019,49.9
"NV",2019,49.9
"LA",2019,49.9
"WY",2019,49.9
"OK",2021,49.9
"OH",2021,49.9
"MS",2017,50
"ND",2021,50
"LA",2021,50
"MS",2021,50
"KY",2017,50.1
"AL",2019,50.1
"OK",2019,50.1
"AK",2021,50.1
"AR",2021,50.1
"WV",2021,50.1
"TN",2021,50.1
"MS",2017,50.2
"NV",2017,50.2
"MO",2019,50.2
"LA",2019,50.2
"MS",2019,50.2
"WV",2021,50.2
"WV",2017,50.3
"AR",2019,50.3
"KY",2021,50.3
"OK",2021,50.3
"RI",2019,50.4
"WV",2021,50.4
"WV",2021,50.4
"ND",2021,50.4
"AR",2017,50.5
"MS",2019,50.5
"OK",2019,50.5
"ND",2019,50.6
"KS",2019,50.6
"AR",2021,50.6
"KY",2021,50.6
"MS",2021,50.6
"TN",2021,50.6
"OK",2019,50.7
"KY",2019,50.7
"LA",2019,50.7
"NC",2019,50.7
"OH",2021,50.7
"LA",2021,50.7
"AZ",2021,50.7
"TN",2021,50.7
"NC",2017,50.8
"WY",2021,50.8
"NM",2019,50.9
"LA",2019,50.9
"NV",2019,50.9
"WV",2019,50.9
"NE",2021,50.9
"LA",2021,50.9
"TN",2017,51
"OK",2019,51
"WY",2021,51
"OK",2017,51.1
"MS",2019,51.1
"AK",2021,51.1
"LA",2021,51.1
"AR",2021,51.2
"AZ",2021,51.2
"WV",2017,51.3
"LA",2021,51.3
"OK",2021,51.3
"MS",2017,51.4
"AK",2019,51.5
"OK",2019,51.5
"WV",2019,51.5
"MS",2021,51.5
"ID",2021,51.5
"MS",2021,51.5
"AR",2021,51.5
"KY",2019,51.6
"OK",2021,51.6
"WV",2021,51.7
"IL",2021,51.8
"LA",2021,51.8
"TN",2021,51.8
"MS",2019,51.9
"WY",2017,52
"SD",2017,52
"WV",2017,52.1
"KY",2017,52.1
"OK",2019,52.1
"KY",2021,52.1
"OK",2019,52.2
"AK",2021,52.2
"OK",2021,52.2
"OK",2017,52.3
"WV",2019,52.3
"WV",2021,52.4
"NC",2021,52.5
"OK",2021,52.5
"LA",2017,52.6
"AL",2017,52.6
"ND",2021,52.6
"OK",2019,52.7
"MS",2019,52.7
"SD",2019,52.8
"MS",2019,52.8
"NE",2021,52.8
"UT",2021,52.9
"KY",2017,53
"GA",2019,53
"OK",2021,53
"ID",2021,53
"AR",2019,53.1
"LA",2021,53.1
"OK",2021,53.1
"WY",2019,53.2
"WY",2021,53.3
"LA",2021,53.3
"OK",2021,53.4
"AK",2021,53.4
"WA",2021,53.6
"AR",2017,53.7
"OK",2017,53.7
"NV",2019,53.8
"LA",2017,53.9
"WV",2017,53.9
"WY",2021,53.9
"NE",2021,53.9
"AK",2017,54
"OH",2019,54
"AK",2019,54
"WV",2019,54.1
"WI",2021,54.1
"AR",2019,54.2
"MS",2019,54.3
"TN",2019,54.4
"OK",2021,54.4
"OK",2021,54.5
"LA",2017,54.7
"MS",2017,54.7
"AK",2017,55.2
"AR",2019,55.3
"GA",2019,55.4
"IN",2021,55.4
"OK",2019,55.8
"LA",2017,56.1
"AL",2017,56.1
"OK",2019,56.2
"AL",2017,56.4
"NV",2019,56.4
"WI",2021,56.5
"HI",2021,56.5
"ME",2019,56.9
"LA",2019,56.9
"HI",2017,57.7
"HI",2019,58
"OH",2019,58.1
"WI",2019,58.2
"OK",2019,58.4
"NM",2019,59.4
"AK",2017,59.5
"KY",2019,59.5
"WI",2019,60.1
"MS",2017,60.8
"MS",2017,63.9
