"LocationAbbr","YearStart","Adults who Lift Weights (%)"
"TN",2013,6.4
"TN",2013,10.6
"WV",2013,10.8
"WV",2011,10.8
"TN",2011,11.6
"AR",2015,11.6
"WV",2013,11.8
"WV",2015,12.5
"WV",2013,12.8
"TN",2011,12.9
"MS",2013,12.9
"TN",2017,13.1
"WV",2011,13.2
"WV",2015,13.4
"WV",2013,13.9
"SD",2019,14.1
"MS",2017,14.3
"LA",2013,14.3
"AL",2017,14.5
"WV",2017,14.6
"TN",2013,14.6
"TN",2013,14.6
"GA",2017,14.7
"IA",2013,14.7
"OK",2013,14.7
"AR",2015,14.8
"OK",2011,14.8
"LA",2013,14.8
"MD",2017,14.9
"WV",2017,14.9
"AR",2011,14.9
"AR",2013,14.9
"WV",2013,15
"OK",2011,15
"WV",2017,15
"WV",2015,15
"AR",2013,15
"WV",2013,15
"WV",2013,15.1
"AL",2015,15.1
"MS",2011,15.1
"TN",2013,15.2
"ME",2015,15.2
"AR",2015,15.2
"WV",2011,15.2
"TN",2011,15.2
"WV",2013,15.3
"TN",2013,15.3
"MS",2013,15.3
"TX",2017,15.4
"WV",2011,15.4
"TN",2011,15.4
"NV",2011,15.6
"WV",2013,15.6
"TN",2011,15.6
"WV",2013,15.6
"VT",2013,15.6
"OK",2011,15.6
"NY",2017,15.7
"TN",2011,15.7
"RI",2017,15.7
"WV",2019,15.7
"KY",2019,15.7
"SC",2013,15.7
"MS",2013,15.7
"WV",2011,15.7
"KY",2017,15.9
"SD",2011,15.9
"MS",2015,15.9
"WV",2015,16
"NH",2011,16
"TX",2015,16.1
"AR",2013,16.1
"WV",2015,16.2
"OK",2011,16.2
"TN",2011,16.3
"OK",2013,16.4
"RI",2017,16.4
"WV",2015,16.4
"MS",2015,16.4
"WI",2011,16.4
"FL",2017,16.5
"VA",2017,16.5
"AR",2013,16.5
"MS",2013,16.5
"TN",2013,16.5
"OH",2013,16.5
"WV",2011,16.5
"LA",2011,16.6
"AR",2017,16.6
"AR",2015,16.6
"NC",2019,16.6
"AR",2017,16.7
"AL",2015,16.7
"LA",2011,16.7
"AR",2015,16.7
"TX",2013,16.7
"MS",2011,16.8
"WV",2019,16.8
"WA",2011,16.8
"FL",2015,16.8
"MS",2011,16.8
"AL",2013,16.8
"UT",2015,16.8
"AL",2011,16.8
"WV",2015,16.9
"AL",2017,16.9
"WV",2011,16.9
"TN",2011,16.9
"WV",2013,16.9
"WV",2017,17
"KY",2013,17
"DE",2015,17
"AL",2013,17
"VT",2011,17
"KS",2011,17
"ND",2011,17
"MO",2017,17.1
"WV",2017,17.1
"LA",2015,17.1
"AR",2013,17.2
"MT",2017,17.2
"AR",2011,17.2
"TN",2011,17.2
"KY",2013,17.2
"WV",2013,17.3
"ID",2015,17.3
"AZ",2011,17.3
"WV",2011,17.4
"SC",2017,17.5
"TN",2015,17.5
"AL",2013,17.5
"ID",2013,17.5
"TN",2017,17.6
"OK",2013,17.6
"MS",2011,17.6
"PA",2011,17.6
"NM",2017,17.7
"TN",2017,17.7
"VA",2015,17.7
"KY",2011,17.7
"SC",2013,17.7
"AL",2011,17.7
"AR",2013,17.7
"AR",2011,17.7
"LA",2011,17.8
"MO",2019,17.8
"DE",2015,17.8
"VA",2013,17.8
"CT",2015,17.8
"KY",2013,17.8
"AL",2017,17.9
"MI",2017,17.9
"AR",2013,17.9
"AZ",2017,17.9
"MS",2011,17.9
"AL",2017,17.9
"VT",2015,17.9
"IN",2015,17.9
"KY",2017,18
"TX",2017,18
"WY",2013,18
"LA",2011,18
"TN",2015,18
"WV",2013,18.1
"OK",2015,18.1
"IA",2011,18.1
"MO",2011,18.1
"WY",2011,18.1
"TN",2013,18.1
"AL",2011,18.1
"TN",2013,18.1
"OK",2015,18.2
"CT",2011,18.2
"VT",2017,18.2
"MD",2017,18.2
"CA",2013,18.2
"KS",2011,18.2
"OK",2017,18.3
"SC",2017,18.3
"MD",2015,18.3
"IL",2015,18.3
"TN",2013,18.3
"AR",2013,18.3
"MS",2017,18.4
"IN",2011,18.4
"WV",2015,18.4
"MD",2011,18.4
"LA",2013,18.4
"PA",2013,18.4
"ME",2011,18.4
"ND",2011,18.4
"TN",2011,18.4
"LA",2017,18.5
"MS",2015,18.5
"WV",2017,18.5
"WV",2015,18.5
"CA",2019,18.5
"TN",2015,18.5
"OK",2015,18.5
"IN",2013,18.5
"MS",2013,18.5
"AR",2015,18.5
"NC",2013,18.5
"KY",2017,18.6
"TX",2017,18.6
"OK",2011,18.6
"AZ",2013,18.6
"OK",2013,18.6
"WV",2013,18.6
"AR",2011,18.7
"WV",2015,18.7
"KY",2019,18.7
"IN",2011,18.7
"MO",2013,18.7
"FL",2017,18.8
"NV",2017,18.8
"DE",2013,18.8
"MO",2019,18.8
"NE",2015,18.8
"AL",2011,18.8
"MA",2011,18.8
"SC",2017,18.9
"MO",2011,18.9
"SD",2015,18.9
"MA",2019,18.9
"AZ",2013,18.9
"NH",2015,18.9
"WV",2011,18.9
"RI",2011,18.9
"MS",2017,19
"MS",2011,19
"LA",2011,19
"ME",2017,19
"ND",2013,19
"AR",2015,19
"CA",2011,19
"GA",2011,19
"KS",2013,19.1
"TX",2011,19.1
"KY",2019,19.1
"AL",2013,19.1
"AR",2011,19.1
"NC",2015,19.1
"TN",2011,19.1
"LA",2015,19.1
"IA",2013,19.1
"HI",2011,19.1
"NH",2015,19.1
"OK",2011,19.2
"MS",2013,19.2
"DE",2017,19.2
"ND",2017,19.2
"SC",2015,19.2
"IN",2013,19.2
"IN",2011,19.2
"WV",2011,19.2
"AR",2013,19.2
"KS",2013,19.2
"VA",2011,19.2
"OK",2015,19.2
"SD",2011,19.2
"OR",2015,19.2
"VA",2013,19.2
"NE",2017,19.3
"OH",2017,19.3
"OR",2011,19.3
"GA",2015,19.3
"KY",2015,19.3
"SD",2011,19.3
"KS",2011,19.3
"ME",2015,19.3
"OK",2011,19.3
"SD",2011,19.3
"UT",2017,19.4
"LA",2017,19.4
"WV",2017,19.4
"KS",2011,19.4
"SD",2013,19.4
"KY",2015,19.4
"NM",2013,19.4
"NC",2017,19.5
"LA",2017,19.5
"OK",2017,19.5
"RI",2013,19.5
"SC",2015,19.5
"NC",2013,19.5
"AZ",2015,19.5
"TN",2011,19.5
"ND",2013,19.5
"AR",2011,19.6
"LA",2011,19.6
"NY",2015,19.6
"TX",2013,19.6
"WV",2013,19.6
"KY",2011,19.6
"WV",2011,19.6
"AL",2013,19.6
"TN",2013,19.6
"TN",2011,19.6
"WV",2017,19.7
"AR",2013,19.7
"TX",2017,19.7
"NV",2017,19.7
"OK",2011,19.7
"RI",2011,19.7
"TN",2011,19.7
"NJ",2017,19.8
"AR",2017,19.8
"MO",2013,19.8
"AL",2011,19.8
"GA",2015,19.8
"KS",2015,19.8
"ND",2015,19.8
"KS",2011,19.8
"CA",2015,19.8
"KY",2015,19.8
"KY",2017,19.9
"GA",2017,19.9
"KS",2017,19.9
"OK",2013,19.9
"AR",2015,19.9
"UT",2013,19.9
"KY",2019,19.9
"NY",2015,19.9
"MO",2013,19.9
"NE",2011,19.9
"NH",2011,19.9
"MO",2011,19.9
"WA",2015,19.9
"TN",2013,19.9
"AR",2017,20
"OK",2017,20
"TN",2017,20
"MS",2015,20
"IA",2013,20
"WV",2015,20
"RI",2015,20
"MA",2015,20
"MO",2011,20
"AL",2015,20
"NJ",2013,20
"WV",2017,20.1
"WI",2013,20.1
"PA",2013,20.1
"IN",2017,20.1
"IN",2017,20.1
"TX",2015,20.1
"OK",2019,20.1
"RI",2011,20.1
"IN",2013,20.1
"MS",2015,20.1
"KY",2011,20.1
"NC",2015,20.1
"ND",2017,20.2
"NJ",2017,20.2
"WV",2011,20.2
"WA",2013,20.2
"NC",2011,20.2
"AR",2015,20.2
"KY",2019,20.2
"MO",2013,20.2
"AL",2011,20.2
"NV",2011,20.2
"MS",2011,20.2
"TX",2015,20.2
"WA",2017,20.3
"MO",2011,20.3
"NY",2013,20.3
"NC",2017,20.3
"MS",2013,20.3
"SC",2011,20.3
"TN",2013,20.3
"MO",2011,20.3
"OH",2015,20.3
"AL",2011,20.3
"OK",2013,20.3
"NM",2011,20.3
"IN",2015,20.3
"FL",2011,20.4
"AL",2017,20.4
"SC",2017,20.4
"KY",2019,20.4
"NC",2013,20.4
"AL",2015,20.4
"NC",2011,20.4
"IN",2015,20.4
"KS",2011,20.4
"WV",2015,20.4
"DE",2017,20.5
"AR",2011,20.5
"KS",2013,20.5
"SC",2011,20.5
"NH",2013,20.5
"MS",2015,20.5
"CT",2013,20.5
"WA",2015,20.5
"SD",2017,20.6
"MS",2017,20.6
"NY",2017,20.6
"IA",2017,20.6
"MS",2017,20.6
"WV",2011,20.6
"IA",2015,20.6
"KY",2015,20.6
"IN",2011,20.6
"VT",2015,20.6
"AL",2011,20.6
"NH",2013,20.6
"LA",2013,20.6
"MO",2011,20.6
"NE",2013,20.6
"TN",2011,20.6
"KY",2013,20.6
"PA",2011,20.6
"SC",2013,20.6
"LA",2011,20.6
"LA",2017,20.7
"TX",2011,20.7
"OK",2013,20.7
"SC",2015,20.7
"NH",2017,20.7
"NE",2013,20.7
"FL",2013,20.7
"ND",2011,20.7
"NC",2015,20.7
"RI",2013,20.7
"LA",2011,20.7
"AL",2017,20.8
"GA",2013,20.8
"LA",2013,20.8
"LA",2011,20.8
"KY",2017,20.8
"SD",2013,20.8
"NH",2015,20.8
"MO",2013,20.8
"IA",2013,20.8
"SC",2011,20.8
"MO",2013,20.8
"KY",2013,20.8
"PA",2015,20.8
"PA",2011,20.8
"MT",2017,20.9
"KY",2017,20.9
"AL",2013,20.9
"NH",2017,20.9
"TX",2013,20.9
"SC",2013,20.9
"VA",2013,20.9
"AR",2013,20.9
"KS",2011,20.9
"WV",2015,20.9
"VA",2015,20.9
"MO",2015,20.9
"PA",2011,20.9
"PA",2015,20.9
"CA",2017,21
"OK",2017,21
"WI",2017,21
"AL",2015,21
"LA",2013,21
"ME",2011,21
"IA",2013,21
"NY",2017,21
"TX",2015,21
"IL",2015,21
"OK",2015,21
"IA",2011,21
"MS",2013,21
"RI",2015,21
"OK",2013,21
"MD",2013,21
"KY",2017,21.1
"OK",2017,21.1
"ME",2019,21.1
"RI",2015,21.1
"WI",2011,21.1
"IN",2015,21.1
"KS",2011,21.1
"KY",2011,21.1
"IN",2013,21.1
"MO",2011,21.1
"IN",2017,21.2
"LA",2017,21.2
"NC",2015,21.2
"WY",2013,21.2
"AL",2015,21.2
"NJ",2017,21.2
"NV",2011,21.2
"AZ",2017,21.2
"IL",2017,21.2
"IA",2011,21.2
"LA",2013,21.2
"GA",2015,21.2
"LA",2015,21.2
"OK",2019,21.2
"IN",2017,21.3
"SD",2017,21.3
"CT",2013,21.3
"CT",2013,21.3
"ID",2019,21.3
"MO",2015,21.3
"ND",2011,21.3
"AR",2015,21.3
"AL",2013,21.3
"SD",2011,21.3
"WY",2011,21.3
"LA",2015,21.3
"KS",2013,21.3
"IA",2017,21.4
"TX",2011,21.4
"ME",2013,21.4
"OK",2013,21.4
"DE",2013,21.4
"DE",2017,21.4
"MS",2017,21.4
"AL",2011,21.4
"TX",2013,21.4
"AR",2011,21.4
"PA",2015,21.4
"SD",2013,21.4
"RI",2013,21.4
"OK",2013,21.4
"LA",2015,21.4
"KS",2011,21.4
"WV",2013,21.4
"NE",2011,21.5
"SD",2011,21.5
"NY",2011,21.5
"NE",2015,21.5
"KY",2011,21.5
"TX",2013,21.5
"ME",2015,21.5
"WV",2011,21.5
"FL",2013,21.5
"WV",2019,21.5
"LA",2015,21.5
"WV",2019,21.5
"MS",2013,21.5
"SD",2015,21.5
"NV",2015,21.5
"OK",2013,21.5
"MS",2011,21.5
"MO",2011,21.5
"SC",2013,21.5
"ND",2015,21.5
"OH",2017,21.6
"AR",2017,21.6
"PA",2017,21.6
"OK",2017,21.6
"OR",2017,21.6
"MI",2015,21.6
"PA",2013,21.6
"IL",2011,21.6
"SC",2011,21.6
"IA",2017,21.6
"ND",2017,21.6
"GA",2011,21.6
"WI",2015,21.6
"SC",2011,21.6
"IA",2013,21.6
"KY",2015,21.6
"IN",2013,21.6
"MA",2017,21.7
"MD",2017,21.7
"MA",2017,21.7
"MI",2011,21.7
"AR",2017,21.7
"WY",2013,21.7
"KS",2017,21.7
"GA",2013,21.7
"TN",2017,21.7
"AL",2015,21.7
"OK",2015,21.7
"IN",2013,21.7
"TX",2013,21.7
"MI",2013,21.7
"NH",2015,21.7
"OH",2013,21.7
"WI",2011,21.7
"MO",2011,21.7
"AR",2017,21.8
"KY",2017,21.8
"MN",2017,21.8
"PA",2017,21.8
"MS",2013,21.8
"SC",2013,21.8
"NM",2013,21.8
"KS",2015,21.8
"MO",2017,21.8
"TX",2019,21.8
"FL",2013,21.8
"IN",2011,21.8
"WV",2019,21.8
"OK",2015,21.8
"KY",2011,21.8
"SC",2013,21.8
"SD",2013,21.8
"IN",2017,21.9
"KS",2017,21.9
"NC",2017,21.9
"WV",2017,21.9
"PA",2011,21.9
"ND",2013,21.9
"KS",2011,21.9
"NY",2011,21.9
"OK",2017,21.9
"NE",2011,21.9
"MO",2017,21.9
"MA",2017,21.9
"OK",2011,21.9
"MA",2019,21.9
"AL",2013,21.9
"ME",2015,21.9
"MO",2015,21.9
"FL",2011,21.9
"KS",2017,22
"AR",2017,22
"IN",2011,22
"WI",2011,22
"CT",2017,22
"ND",2015,22
"KY",2013,22
"SC",2011,22
"PA",2019,22
"IA",2015,22
"PA",2013,22
"AZ",2015,22
"KY",2013,22
"VT",2011,22
"LA",2015,22.1
"LA",2017,22.1
"OK",2017,22.1
"TN",2017,22.1
"IL",2013,22.1
"IN",2013,22.1
"ID",2011,22.1
"SD",2013,22.1
"ND",2017,22.1
"AL",2017,22.1
"MO",2017,22.1
"TX",2017,22.1
"WV",2019,22.1
"DE",2019,22.1
"CT",2011,22.1
"KY",2011,22.1
"AZ",2013,22.1
"MT",2011,22.1
"KS",2013,22.1
"WI",2015,22.1
"KY",2013,22.1
"IN",2015,22.1
"MI",2017,22.2
"NJ",2011,22.2
"TN",2015,22.2
"WV",2013,22.2
"OH",2013,22.2
"MS",2015,22.2
"AL",2019,22.2
"MO",2019,22.2
"MN",2011,22.2
"IL",2011,22.2
"AR",2015,22.2
"DE",2015,22.2
"ID",2013,22.2
"MA",2011,22.2
"IL",2015,22.2
"NE",2017,22.3
"MT",2015,22.3
"IA",2017,22.3
"AR",2013,22.3
"MS",2019,22.3
"LA",2011,22.3
"ME",2011,22.3
"CO",2019,22.3
"MS",2019,22.3
"WI",2015,22.3
"IA",2011,22.3
"OK",2015,22.3
"AR",2013,22.3
"NV",2011,22.3
"AR",2011,22.3
"NC",2011,22.3
"IN",2017,22.4
"OR",2017,22.4
"ME",2017,22.4
"MA",2017,22.4
"SD",2017,22.4
"NJ",2011,22.4
"AL",2019,22.4
"NV",2011,22.4
"MS",2019,22.4
"WY",2013,22.4
"MI",2011,22.4
"SC",2011,22.4
"IA",2015,22.4
"LA",2011,22.4
"GA",2015,22.4
"IN",2011,22.4
"NC",2013,22.4
"NJ",2015,22.4
"WV",2017,22.5
"NC",2011,22.5
"RI",2013,22.5
"MO",2017,22.5
"RI",2017,22.5
"RI",2017,22.5
"KY",2011,22.5
"KS",2011,22.5
"TX",2013,22.5
"NY",2013,22.5
"ND",2011,22.5
"RI",2015,22.5
"NC",2011,22.5
"NE",2011,22.5
"VT",2015,22.5
"LA",2011,22.5
"OH",2017,22.6
"ME",2017,22.6
"IA",2017,22.6
"MA",2011,22.6
"AZ",2015,22.6
"WY",2013,22.6
"RI",2011,22.6
"WV",2017,22.6
"MI",2017,22.6
"NC",2017,22.6
"TN",2017,22.6
"TN",2017,22.6
"NY",2015,22.6
"ME",2017,22.6
"RI",2013,22.6
"TX",2011,22.6
"MD",2015,22.6
"KY",2013,22.6
"OH",2015,22.6
"AL",2015,22.6
"OR",2013,22.6
"MO",2015,22.6
"NC",2017,22.7
"KY",2017,22.7
"GA",2017,22.7
"KS",2017,22.7
"AL",2015,22.7
"SC",2011,22.7
"SD",2011,22.7
"WV",2017,22.7
"IN",2011,22.7
"NE",2017,22.7
"RI",2015,22.7
"WV",2015,22.7
"NE",2013,22.7
"TX",2011,22.7
"MO",2011,22.7
"NM",2015,22.7
"NY",2011,22.7
"OR",2011,22.7
"SD",2011,22.7
"MT",2011,22.7
"NH",2015,22.7
"OH",2013,22.7
"NV",2015,22.7
"TN",2015,22.7
"MA",2015,22.7
"TN",2017,22.8
"DE",2017,22.8
"MI",2015,22.8
"MI",2013,22.8
"NM",2011,22.8
"MS",2011,22.8
"ND",2015,22.8
"IN",2011,22.8
"ND",2015,22.8
"IN",2013,22.8
"DE",2013,22.8
"OH",2013,22.8
"MD",2011,22.8
"AR",2011,22.8
"NE",2013,22.8
"NV",2013,22.8
"IL",2013,22.8
"NH",2011,22.8
"LA",2011,22.8
"MS",2017,22.9
"MS",2011,22.9
"KS",2015,22.9
"NV",2011,22.9
"AZ",2011,22.9
"AR",2017,22.9
"IN",2011,22.9
"AL",2011,22.9
"SD",2017,22.9
"AL",2017,22.9
"KS",2017,22.9
"FL",2011,22.9
"AZ",2013,22.9
"MO",2019,22.9
"NE",2013,22.9
"ND",2011,22.9
"GA",2013,22.9
"AL",2013,22.9
"ND",2011,22.9
"FL",2015,22.9
"KS",2013,22.9
"PA",2011,22.9
"TX",2017,23
"NE",2017,23
"IA",2011,23
"IN",2015,23
"MN",2013,23
"ME",2011,23
"PA",2017,23
"WV",2013,23
"CO",2015,23
"RI",2011,23
"IN",2015,23
"VT",2013,23
"CT",2011,23
"MT",2013,23
"IA",2013,23
"CT",2013,23
"MS",2013,23
"ME",2011,23
"WI",2011,23
"MS",2015,23
"MI",2011,23
"RI",2015,23
"GA",2013,23
"LA",2015,23
"SD",2017,23.1
"CT",2017,23.1
"WI",2017,23.1
"OH",2015,23.1
"RI",2015,23.1
"LA",2011,23.1
"MI",2017,23.1
"AL",2013,23.1
"IL",2013,23.1
"VA",2017,23.1
"MS",2017,23.1
"OK",2011,23.1
"NV",2011,23.1
"MS",2019,23.1
"NC",2019,23.1
"AR",2015,23.1
"MO",2019,23.1
"MO",2015,23.1
"OR",2011,23.1
"MO",2015,23.1
"MO",2011,23.1
"RI",2015,23.1
"WV",2015,23.1
"NE",2011,23.1
"VT",2011,23.1
"ME",2013,23.1
"MO",2017,23.2
"KS",2017,23.2
"SD",2017,23.2
"SC",2017,23.2
"MT",2011,23.2
"NH",2011,23.2
"DE",2015,23.2
"OR",2015,23.2
"KY",2011,23.2
"WI",2015,23.2
"NV",2019,23.2
"SC",2013,23.2
"TX",2011,23.2
"NV",2013,23.2
"NC",2011,23.2
"OR",2015,23.2
"WY",2011,23.2
"AL",2011,23.2
"IN",2011,23.2
"SD",2013,23.2
"SD",2015,23.2
"RI",2013,23.2
"OK",2011,23.2
"SD",2013,23.2
"KY",2015,23.2
"AZ",2017,23.3
"AR",2015,23.3
"HI",2011,23.3
"PA",2011,23.3
"KS",2015,23.3
"CA",2017,23.3
"MS",2019,23.3
"AK",2011,23.3
"WY",2015,23.3
"NV",2019,23.3
"TX",2015,23.3
"SC",2015,23.3
"LA",2013,23.3
"SD",2015,23.3
"TN",2013,23.3
"IA",2011,23.3
"NE",2013,23.3
"GA",2015,23.3
"KY",2011,23.3
"SC",2013,23.3
"ID",2015,23.3
"OK",2015,23.3
"MD",2011,23.3
"RI",2017,23.4
"IN",2017,23.4
"LA",2017,23.4
"MD",2013,23.4
"ND",2015,23.4
"AL",2011,23.4
"KS",2011,23.4
"KS",2013,23.4
"WA",2011,23.4
"GA",2017,23.4
"KS",2013,23.4
"VT",2013,23.4
"ND",2013,23.4
"OK",2019,23.4
"TN",2015,23.4
"AZ",2011,23.4
"MA",2015,23.4
"OK",2013,23.4
"NE",2015,23.4
"AZ",2015,23.4
"GA",2011,23.4
"KS",2015,23.4
"WY",2013,23.4
"CT",2013,23.4
"ME",2013,23.4
"PA",2011,23.4
"KY",2015,23.4
"SC",2017,23.5
"AL",2017,23.5
"IA",2017,23.5
"MN",2011,23.5
"LA",2011,23.5
"GA",2013,23.5
"SC",2017,23.5
"ND",2013,23.5
"WV",2019,23.5
"OH",2015,23.5
"RI",2011,23.5
"NJ",2013,23.5
"MO",2013,23.5
"VA",2011,23.5
"NV",2017,23.6
"OR",2015,23.6
"ND",2013,23.6
"MI",2013,23.6
"AK",2015,23.6
"IN",2017,23.6
"MS",2017,23.6
"OH",2015,23.6
"VT",2017,23.6
"MS",2017,23.6
"AL",2013,23.6
"MO",2019,23.6
"IN",2015,23.6
"ME",2013,23.6
"NC",2011,23.6
"GA",2015,23.6
"MO",2019,23.6
"FL",2011,23.6
"ME",2011,23.6
"MN",2011,23.6
"FL",2013,23.6
"PA",2015,23.6
"SC",2011,23.6
"TX",2015,23.6
"AK",2015,23.6
"OH",2013,23.6
"NC",2013,23.6
"ME",2015,23.6
"OR",2017,23.7
"SC",2017,23.7
"AL",2019,23.7
"AL",2019,23.7
"MO",2019,23.7
"NC",2019,23.7
"ND",2013,23.7
"KS",2013,23.7
"TN",2015,23.7
"LA",2015,23.7
"OK",2013,23.7
"OK",2013,23.7
"OK",2015,23.7
"WY",2011,23.7
"FL",2011,23.7
"WV",2017,23.8
"WV",2017,23.8
"CO",2017,23.8
"ME",2017,23.8
"UT",2011,23.8
"AR",2017,23.8
"AL",2017,23.8
"OH",2011,23.8
"GA",2011,23.8
"KY",2019,23.8
"IN",2011,23.8
"OK",2011,23.8
"KS",2013,23.8
"AR",2011,23.8
"OH",2013,23.8
"GA",2011,23.8
"TX",2011,23.8
"TN",2013,23.8
"NH",2013,23.8
"NC",2013,23.8
"RI",2011,23.8
"IN",2013,23.8
"WV",2017,23.9
"ID",2017,23.9
"NC",2017,23.9
"CT",2013,23.9
"HI",2017,23.9
"VT",2013,23.9
"VA",2019,23.9
"OK",2019,23.9
"NJ",2015,23.9
"KS",2013,23.9
"LA",2011,23.9
"MN",2013,23.9
"OK",2019,23.9
"WY",2013,23.9
"ID",2013,23.9
"AL",2015,23.9
"ID",2011,23.9
"LA",2015,23.9
"OH",2013,23.9
"OH",2013,23.9
"MS",2011,23.9
"MA",2013,23.9
"MO",2017,24
"TN",2015,24
"SC",2017,24
"DE",2017,24
"FL",2017,24
"KS",2011,24
"NC",2019,24
"AL",2019,24
"CA",2015,24
"MO",2013,24
"WV",2019,24
"WY",2015,24
"SD",2013,24
"PA",2013,24
"WI",2013,24
"PA",2013,24
"MO",2013,24
"MD",2011,24
"LA",2011,24
"IA",2015,24
"AR",2013,24
"OK",2017,24.1
"MA",2017,24.1
"ND",2017,24.1
"WV",2017,24.1
"DE",2017,24.1
"SC",2017,24.1
"TX",2011,24.1
"MO",2015,24.1
"FL",2017,24.1
"SD",2017,24.1
"NH",2017,24.1
"IA",2011,24.1
"TX",2013,24.1
"KY",2019,24.1
"NH",2011,24.1
"IA",2011,24.1
"NE",2013,24.1
"PA",2015,24.1
"NV",2011,24.1
"SC",2015,24.1
"OH",2011,24.1
"KY",2013,24.1
"SC",2013,24.1
"IA",2013,24.1
"NE",2017,24.2
"IN",2017,24.2
"DE",2017,24.2
"NE",2017,24.2
"WY",2017,24.2
"IN",2013,24.2
"MO",2011,24.2
"NC",2015,24.2
"AR",2011,24.2
"OK",2011,24.2
"DE",2017,24.2
"MI",2015,24.2
"LA",2017,24.2
"NY",2017,24.2
"MA",2019,24.2
"IN",2019,24.2
"GA",2015,24.2
"CT",2013,24.2
"OH",2013,24.2
"NC",2015,24.2
"IL",2013,24.2
"OK",2011,24.2
"MO",2015,24.2
"AK",2011,24.2
"TX",2011,24.2
"SC",2013,24.2
"AK",2015,24.2
"ID",2011,24.2
"NE",2011,24.2
"KS",2013,24.2
"SC",2015,24.2
"LA",2011,24.2
"ME",2015,24.2
"MS",2011,24.2
"MI",2011,24.2
"NH",2017,24.3
"TN",2017,24.3
"NY",2013,24.3
"TN",2015,24.3
"AL",2015,24.3
"IL",2017,24.3
"OK",2013,24.3
"KY",2015,24.3
"ME",2019,24.3
"ME",2015,24.3
"WI",2011,24.3
"NC",2013,24.3
"IA",2013,24.3
"OH",2013,24.3
"ID",2015,24.3
"RI",2011,24.3
"PA",2013,24.3
"MS",2013,24.3
"IN",2015,24.3
"TX",2011,24.3
"UT",2011,24.3
"WI",2015,24.3
"MD",2015,24.3
"NE",2011,24.3
"CT",2013,24.3
"AL",2017,24.4
"RI",2017,24.4
"ND",2017,24.4
"ME",2017,24.4
"MT",2013,24.4
"FL",2013,24.4
"CA",2011,24.4
"AR",2015,24.4
"SC",2015,24.4
"LA",2017,24.4
"NY",2017,24.4
"TN",2013,24.4
"MI",2015,24.4
"MI",2011,24.4
"ID",2019,24.4
"PA",2015,24.4
"NH",2011,24.4
"NV",2013,24.4
"ID",2013,24.4
"VA",2011,24.4
"MA",2013,24.4
"TN",2013,24.4
"NE",2013,24.4
"MI",2015,24.4
"CT",2015,24.4
"AZ",2013,24.4
"OH",2011,24.4
"LA",2011,24.4
"MS",2011,24.4
"WI",2015,24.4
"IN",2013,24.4
"MA",2011,24.4
"DE",2015,24.4
"OK",2017,24.5
"AL",2017,24.5
"NY",2017,24.5
"RI",2017,24.5
"SC",2017,24.5
"PA",2013,24.5
"WY",2011,24.5
"WI",2013,24.5
"IA",2015,24.5
"NY",2013,24.5
"HI",2011,24.5
"MI",2013,24.5
"ID",2017,24.5
"TX",2017,24.5
"PA",2017,24.5
"TX",2017,24.5
"AR",2011,24.5
"NJ",2015,24.5
"NV",2019,24.5
"MS",2015,24.5
"NJ",2011,24.5
"NC",2015,24.5
"CA",2019,24.5
"AK",2019,24.5
"NM",2013,24.5
"WI",2013,24.5
"AZ",2015,24.5
"KS",2011,24.5
"MA",2015,24.5
"ME",2013,24.5
"AK",2011,24.5
"NE",2011,24.5
"KY",2013,24.5
"VT",2015,24.5
"IN",2015,24.5
"CA",2013,24.5
"IA",2011,24.5
"VT",2013,24.5
"NV",2017,24.6
"AR",2017,24.6
"NE",2017,24.6
"NE",2017,24.6
"OK",2017,24.6
"IN",2017,24.6
"OH",2011,24.6
"VT",2011,24.6
"SD",2011,24.6
"VT",2015,24.6
"MO",2015,24.6
"SD",2015,24.6
"NY",2013,24.6
"SC",2011,24.6
"MI",2011,24.6
"AL",2019,24.6
"MT",2011,24.6
"MT",2011,24.6
"VA",2015,24.6
"SD",2013,24.6
"MD",2011,24.6
"NE",2015,24.6
"RI",2013,24.6
"ID",2015,24.6
"MI",2017,24.7
"RI",2017,24.7
"DE",2017,24.7
"NV",2017,24.7
"MN",2017,24.7
"ME",2015,24.7
"ND",2011,24.7
"WI",2013,24.7
"NM",2013,24.7
"KS",2011,24.7
"UT",2017,24.7
"AR",2011,24.7
"KS",2015,24.7
"IN",2017,24.7
"VA",2017,24.7
"LA",2017,24.7
"TX",2019,24.7
"CT",2015,24.7
"NM",2011,24.7
"OK",2019,24.7
"WV",2015,24.7
"IL",2015,24.7
"FL",2015,24.7
"NY",2011,24.7
"IN",2013,24.7
"OR",2013,24.7
"OH",2015,24.7
"ME",2015,24.7
"WI",2013,24.7
"WV",2011,24.7
"NC",2011,24.7
"GA",2013,24.7
"MI",2013,24.7
"MS",2011,24.7
"MO",2011,24.7
"AL",2011,24.7
"OH",2017,24.8
"NY",2017,24.8
"MO",2017,24.8
"NC",2013,24.8
"MO",2011,24.8
"PA",2015,24.8
"NC",2017,24.8
"NC",2017,24.8
"TX",2017,24.8
"KY",2017,24.8
"KY",2013,24.8
"MO",2019,24.8
"WI",2011,24.8
"WY",2011,24.8
"MS",2015,24.8
"GA",2015,24.8
"GA",2015,24.8
"IN",2015,24.8
"MI",2013,24.8
"GA",2013,24.8
"IA",2015,24.8
"CO",2015,24.8
"VA",2013,24.8
"MO",2011,24.8
"OH",2017,24.9
"ME",2017,24.9
"SD",2017,24.9
"MI",2017,24.9
"OK",2017,24.9
"RI",2017,24.9
"MT",2017,24.9
"KY",2011,24.9
"NV",2013,24.9
"UT",2017,24.9
"WV",2011,24.9
"KY",2013,24.9
"ME",2019,24.9
"NE",2015,24.9
"OK",2019,24.9
"MO",2019,24.9
"IL",2011,24.9
"SC",2011,24.9
"AZ",2013,24.9
"FL",2011,24.9
"RI",2013,24.9
"OR",2011,24.9
"AZ",2013,24.9
"TX",2015,24.9
"AL",2013,24.9
"IA",2015,24.9
"DE",2015,24.9
"ME",2011,24.9
"TX",2017,25
"KY",2017,25
"OR",2017,25
"NM",2017,25
"ME",2017,25
"CT",2015,25
"NE",2015,25
"MT",2011,25
"CO",2011,25
"MD",2017,25
"NJ",2017,25
"OH",2017,25
"SC",2011,25
"NY",2015,25
"MN",2015,25
"CA",2019,25
"MO",2013,25
"NJ",2013,25
"IN",2013,25
"GA",2013,25
"FL",2013,25
"NJ",2011,25
"NH",2013,25
"IA",2013,25
"NH",2013,25
"MS",2011,25
"MI",2011,25
"CO",2011,25
"AZ",2011,25
"OH",2011,25
"CA",2013,25
"OK",2017,25.1
"NV",2017,25.1
"WV",2017,25.1
"KS",2015,25.1
"KS",2011,25.1
"OH",2011,25.1
"NY",2015,25.1
"OK",2011,25.1
"MD",2011,25.1
"OH",2017,25.1
"MS",2017,25.1
"AR",2011,25.1
"OK",2019,25.1
"WV",2015,25.1
"MS",2019,25.1
"ID",2019,25.1
"WV",2019,25.1
"MO",2013,25.1
"AR",2011,25.1
"LA",2013,25.1
"NY",2015,25.1
"IL",2013,25.1
"MI",2011,25.1
"CA",2011,25.1
"NY",2011,25.1
"LA",2011,25.1
"MD",2011,25.1
"MO",2015,25.1
"AL",2013,25.1
"KS",2017,25.2
"MT",2017,25.2
"ID",2011,25.2
"HI",2011,25.2
"SD",2015,25.2
"AR",2017,25.2
"IL",2017,25.2
"RI",2015,25.2
"FL",2015,25.2
"WV",2019,25.2
"NE",2011,25.2
"UT",2013,25.2
"ND",2015,25.2
"VT",2011,25.2
"NC",2011,25.2
"FL",2015,25.2
"NC",2015,25.2
"MI",2011,25.2
"IN",2013,25.2
"FL",2011,25.2
"CT",2011,25.2
"FL",2013,25.2
"DE",2011,25.2
"OR",2013,25.2
"NY",2011,25.2
"IA",2011,25.2
"TN",2011,25.2
"LA",2017,25.3
"HI",2017,25.3
"PA",2015,25.3
"MO",2015,25.3
"TX",2015,25.3
"FL",2017,25.3
"OK",2011,25.3
"MD",2017,25.3
"MO",2011,25.3
"NH",2011,25.3
"WA",2011,25.3
"OK",2019,25.3
"OH",2015,25.3
"FL",2015,25.3
"OH",2013,25.3
"TN",2013,25.3
"VA",2013,25.3
"FL",2013,25.3
"MS",2013,25.3
"MI",2013,25.3
"LA",2011,25.3
"VT",2017,25.4
"FL",2017,25.4
"TX",2013,25.4
"NY",2015,25.4
"OR",2017,25.4
"NC",2017,25.4
"ND",2015,25.4
"ID",2017,25.4
"NY",2011,25.4
"IL",2013,25.4
"ND",2013,25.4
"MN",2011,25.4
"ME",2019,25.4
"MO",2019,25.4
"WV",2019,25.4
"NH",2011,25.4
"NJ",2015,25.4
"OR",2015,25.4
"WY",2015,25.4
"AR",2013,25.4
"ME",2011,25.4
"FL",2013,25.4
"IA",2013,25.4
"RI",2015,25.4
"AL",2011,25.4
"NM",2017,25.5
"MN",2017,25.5
"VA",2017,25.5
"DE",2017,25.5
"NY",2017,25.5
"VT",2017,25.5
"WI",2017,25.5
"WA",2011,25.5
"IA",2011,25.5
"ID",2015,25.5
"TX",2013,25.5
"MO",2017,25.5
"AZ",2017,25.5
"MA",2017,25.5
"GA",2017,25.5
"OK",2017,25.5
"ND",2013,25.5
"NY",2013,25.5
"TN",2017,25.5
"NC",2019,25.5
"MA",2015,25.5
"NJ",2011,25.5
"NE",2015,25.5
"MS",2019,25.5
"AL",2013,25.5
"OK",2019,25.5
"CT",2015,25.5
"IL",2015,25.5
"IN",2013,25.5
"OK",2015,25.5
"IL",2015,25.5
"NJ",2011,25.5
"MA",2015,25.5
"VA",2015,25.5
"NC",2015,25.5
"SC",2015,25.5
"NE",2011,25.5
"TN",2015,25.5
"OK",2011,25.5
"NV",2011,25.5
"CT",2017,25.6
"VT",2017,25.6
"MS",2017,25.6
"OH",2017,25.6
"NH",2017,25.6
"OH",2017,25.6
"ME",2011,25.6
"IN",2015,25.6
"MA",2011,25.6
"MS",2011,25.6
"DE",2013,25.6
"FL",2011,25.6
"MT",2017,25.6
"AR",2017,25.6
"IL",2017,25.6
"RI",2017,25.6
"DE",2015,25.6
"NY",2013,25.6
"OK",2019,25.6
"PA",2019,25.6
"ME",2019,25.6
"MO",2013,25.6
"LA",2013,25.6
"AR",2019,25.6
"KY",2019,25.6
"IN",2013,25.6
"WA",2011,25.6
"WA",2011,25.6
"KY",2015,25.6
"NY",2015,25.6
"NE",2011,25.6
"OK",2015,25.6
"KS",2015,25.6
"RI",2011,25.6
"MO",2015,25.6
"SD",2011,25.6
"OR",2015,25.6
"OK",2013,25.6
"IN",2015,25.6
"VT",2013,25.6
"IL",2013,25.6
"ME",2011,25.6
"MI",2013,25.6
"OK",2017,25.7
"MO",2017,25.7
"CT",2017,25.7
"KS",2017,25.7
"RI",2017,25.7
"RI",2017,25.7
"ND",2015,25.7
"LA",2013,25.7
"ME",2013,25.7
"DE",2011,25.7
"HI",2011,25.7
"TX",2017,25.7
"NC",2015,25.7
"AZ",2017,25.7
"WI",2015,25.7
"AR",2017,25.7
"NH",2015,25.7
"VT",2013,25.7
"OK",2019,25.7
"KY",2019,25.7
"AL",2015,25.7
"WA",2013,25.7
"SD",2011,25.7
"ME",2013,25.7
"WA",2015,25.7
"WA",2011,25.7
"OK",2011,25.7
"MA",2015,25.7
"IA",2015,25.7
"DE",2011,25.7
"KS",2015,25.7
"PA",2017,25.8
"ND",2011,25.8
"VT",2011,25.8
"MN",2013,25.8
"IN",2011,25.8
"MD",2011,25.8
"MN",2011,25.8
"TX",2011,25.8
"KS",2017,25.8
"IN",2017,25.8
"SD",2017,25.8
"WA",2013,25.8
"NY",2017,25.8
"RI",2011,25.8
"KS",2011,25.8
"WI",2013,25.8
"IA",2017,25.8
"FL",2017,25.8
"SD",2011,25.8
"KS",2017,25.8
"ID",2019,25.8
"KY",2019,25.8
"AR",2019,25.8
"MA",2015,25.8
"MS",2019,25.8
"VA",2013,25.8
"MI",2015,25.8
"ND",2013,25.8
"WV",2011,25.8
"OK",2013,25.8
"KY",2013,25.8
"SD",2011,25.8
"AK",2013,25.8
"ID",2011,25.8
"MO",2013,25.8
"IA",2013,25.8
"MI",2013,25.8
"NC",2015,25.8
"IL",2011,25.8
"NV",2011,25.8
"NY",2015,25.8
"SD",2015,25.8
"RI",2013,25.8
"NC",2011,25.8
"NE",2011,25.8
"ID",2011,25.8
"MS",2017,25.9
"AR",2017,25.9
"MD",2013,25.9
"AK",2011,25.9
"MI",2015,25.9
"OR",2015,25.9
"VA",2017,25.9
"NJ",2017,25.9
"MD",2011,25.9
"AZ",2017,25.9
"OR",2011,25.9
"SC",2011,25.9
"GA",2015,25.9
"ND",2013,25.9
"UT",2013,25.9
"ME",2015,25.9
"HI",2015,25.9
"ME",2015,25.9
"WA",2013,25.9
"ND",2011,25.9
"LA",2013,25.9
"NJ",2011,25.9
"CT",2011,25.9
"TN",2011,25.9
"DE",2011,25.9
"OR",2011,25.9
"WY",2017,26
"AL",2017,26
"FL",2017,26
"PA",2017,26
"WI",2017,26
"MD",2017,26
"NH",2011,26
"MS",2013,26
"OR",2015,26
"WI",2015,26
"NV",2017,26
"NH",2017,26
"GA",2011,26
"PA",2015,26
"NJ",2011,26
"NE",2013,26
"WI",2015,26
"IA",2013,26
"OR",2015,26
"ID",2015,26
"NE",2015,26
"ID",2013,26
"IN",2011,26
"IA",2011,26
"AK",2013,26
"SC",2017,26.1
"NC",2017,26.1
"SC",2017,26.1
"ME",2017,26.1
"AK",2017,26.1
"OK",2017,26.1
"KS",2013,26.1
"GA",2011,26.1
"TX",2015,26.1
"SD",2011,26.1
"MT",2013,26.1
"WI",2017,26.1
"MA",2013,26.1
"MO",2013,26.1
"RI",2017,26.1
"MD",2017,26.1
"KS",2013,26.1
"WV",2019,26.1
"NM",2015,26.1
"AR",2013,26.1
"OH",2011,26.1
"OK",2019,26.1
"MA",2019,26.1
"VT",2015,26.1
"NJ",2015,26.1
"MA",2013,26.1
"ID",2015,26.1
"AZ",2015,26.1
"MI",2015,26.1
"NJ",2015,26.1
"HI",2015,26.1
"FL",2015,26.1
"NV",2015,26.1
"TN",2015,26.1
"OK",2011,26.1
"WA",2015,26.1
"WV",2011,26.1
"NJ",2017,26.2
"MS",2017,26.2
"VA",2015,26.2
"AL",2011,26.2
"AZ",2015,26.2
"UT",2015,26.2
"HI",2015,26.2
"MS",2017,26.2
"ID",2013,26.2
"MN",2011,26.2
"UT",2017,26.2
"MO",2019,26.2
"ID",2019,26.2
"LA",2015,26.2
"MO",2013,26.2
"OK",2015,26.2
"ID",2013,26.2
"WI",2011,26.2
"NJ",2015,26.2
"MO",2011,26.2
"MD",2015,26.2
"IL",2013,26.2
"FL",2013,26.2
"CT",2013,26.2
"VA",2011,26.2
"SC",2011,26.2
"ME",2011,26.2
"OK",2011,26.2
"VT",2013,26.2
"MA",2017,26.3
"ND",2017,26.3
"MN",2017,26.3
"WI",2017,26.3
"IL",2017,26.3
"DE",2017,26.3
"IN",2015,26.3
"AL",2013,26.3
"HI",2015,26.3
"DE",2013,26.3
"DE",2011,26.3
"IA",2017,26.3
"OR",2017,26.3
"KY",2011,26.3
"OH",2011,26.3
"VT",2017,26.3
"OK",2017,26.3
"ME",2011,26.3
"NE",2017,26.3
"CA",2017,26.3
"NJ",2015,26.3
"SC",2017,26.3
"MA",2019,26.3
"OH",2013,26.3
"LA",2013,26.3
"AK",2019,26.3
"CA",2011,26.3
"MN",2013,26.3
"IL",2011,26.3
"GA",2013,26.3
"VA",2013,26.3
"DE",2015,26.3
"AZ",2013,26.3
"ND",2015,26.3
"SD",2013,26.3
"NV",2015,26.3
"WI",2015,26.3
"KS",2011,26.3
"NY",2015,26.3
"SC",2013,26.3
"MA",2017,26.4
"VT",2017,26.4
"UT",2017,26.4
"IN",2017,26.4
"IL",2017,26.4
"OK",2013,26.4
"DE",2013,26.4
"DE",2011,26.4
"OH",2017,26.4
"KY",2017,26.4
"WY",2015,26.4
"OH",2019,26.4
"TN",2013,26.4
"AL",2019,26.4
"MO",2019,26.4
"DE",2013,26.4
"MA",2013,26.4
"ME",2015,26.4
"VT",2013,26.4
"DE",2013,26.4
"KY",2011,26.4
"NY",2011,26.4
"AK",2015,26.4
"VT",2011,26.4
"CT",2015,26.4
"MO",2013,26.4
"NJ",2013,26.4
"NH",2013,26.5
"ND",2017,26.5
"IL",2017,26.5
"MI",2017,26.5
"IL",2017,26.5
"MT",2013,26.5
"AZ",2011,26.5
"NV",2013,26.5
"ND",2015,26.5
"KS",2013,26.5
"WI",2011,26.5
"CT",2013,26.5
"OR",2017,26.5
"RI",2017,26.5
"MI",2017,26.5
"GA",2017,26.5
"MO",2017,26.5
"OH",2015,26.5
"KS",2015,26.5
"NJ",2013,26.5
"AR",2013,26.5
"AL",2019,26.5
"MA",2019,26.5
"NC",2019,26.5
"UT",2015,26.5
"TN",2013,26.5
"IL",2011,26.5
"MS",2011,26.5
"KY",2013,26.5
"NJ",2013,26.5
"MI",2015,26.5
"IA",2015,26.5
"WA",2011,26.5
"TX",2015,26.5
"MT",2011,26.5
"ME",2011,26.5
"NM",2013,26.5
"WV",2015,26.5
"WY",2013,26.5
"ID",2015,26.5
"FL",2015,26.5
"MS",2015,26.5
"TN",2017,26.6
"MN",2017,26.6
"TN",2017,26.6
"PA",2017,26.6
"ID",2015,26.6
"MT",2015,26.6
"KS",2017,26.6
"NJ",2017,26.6
"WI",2013,26.6
"MA",2017,26.6
"IL",2015,26.6
"WI",2011,26.6
"SC",2011,26.6
"NE",2019,26.6
"ME",2019,26.6
"WY",2013,26.6
"MN",2015,26.6
"ND",2019,26.6
"MS",2019,26.6
"TN",2011,26.6
"AR",2015,26.6
"HI",2011,26.6
"CT",2011,26.6
"TX",2015,26.6
"WI",2013,26.6
"WA",2013,26.6
"UT",2015,26.6
"KY",2011,26.6
"MD",2013,26.6
"ND",2013,26.6
"MN",2011,26.6
"AK",2011,26.6
"SD",2017,26.7
"MO",2017,26.7
"AZ",2013,26.7
"AL",2013,26.7
"AZ",2015,26.7
"AR",2013,26.7
"MD",2015,26.7
"IN",2011,26.7
"ND",2011,26.7
"CA",2011,26.7
"LA",2017,26.7
"AZ",2011,26.7
"MD",2017,26.7
"OK",2013,26.7
"WY",2013,26.7
"MS",2019,26.7
"CT",2011,26.7
"CA",2019,26.7
"NV",2013,26.7
"AZ",2013,26.7
"WI",2015,26.7
"MA",2015,26.7
"MD",2013,26.7
"AL",2015,26.7
"NE",2013,26.7
"NM",2011,26.7
"MA",2013,26.7
"NJ",2015,26.7
"CA",2011,26.7
"WY",2017,26.8
"NY",2017,26.8
"KS",2013,26.8
"WY",2017,26.8
"WV",2015,26.8
"TX",2015,26.8
"TN",2017,26.8
"UT",2017,26.8
"CT",2017,26.8
"ME",2015,26.8
"VA",2019,26.8
"OR",2019,26.8
"ID",2019,26.8
"KY",2019,26.8
"MS",2019,26.8
"WV",2013,26.8
"PA",2015,26.8
"WY",2011,26.8
"NC",2013,26.8
"UT",2015,26.8
"IA",2011,26.8
"IL",2011,26.8
"WA",2015,26.8
"SD",2015,26.8
"MN",2017,26.9
"NE",2017,26.9
"HI",2011,26.9
"SD",2015,26.9
"ND",2017,26.9
"ID",2017,26.9
"ID",2011,26.9
"PA",2013,26.9
"NY",2013,26.9
"WI",2017,26.9
"NH",2017,26.9
"SD",2017,26.9
"RI",2013,26.9
"WV",2019,26.9
"MD",2013,26.9
"RI",2019,26.9
"FL",2013,26.9
"ND",2011,26.9
"WA",2015,26.9
"GA",2011,26.9
"WV",2011,26.9
"GA",2013,26.9
"WV",2013,26.9
"UT",2013,26.9
"CT",2015,26.9
"AK",2011,26.9
"MI",2015,26.9
"MN",2011,26.9
"FL",2015,26.9
"OR",2013,26.9
"RI",2013,26.9
"ME",2013,26.9
"CT",2015,26.9
"MI",2017,27
"WV",2017,27
"CO",2013,27
"RI",2011,27
"TX",2017,27
"RI",2011,27
"KY",2017,27
"PA",2011,27
"NC",2019,27
"ID",2019,27
"AL",2011,27
"KY",2019,27
"MD",2011,27
"NE",2013,27
"MD",2013,27
"CT",2013,27
"IN",2015,27
"DE",2015,27
"PA",2011,27
"NE",2011,27
"WY",2011,27
"ND",2013,27
"GA",2015,27
"MN",2013,27
"KY",2015,27
"VT",2015,27
"MD",2011,27
"IA",2011,27
"MT",2011,27
"MS",2015,27
"GA",2011,27
"ND",2013,27
"SC",2013,27
"MI",2017,27.1
"OK",2017,27.1
"WY",2017,27.1
"FL",2017,27.1
"ME",2017,27.1
"MN",2017,27.1
"MN",2015,27.1
"RI",2013,27.1
"AL",2017,27.1
"WA",2017,27.1
"NV",2015,27.1
"PA",2011,27.1
"RI",2015,27.1
"CT",2019,27.1
"IA",2015,27.1
"UT",2011,27.1
"LA",2015,27.1
"CT",2011,27.1
"NC",2011,27.1
"PA",2011,27.1
"MI",2013,27.1
"AR",2013,27.1
"RI",2015,27.1
"SD",2015,27.1
"CA",2011,27.1
"OR",2011,27.1
"MT",2017,27.2
"TX",2017,27.2
"IA",2017,27.2
"IN",2017,27.2
"IA",2017,27.2
"HI",2011,27.2
"SC",2011,27.2
"VA",2015,27.2
"AR",2013,27.2
"NV",2017,27.2
"IN",2017,27.2
"NM",2017,27.2
"MO",2019,27.2
"AR",2013,27.2
"MD",2013,27.2
"WY",2011,27.2
"ID",2019,27.2
"CT",2015,27.2
"TX",2011,27.2
"FL",2011,27.2
"KS",2011,27.2
"LA",2015,27.2
"LA",2013,27.2
"ME",2013,27.2
"IL",2011,27.2
"FL",2011,27.2
"IA",2013,27.2
"AZ",2015,27.2
"PA",2013,27.2
"ND",2013,27.2
"VT",2011,27.2
"MI",2013,27.2
"MS",2011,27.2
"NM",2015,27.2
"MA",2013,27.2
"NV",2011,27.2
"AL",2017,27.3
"OR",2017,27.3
"TN",2017,27.3
"OH",2015,27.3
"PA",2011,27.3
"TX",2011,27.3
"SC",2013,27.3
"SC",2013,27.3
"VA",2013,27.3
"CT",2015,27.3
"NJ",2017,27.3
"AK",2015,27.3
"SD",2017,27.3
"IN",2011,27.3
"AR",2017,27.3
"ND",2019,27.3
"IN",2019,27.3
"CA",2013,27.3
"ND",2019,27.3
"LA",2015,27.3
"AR",2011,27.3
"IL",2015,27.3
"ID",2015,27.3
"NE",2015,27.3
"ID",2013,27.3
"WY",2011,27.3
"VT",2015,27.3
"MT",2015,27.3
"RI",2013,27.3
"NC",2013,27.3
"WY",2015,27.3
"SC",2011,27.3
"NH",2015,27.3
"CA",2015,27.3
"CT",2011,27.3
"DE",2015,27.3
"NV",2017,27.4
"KY",2017,27.4
"MO",2017,27.4
"IA",2017,27.4
"ME",2017,27.4
"GA",2017,27.4
"KS",2013,27.4
"CA",2013,27.4
"MN",2011,27.4
"SC",2017,27.4
"MT",2017,27.4
"NJ",2017,27.4
"NM",2017,27.4
"MD",2017,27.4
"LA",2015,27.4
"IA",2013,27.4
"WI",2019,27.4
"MT",2015,27.4
"AZ",2019,27.4
"IA",2013,27.4
"UT",2019,27.4
"MO",2015,27.4
"WA",2011,27.4
"NJ",2013,27.4
"ND",2011,27.4
"NM",2011,27.4
"MI",2013,27.4
"RI",2015,27.4
"ME",2011,27.4
"ND",2015,27.4
"VA",2011,27.4
"NC",2011,27.4
"NY",2015,27.4
"WV",2011,27.4
"WA",2013,27.4
"OH",2015,27.4
"MA",2015,27.4
"NM",2011,27.4
"SD",2011,27.4
"AZ",2017,27.5
"PA",2017,27.5
"NJ",2011,27.5
"ID",2015,27.5
"WY",2015,27.5
"ND",2015,27.5
"AL",2015,27.5
"VT",2013,27.5
"HI",2011,27.5
"HI",2015,27.5
"WY",2013,27.5
"DE",2017,27.5
"NE",2017,27.5
"VT",2017,27.5
"KS",2017,27.5
"AK",2013,27.5
"NM",2015,27.5
"NC",2019,27.5
"ME",2011,27.5
"AL",2019,27.5
"WY",2013,27.5
"SC",2015,27.5
"MT",2013,27.5
"KY",2011,27.5
"PA",2011,27.5
"NC",2011,27.5
"IA",2011,27.5
"MN",2011,27.5
"CA",2015,27.5
"WA",2011,27.5
"PA",2013,27.5
"NY",2015,27.5
"AK",2013,27.5
"WI",2015,27.5
"AR",2017,27.6
"WI",2017,27.6
"TX",2017,27.6
"MI",2011,27.6
"MT",2011,27.6
"SC",2011,27.6
"ND",2019,27.6
"IA",2019,27.6
"ID",2019,27.6
"RI",2011,27.6
"GA",2011,27.6
"GA",2011,27.6
"SD",2011,27.6
"CT",2011,27.6
"NM",2013,27.6
"TN",2015,27.6
"MI",2015,27.6
"ND",2013,27.6
"OR",2013,27.6
"ND",2015,27.6
"IA",2011,27.6
"VA",2017,27.7
"MT",2017,27.7
"IA",2017,27.7
"NY",2017,27.7
"MA",2017,27.7
"NY",2013,27.7
"SD",2011,27.7
"NE",2015,27.7
"WY",2017,27.7
"SC",2017,27.7
"CA",2017,27.7
"IN",2015,27.7
"NC",2011,27.7
"NY",2011,27.7
"LA",2013,27.7
"VT",2015,27.7
"WY",2019,27.7
"VT",2015,27.7
"GA",2013,27.7
"SD",2013,27.7
"TN",2015,27.7
"CT",2015,27.7
"IN",2013,27.7
"MN",2013,27.7
"NY",2013,27.7
"TN",2013,27.7
"IN",2013,27.7
"NY",2013,27.7
"SC",2011,27.7
"NC",2013,27.7
"CT",2015,27.7
"KS",2013,27.7
"ME",2015,27.7
"NY",2015,27.7
"SD",2017,27.8
"MT",2017,27.8
"UT",2013,27.8
"VA",2013,27.8
"UT",2011,27.8
"MD",2017,27.8
"MA",2011,27.8
"IL",2017,27.8
"AZ",2017,27.8
"TN",2017,27.8
"CA",2015,27.8
"FL",2013,27.8
"MO",2019,27.8
"NE",2011,27.8
"HI",2013,27.8
"IN",2011,27.8
"IA",2013,27.8
"MO",2011,27.8
"NC",2013,27.8
"CO",2015,27.8
"NV",2011,27.8
"NM",2013,27.8
"MI",2013,27.8
"PA",2011,27.8
"MS",2013,27.8
"NV",2013,27.8
"OR",2015,27.8
"IL",2013,27.8
"NC",2017,27.9
"MT",2017,27.9
"NH",2017,27.9
"IA",2015,27.9
"MN",2017,27.9
"SD",2017,27.9
"VA",2013,27.9
"MD",2015,27.9
"IA",2017,27.9
"NC",2013,27.9
"NE",2019,27.9
"ND",2011,27.9
"NV",2019,27.9
"AL",2019,27.9
"IA",2015,27.9
"GA",2015,27.9
"TN",2015,27.9
"AL",2013,27.9
"NM",2011,27.9
"NV",2013,27.9
"ND",2015,27.9
"KY",2015,27.9
"NV",2015,27.9
"NC",2013,27.9
"AZ",2015,27.9
"IA",2015,27.9
"KY",2013,27.9
"NY",2011,27.9
"CO",2015,27.9
"WA",2013,27.9
"ME",2015,27.9
"MI",2015,27.9
"VT",2015,27.9
"ME",2017,28
"HI",2017,28
"WA",2017,28
"WI",2017,28
"WI",2017,28
"KS",2011,28
"SD",2015,28
"MN",2011,28
"PA",2013,28
"LA",2017,28
"MI",2013,28
"MS",2017,28
"VT",2011,28
"NV",2017,28
"SD",2019,28
"DE",2011,28
"FL",2013,28
"WY",2019,28
"NM",2011,28
"SD",2019,28
"ME",2019,28
"HI",2013,28
"MD",2015,28
"OK",2015,28
"NY",2015,28
"MN",2015,28
"MO",2015,28
"WA",2015,28
"ID",2011,28
"NE",2011,28
"NM",2015,28
"TX",2013,28
"MA",2017,28.1
"IN",2017,28.1
"MN",2017,28.1
"GA",2017,28.1
"WA",2013,28.1
"MO",2011,28.1
"WA",2015,28.1
"VA",2017,28.1
"KY",2017,28.1
"MI",2017,28.1
"ME",2019,28.1
"AR",2019,28.1
"NV",2019,28.1
"NE",2011,28.1
"NM",2019,28.1
"NE",2013,28.1
"IL",2015,28.1
"MI",2015,28.1
"OH",2013,28.1
"NC",2011,28.1
"NV",2011,28.1
"NH",2015,28.1
"NC",2015,28.1
"AK",2011,28.1
"OK",2015,28.1
"CO",2013,28.1
"TN",2015,28.1
"VT",2011,28.1
"VT",2013,28.1
"ND",2017,28.2
"TN",2017,28.2
"AK",2017,28.2
"UT",2011,28.2
"MD",2011,28.2
"FL",2011,28.2
"WV",2013,28.2
"MN",2011,28.2
"ID",2015,28.2
"ID",2017,28.2
"IL",2017,28.2
"AZ",2017,28.2
"IA",2019,28.2
"LA",2019,28.2
"MD",2015,28.2
"MN",2015,28.2
"IL",2011,28.2
"KY",2015,28.2
"OK",2015,28.2
"NH",2011,28.2
"SD",2015,28.2
"OR",2011,28.2
"MO",2011,28.2
"WV",2015,28.2
"PA",2011,28.2
"NE",2015,28.2
"NE",2013,28.2
"ID",2013,28.2
"ME",2017,28.3
"NE",2017,28.3
"WA",2017,28.3
"MN",2017,28.3
"NY",2017,28.3
"AL",2011,28.3
"AL",2011,28.3
"RI",2013,28.3
"OR",2015,28.3
"AL",2011,28.3
"NC",2011,28.3
"VA",2011,28.3
"AL",2017,28.3
"ID",2017,28.3
"KS",2015,28.3
"SD",2017,28.3
"NH",2017,28.3
"SD",2017,28.3
"OH",2017,28.3
"SD",2017,28.3
"TX",2011,28.3
"ME",2019,28.3
"AZ",2011,28.3
"WV",2019,28.3
"OK",2019,28.3
"MA",2019,28.3
"WA",2019,28.3
"HI",2013,28.3
"AR",2019,28.3
"NV",2019,28.3
"ND",2019,28.3
"NV",2013,28.3
"PA",2013,28.3
"PA",2015,28.3
"MA",2011,28.3
"OH",2013,28.3
"MA",2011,28.3
"VA",2011,28.3
"NE",2011,28.3
"SC",2013,28.3
"IA",2015,28.3
"VT",2011,28.3
"CA",2015,28.4
"LA",2017,28.4
"PA",2017,28.4
"HI",2017,28.4
"ID",2017,28.4
"IA",2017,28.4
"SC",2017,28.4
"OR",2017,28.4
"DE",2017,28.4
"HI",2013,28.4
"OH",2011,28.4
"LA",2015,28.4
"MT",2011,28.4
"CT",2011,28.4
"FL",2017,28.4
"OH",2011,28.4
"NE",2013,28.4
"WY",2017,28.4
"ID",2011,28.4
"WA",2013,28.4
"VA",2015,28.4
"MN",2013,28.4
"FL",2015,28.4
"OR",2019,28.4
"AL",2015,28.4
"AL",2019,28.4
"AR",2015,28.4
"MO",2015,28.4
"MN",2013,28.4
"FL",2013,28.4
"WI",2015,28.4
"KY",2013,28.4
"NE",2011,28.4
"WV",2011,28.4
"AL",2013,28.4
"OR",2011,28.4
"MT",2013,28.4
"AR",2011,28.4
"FL",2011,28.4
"CA",2015,28.4
"TX",2013,28.4
"KY",2015,28.4
"OH",2017,28.5
"MD",2017,28.5
"AK",2017,28.5
"FL",2017,28.5
"PA",2017,28.5
"KS",2017,28.5
"ME",2017,28.5
"MO",2017,28.5
"CT",2017,28.5
"NE",2017,28.5
"MD",2015,28.5
"CT",2013,28.5
"PA",2011,28.5
"WA",2017,28.5
"RI",2017,28.5
"MN",2015,28.5
"GA",2017,28.5
"PA",2017,28.5
"RI",2015,28.5
"ND",2013,28.5
"WV",2019,28.5
"MT",2015,28.5
"OK",2015,28.5
"WA",2015,28.5
"MD",2011,28.5
"VA",2015,28.5
"NC",2019,28.5
"IA",2019,28.5
"RI",2011,28.5
"KS",2011,28.5
"ID",2015,28.5
"LA",2013,28.5
"NC",2011,28.5
"ND",2011,28.5
"IL",2011,28.5
"IL",2013,28.5
"HI",2015,28.5
"WI",2013,28.5
"NY",2011,28.5
"CT",2013,28.5
"NM",2013,28.5
"OR",2013,28.5
"CT",2017,28.6
"WI",2017,28.6
"MS",2017,28.6
"TN",2017,28.6
"OH",2017,28.6
"DE",2017,28.6
"IN",2017,28.6
"NJ",2015,28.6
"OH",2015,28.6
"VT",2011,28.6
"VA",2015,28.6
"OH",2013,28.6
"OK",2011,28.6
"WY",2013,28.6
"WI",2015,28.6
"WA",2017,28.6
"KY",2017,28.6
"ID",2019,28.6
"PA",2019,28.6
"SD",2019,28.6
"LA",2019,28.6
"WI",2011,28.6
"AR",2019,28.6
"AL",2015,28.6
"NC",2019,28.6
"FL",2011,28.6
"MA",2011,28.6
"MA",2015,28.6
"WY",2013,28.6
"OK",2013,28.6
"WA",2015,28.6
"AZ",2015,28.6
"MI",2013,28.6
"NC",2015,28.6
"WA",2011,28.6
"MT",2013,28.6
"WY",2011,28.6
"OR",2015,28.7
"CT",2017,28.7
"NY",2017,28.7
"WY",2017,28.7
"IN",2017,28.7
"WI",2011,28.7
"MT",2013,28.7
"AR",2017,28.7
"IL",2017,28.7
"NH",2013,28.7
"LA",2019,28.7
"MD",2019,28.7
"ID",2019,28.7
"NM",2019,28.7
"OK",2019,28.7
"WV",2019,28.7
"MA",2019,28.7
"MS",2015,28.7
"NV",2011,28.7
"VA",2011,28.7
"VT",2011,28.7
"SD",2013,28.7
"WY",2013,28.7
"UT",2013,28.7
"MD",2015,28.7
"VT",2015,28.7
"VA",2013,28.7
"TX",2015,28.7
"MA",2013,28.7
"IL",2013,28.7
"NC",2011,28.7
"NM",2013,28.7
"NH",2011,28.7
"RI",2015,28.7
"VT",2011,28.7
"AZ",2017,28.8
"NM",2017,28.8
"ND",2017,28.8
"IL",2017,28.8
"WI",2015,28.8
"MI",2011,28.8
"MD",2013,28.8
"TN",2013,28.8
"SD",2015,28.8
"MA",2017,28.8
"VT",2017,28.8
"KY",2015,28.8
"SD",2017,28.8
"RI",2017,28.8
"AL",2011,28.8
"RI",2011,28.8
"MS",2019,28.8
"OK",2013,28.8
"WV",2019,28.8
"KY",2019,28.8
"FL",2019,28.8
"SC",2015,28.8
"IL",2019,28.8
"IA",2019,28.8
"AL",2019,28.8
"WY",2013,28.8
"OH",2019,28.8
"CT",2013,28.8
"MI",2011,28.8
"KS",2013,28.8
"WA",2013,28.8
"OH",2011,28.8
"MI",2013,28.8
"RI",2015,28.8
"MO",2015,28.8
"ID",2015,28.8
"CA",2013,28.8
"MI",2011,28.8
"MD",2013,28.8
"AK",2011,28.8
"NC",2013,28.8
"MD",2013,28.8
"VT",2015,28.8
"MI",2017,28.9
"MO",2015,28.9
"NC",2017,28.9
"ND",2011,28.9
"WI",2013,28.9
"FL",2011,28.9
"IL",2017,28.9
"IA",2017,28.9
"CO",2015,28.9
"MI",2013,28.9
"MN",2015,28.9
"CA",2019,28.9
"MS",2015,28.9
"MA",2013,28.9
"NJ",2015,28.9
"VA",2011,28.9
"OH",2015,28.9
"FL",2011,28.9
"MT",2013,28.9
"WA",2015,28.9
"ME",2011,28.9
"DE",2011,28.9
"AK",2011,28.9
"HI",2011,28.9
"CO",2013,28.9
"MN",2013,28.9
"PA",2015,28.9
"WA",2013,28.9
"AK",2017,29
"SC",2017,29
"MT",2017,29
"MD",2011,29
"RI",2011,29
"NC",2017,29
"SD",2017,29
"AL",2017,29
"RI",2015,29
"MS",2019,29
"ME",2019,29
"KS",2019,29
"SD",2011,29
"KS",2015,29
"NE",2013,29
"WY",2013,29
"NC",2015,29
"TX",2013,29
"DE",2015,29
"ND",2011,29
"NC",2013,29
"UT",2013,29
"VT",2011,29
"UT",2011,29
"NY",2015,29
"NH",2015,29
"AL",2017,29.1
"MD",2017,29.1
"CA",2017,29.1
"ME",2017,29.1
"WY",2015,29.1
"VT",2013,29.1
"VA",2015,29.1
"ND",2013,29.1
"KS",2015,29.1
"TX",2017,29.1
"TN",2015,29.1
"IL",2015,29.1
"NH",2017,29.1
"UT",2017,29.1
"NM",2015,29.1
"OR",2019,29.1
"AL",2019,29.1
"MO",2019,29.1
"FL",2015,29.1
"ID",2013,29.1
"WA",2011,29.1
"GA",2015,29.1
"IA",2011,29.1
"ID",2011,29.1
"WA",2011,29.1
"PA",2013,29.1
"NH",2015,29.1
"OH",2017,29.2
"AR",2017,29.2
"WI",2017,29.2
"VT",2017,29.2
"AR",2017,29.2
"FL",2011,29.2
"ND",2015,29.2
"ID",2013,29.2
"LA",2011,29.2
"CO",2011,29.2
"ID",2011,29.2
"TX",2017,29.2
"NJ",2011,29.2
"NH",2019,29.2
"CT",2015,29.2
"ID",2019,29.2
"AL",2019,29.2
"TX",2013,29.2
"WI",2011,29.2
"MA",2019,29.2
"ME",2019,29.2
"MO",2019,29.2
"MN",2013,29.2
"MN",2011,29.2
"OR",2013,29.2
"ID",2015,29.2
"MT",2013,29.2
"TX",2015,29.2
"WV",2013,29.2
"PA",2015,29.2
"CA",2013,29.2
"NH",2015,29.2
"ME",2013,29.2
"UT",2011,29.2
"CA",2011,29.2
"FL",2017,29.3
"NV",2017,29.3
"WA",2017,29.3
"VA",2017,29.3
"AR",2017,29.3
"MN",2017,29.3
"CO",2017,29.3
"PA",2017,29.3
"CT",2017,29.3
"CT",2011,29.3
"SC",2011,29.3
"NE",2013,29.3
"TN",2011,29.3
"VT",2011,29.3
"NY",2011,29.3
"NM",2015,29.3
"KS",2017,29.3
"CO",2017,29.3
"AR",2019,29.3
"WA",2015,29.3
"NM",2015,29.3
"NC",2019,29.3
"ND",2019,29.3
"FL",2013,29.3
"FL",2013,29.3
"NC",2015,29.3
"AK",2015,29.3
"MD",2019,29.3
"CA",2019,29.3
"LA",2013,29.3
"CO",2011,29.3
"MI",2015,29.3
"AL",2015,29.3
"AZ",2011,29.3
"OR",2011,29.3
"MD",2013,29.3
"SD",2011,29.3
"NE",2015,29.3
"NE",2015,29.3
"MA",2015,29.3
"MO",2013,29.3
"TX",2015,29.3
"IN",2013,29.3
"NE",2017,29.4
"OK",2017,29.4
"NC",2017,29.4
"OH",2015,29.4
"WA",2011,29.4
"AZ",2011,29.4
"VT",2011,29.4
"OH",2011,29.4
"TX",2011,29.4
"MT",2011,29.4
"HI",2011,29.4
"SD",2013,29.4
"HI",2013,29.4
"NH",2017,29.4
"CO",2017,29.4
"WY",2015,29.4
"ND",2013,29.4
"WA",2013,29.4
"NV",2019,29.4
"CA",2019,29.4
"IA",2019,29.4
"MT",2015,29.4
"UT",2013,29.4
"OR",2015,29.4
"LA",2019,29.4
"TX",2013,29.4
"AL",2011,29.4
"ME",2013,29.4
"AZ",2011,29.4
"WI",2013,29.4
"NJ",2013,29.4
"AZ",2011,29.4
"AZ",2013,29.4
"PA",2013,29.4
"SC",2015,29.4
"FL",2011,29.4
"LA",2015,29.4
"FL",2017,29.5
"VT",2017,29.5
"ME",2017,29.5
"WA",2015,29.5
"WA",2011,29.5
"ME",2015,29.5
"SD",2015,29.5
"NE",2011,29.5
"NM",2015,29.5
"PA",2011,29.5
"UT",2011,29.5
"MA",2015,29.5
"VA",2017,29.5
"DE",2017,29.5
"IN",2011,29.5
"KY",2019,29.5
"RI",2019,29.5
"MD",2013,29.5
"MS",2019,29.5
"NM",2013,29.5
"ND",2019,29.5
"ND",2015,29.5
"IA",2013,29.5
"AR",2013,29.5
"ND",2019,29.5
"IN",2015,29.5
"MN",2013,29.5
"CO",2013,29.5
"SD",2013,29.5
"NE",2011,29.5
"MO",2013,29.5
"MN",2011,29.5
"AR",2015,29.5
"RI",2013,29.5
"DE",2013,29.5
"ME",2011,29.5
"WI",2011,29.5
"OH",2015,29.5
"MI",2011,29.5
"OR",2017,29.6
"AZ",2017,29.6
"AZ",2017,29.6
"GA",2017,29.6
"UT",2017,29.6
"ME",2017,29.6
"MN",2011,29.6
"CO",2015,29.6
"WY",2011,29.6
"MS",2013,29.6
"NC",2013,29.6
"KY",2011,29.6
"NH",2011,29.6
"DE",2019,29.6
"UT",2011,29.6
"KY",2013,29.6
"LA",2019,29.6
"GA",2015,29.6
"GA",2011,29.6
"IL",2013,29.6
"SD",2011,29.6
"NV",2011,29.6
"OR",2015,29.6
"WA",2013,29.6
"GA",2013,29.6
"SC",2013,29.6
"FL",2013,29.6
"MD",2011,29.6
"MN",2011,29.6
"PA",2015,29.6
"SC",2015,29.6
"MN",2015,29.6
"WY",2011,29.6
"UT",2011,29.6
"DE",2015,29.6
"ME",2013,29.6
"AK",2017,29.7
"NE",2017,29.7
"MD",2017,29.7
"MO",2015,29.7
"WI",2011,29.7
"NM",2011,29.7
"LA",2011,29.7
"MA",2011,29.7
"MN",2013,29.7
"VA",2013,29.7
"AL",2017,29.7
"MD",2011,29.7
"KS",2015,29.7
"NC",2015,29.7
"NC",2013,29.7
"PA",2019,29.7
"WA",2019,29.7
"CA",2011,29.7
"AR",2019,29.7
"IL",2015,29.7
"IL",2011,29.7
"CT",2015,29.7
"UT",2011,29.7
"NJ",2013,29.7
"NY",2013,29.7
"MA",2013,29.7
"HI",2011,29.7
"HI",2011,29.7
"AK",2015,29.7
"LA",2013,29.7
"ND",2015,29.7
"OH",2015,29.7
"WI",2013,29.7
"WI",2017,29.8
"CO",2017,29.8
"NE",2017,29.8
"WA",2017,29.8
"WI",2017,29.8
"MT",2017,29.8
"WA",2017,29.8
"CT",2011,29.8
"AL",2013,29.8
"KS",2015,29.8
"AZ",2015,29.8
"WA",2015,29.8
"AR",2017,29.8
"WI",2017,29.8
"NJ",2017,29.8
"SC",2017,29.8
"NJ",2013,29.8
"MA",2015,29.8
"ND",2019,29.8
"OR",2019,29.8
"KS",2019,29.8
"AR",2019,29.8
"WI",2013,29.8
"NV",2019,29.8
"NY",2019,29.8
"IA",2019,29.8
"MT",2015,29.8
"SD",2013,29.8
"FL",2015,29.8
"MT",2013,29.8
"OK",2015,29.8
"AR",2013,29.8
"NJ",2015,29.8
"MN",2011,29.8
"CT",2013,29.8
"IA",2015,29.8
"SD",2011,29.8
"NE",2013,29.8
"VT",2011,29.8
"MS",2017,29.9
"MI",2017,29.9
"UT",2017,29.9
"NY",2017,29.9
"OR",2017,29.9
"PA",2017,29.9
"MN",2015,29.9
"CT",2011,29.9
"WY",2013,29.9
"MS",2011,29.9
"NJ",2013,29.9
"IA",2017,29.9
"NH",2017,29.9
"MT",2011,29.9
"KY",2019,29.9
"DE",2019,29.9
"PA",2019,29.9
"IA",2015,29.9
"IA",2019,29.9
"FL",2015,29.9
"MI",2011,29.9
"PA",2019,29.9
"NY",2013,29.9
"NC",2013,29.9
"WY",2015,29.9
"MT",2011,29.9
"ID",2015,29.9
"AL",2015,29.9
"WV",2015,29.9
"RI",2013,29.9
"MN",2011,29.9
"ND",2015,29.9
"UT",2013,29.9
"PA",2015,29.9
"VT",2015,29.9
"GA",2015,29.9
"RI",2011,29.9
"NJ",2015,29.9
"MN",2013,29.9
"NM",2017,30
"CA",2017,30
"MT",2017,30
"WI",2017,30
"KS",2017,30
"OH",2017,30
"AZ",2017,30
"VA",2013,30
"SC",2015,30
"FL",2017,30
"MT",2017,30
"WA",2017,30
"KS",2017,30
"NE",2017,30
"CT",2013,30
"MA",2011,30
"MD",2015,30
"TN",2019,30
"OH",2019,30
"NY",2011,30
"NY",2015,30
"LA",2019,30
"KS",2019,30
"MA",2013,30
"PA",2019,30
"WI",2011,30
"NJ",2015,30
"MT",2011,30
"PA",2013,30
"OH",2013,30
"PA",2015,30
"MN",2015,30
"NJ",2011,30
"AZ",2013,30
"NM",2013,30
"NM",2011,30
"KS",2013,30
"ID",2013,30
"AR",2015,30
"NC",2017,30.1
"NY",2013,30.1
"ID",2013,30.1
"ND",2011,30.1
"SC",2015,30.1
"NY",2011,30.1
"AK",2017,30.1
"WI",2017,30.1
"DE",2013,30.1
"KS",2015,30.1
"WY",2011,30.1
"IL",2011,30.1
"IL",2019,30.1
"MS",2015,30.1
"OR",2019,30.1
"NV",2011,30.1
"AR",2019,30.1
"VA",2019,30.1
"DE",2013,30.1
"CT",2015,30.1
"NM",2015,30.1
"CA",2015,30.1
"AL",2011,30.1
"ID",2011,30.1
"RI",2015,30.1
"WY",2011,30.1
"UT",2013,30.1
"ID",2011,30.1
"RI",2013,30.1
"IA",2013,30.1
"AR",2015,30.1
"VT",2015,30.1
"MN",2017,30.2
"FL",2017,30.2
"HI",2017,30.2
"MT",2017,30.2
"MN",2015,30.2
"CT",2011,30.2
"CO",2011,30.2
"AR",2011,30.2
"IN",2013,30.2
"ND",2017,30.2
"AL",2015,30.2
"LA",2017,30.2
"MD",2011,30.2
"KS",2015,30.2
"OK",2019,30.2
"AR",2019,30.2
"RI",2019,30.2
"OH",2019,30.2
"OR",2013,30.2
"CA",2019,30.2
"AK",2019,30.2
"SD",2019,30.2
"WA",2013,30.2
"IL",2013,30.2
"GA",2011,30.2
"TX",2011,30.2
"NY",2013,30.2
"NY",2015,30.2
"OK",2015,30.2
"MT",2011,30.2
"NY",2011,30.2
"ID",2013,30.2
"NM",2013,30.2
"ID",2013,30.2
"TN",2011,30.2
"OR",2013,30.2
"OR",2013,30.2
"MI",2011,30.2
"MS",2011,30.2
"PA",2013,30.2
"NH",2017,30.3
"MD",2017,30.3
"CA",2015,30.3
"CT",2017,30.3
"MD",2017,30.3
"IL",2017,30.3
"GA",2017,30.3
"UT",2017,30.3
"MI",2017,30.3
"UT",2011,30.3
"WI",2015,30.3
"NJ",2011,30.3
"NE",2015,30.3
"ID",2015,30.3
"VT",2013,30.3
"NY",2017,30.3
"KS",2011,30.3
"TN",2017,30.3
"DE",2017,30.3
"MA",2017,30.3
"VA",2017,30.3
"MI",2019,30.3
"MN",2019,30.3
"IN",2019,30.3
"AK",2011,30.3
"OH",2015,30.3
"ME",2013,30.3
"GA",2019,30.3
"NY",2019,30.3
"MN",2019,30.3
"OH",2019,30.3
"NM",2011,30.3
"VT",2013,30.3
"VT",2011,30.3
"VT",2013,30.3
"OH",2011,30.3
"ID",2011,30.3
"SD",2013,30.3
"ME",2011,30.3
"NV",2015,30.3
"CO",2015,30.3
"NH",2015,30.3
"CA",2011,30.3
"TN",2011,30.3
"NM",2015,30.3
"AZ",2015,30.3
"ID",2013,30.3
"OK",2011,30.3
"OH",2015,30.3
"IL",2017,30.4
"RI",2017,30.4
"NH",2017,30.4
"TN",2017,30.4
"VA",2017,30.4
"PA",2017,30.4
"ND",2017,30.4
"MN",2017,30.4
"ME",2011,30.4
"DE",2011,30.4
"WV",2011,30.4
"NJ",2013,30.4
"MO",2017,30.4
"UT",2017,30.4
"CA",2017,30.4
"VA",2011,30.4
"CA",2013,30.4
"KY",2019,30.4
"OR",2019,30.4
"ME",2013,30.4
"NH",2011,30.4
"NE",2019,30.4
"NE",2019,30.4
"MS",2015,30.4
"NH",2013,30.4
"TX",2015,30.4
"AK",2013,30.4
"FL",2015,30.4
"RI",2013,30.4
"NE",2013,30.4
"AZ",2015,30.4
"WV",2011,30.4
"OH",2011,30.4
"OR",2015,30.4
"PA",2015,30.4
"ME",2015,30.4
"AR",2011,30.4
"KS",2013,30.4
"WI",2013,30.4
"OR",2015,30.4
"TX",2017,30.5
"OR",2017,30.5
"WA",2017,30.5
"NM",2017,30.5
"NE",2017,30.5
"OR",2017,30.5
"UT",2017,30.5
"PA",2017,30.5
"TX",2013,30.5
"IL",2011,30.5
"ME",2017,30.5
"WY",2015,30.5
"KS",2017,30.5
"OH",2019,30.5
"MA",2019,30.5
"GA",2011,30.5
"LA",2019,30.5
"DE",2011,30.5
"WV",2019,30.5
"MA",2019,30.5
"OR",2019,30.5
"KS",2019,30.5
"MO",2019,30.5
"VA",2019,30.5
"ND",2019,30.5
"ME",2019,30.5
"DE",2015,30.5
"MN",2013,30.5
"VT",2015,30.5
"HI",2015,30.5
"NH",2011,30.5
"VT",2015,30.5
"ID",2013,30.5
"MS",2011,30.5
"MI",2013,30.5
"IN",2011,30.5
"WI",2017,30.6
"WI",2017,30.6
"KY",2017,30.6
"OR",2017,30.6
"WY",2015,30.6
"CT",2011,30.6
"MA",2013,30.6
"UT",2013,30.6
"AZ",2015,30.6
"WI",2015,30.6
"MA",2013,30.6
"NJ",2017,30.6
"WA",2017,30.6
"NJ",2017,30.6
"DE",2017,30.6
"MA",2013,30.6
"LA",2019,30.6
"CA",2019,30.6
"CO",2011,30.6
"WV",2019,30.6
"ME",2019,30.6
"HI",2013,30.6
"OR",2011,30.6
"MD",2011,30.6
"NH",2013,30.6
"KS",2019,30.6
"AL",2013,30.6
"MS",2013,30.6
"GA",2015,30.6
"MD",2013,30.6
"TX",2011,30.6
"AL",2013,30.6
"UT",2015,30.6
"AR",2011,30.6
"WA",2011,30.6
"DE",2011,30.6
"IL",2015,30.6
"VT",2017,30.7
"OK",2017,30.7
"IA",2017,30.7
"OH",2017,30.7
"VA",2017,30.7
"CA",2017,30.7
"VA",2011,30.7
"OR",2011,30.7
"MT",2015,30.7
"MI",2011,30.7
"WA",2013,30.7
"NY",2017,30.7
"MA",2017,30.7
"NV",2017,30.7
"MI",2017,30.7
"NM",2017,30.7
"IL",2017,30.7
"OH",2013,30.7
"VA",2015,30.7
"AK",2015,30.7
"PA",2019,30.7
"KS",2019,30.7
"ND",2019,30.7
"CA",2013,30.7
"OK",2019,30.7
"ID",2019,30.7
"ME",2019,30.7
"AZ",2015,30.7
"NE",2019,30.7
"MN",2015,30.7
"GA",2011,30.7
"NC",2011,30.7
"IL",2015,30.7
"SC",2015,30.7
"WY",2013,30.7
"CA",2011,30.7
"OR",2013,30.7
"ID",2013,30.7
"MA",2011,30.7
"GA",2013,30.7
"VA",2013,30.7
"NC",2015,30.7
"NC",2015,30.7
"LA",2011,30.7
"SC",2015,30.7
"CO",2015,30.7
"NH",2013,30.7
"AK",2017,30.8
"ND",2017,30.8
"MT",2017,30.8
"IN",2011,30.8
"CA",2011,30.8
"SD",2013,30.8
"VA",2017,30.8
"GA",2013,30.8
"CA",2017,30.8
"MI",2017,30.8
"LA",2011,30.8
"NE",2019,30.8
"SD",2019,30.8
"ME",2011,30.8
"TN",2019,30.8
"AK",2011,30.8
"ND",2019,30.8
"NH",2011,30.8
"ND",2019,30.8
"NE",2013,30.8
"PA",2013,30.8
"HI",2015,30.8
"KS",2015,30.8
"UT",2015,30.8
"MN",2013,30.8
"GA",2017,30.9
"WV",2017,30.9
"MO",2017,30.9
"WY",2017,30.9
"IA",2017,30.9
"KY",2013,30.9
"AK",2011,30.9
"CO",2013,30.9
"OH",2017,30.9
"CO",2017,30.9
"GA",2015,30.9
"NC",2019,30.9
"UT",2013,30.9
"OH",2019,30.9
"NC",2019,30.9
"SD",2019,30.9
"AL",2019,30.9
"AZ",2019,30.9
"MA",2013,30.9
"TN",2019,30.9
"WY",2011,30.9
"MI",2019,30.9
"MN",2015,30.9
"MA",2011,30.9
"NE",2015,30.9
"WA",2011,30.9
"CT",2013,30.9
"RI",2013,30.9
"NV",2011,30.9
"NC",2015,30.9
"CT",2011,30.9
"FL",2011,30.9
"OR",2011,30.9
"PA",2011,30.9
"MN",2013,30.9
"VT",2015,31
"IN",2017,31
"WA",2017,31
"MN",2017,31
"VT",2017,31
"CT",2015,31
"MA",2015,31
"RI",2015,31
"TN",2017,31
"VA",2017,31
"UT",2011,31
"LA",2017,31
"NV",2015,31
"CO",2015,31
"HI",2015,31
"WY",2019,31
"AZ",2013,31
"MO",2019,31
"VA",2019,31
"IN",2019,31
"WA",2019,31
"WA",2013,31
"OH",2013,31
"TX",2015,31
"ME",2019,31
"AK",2013,31
"CO",2015,31
"NJ",2013,31
"PA",2011,31
"IN",2011,31
"OH",2013,31
"OK",2015,31
"TX",2013,31
"CT",2013,31
"MI",2015,31
"OK",2011,31
"CO",2011,31
"IL",2015,31
"FL",2015,31
"NE",2013,31
"WY",2013,31
"NY",2011,31
"NY",2015,31
"NY",2013,31
"MS",2017,31.1
"KY",2017,31.1
"HI",2017,31.1
"OH",2015,31.1
"MT",2013,31.1
"NM",2011,31.1
"FL",2013,31.1
"AR",2011,31.1
"OR",2017,31.1
"CO",2017,31.1
"NE",2019,31.1
"CA",2019,31.1
"KS",2019,31.1
"IA",2019,31.1
"AL",2019,31.1
"ID",2019,31.1
"LA",2013,31.1
"SD",2011,31.1
"KS",2011,31.1
"NH",2011,31.1
"TN",2015,31.1
"IA",2013,31.1
"IA",2011,31.1
"KY",2015,31.1
"ME",2015,31.1
"WI",2015,31.1
"NY",2013,31.1
"CA",2013,31.2
"NH",2017,31.2
"MA",2017,31.2
"MN",2017,31.2
"NH",2017,31.2
"MO",2017,31.2
"IN",2017,31.2
"MA",2017,31.2
"DE",2015,31.2
"LA",2013,31.2
"MT",2015,31.2
"VT",2013,31.2
"NE",2015,31.2
"WI",2015,31.2
"FL",2019,31.2
"PA",2019,31.2
"AK",2019,31.2
"FL",2011,31.2
"ID",2019,31.2
"MA",2019,31.2
"IA",2019,31.2
"IL",2013,31.2
"KY",2019,31.2
"CT",2015,31.2
"NV",2015,31.2
"AK",2013,31.2
"CA",2015,31.2
"NV",2015,31.2
"PA",2015,31.2
"MT",2013,31.2
"MN",2013,31.2
"DE",2011,31.2
"CA",2015,31.2
"FL",2013,31.2
"NC",2017,31.3
"NY",2017,31.3
"AR",2015,31.3
"AK",2017,31.3
"NV",2017,31.3
"WV",2017,31.3
"MA",2017,31.3
"PA",2017,31.3
"IN",2011,31.3
"MT",2015,31.3
"ID",2013,31.3
"MO",2017,31.3
"IA",2015,31.3
"IN",2011,31.3
"ME",2013,31.3
"IA",2019,31.3
"MA",2019,31.3
"VA",2011,31.3
"KY",2019,31.3
"DE",2019,31.3
"NE",2011,31.3
"CT",2015,31.3
"KS",2019,31.3
"OH",2019,31.3
"OR",2019,31.3
"NH",2015,31.3
"IN",2015,31.3
"WA",2013,31.3
"AR",2015,31.3
"MO",2013,31.3
"OH",2011,31.3
"MD",2015,31.3
"WI",2013,31.3
"SD",2013,31.3
"MT",2011,31.3
"KY",2013,31.3
"HI",2015,31.3
"NY",2017,31.4
"HI",2017,31.4
"IA",2017,31.4
"ID",2017,31.4
"GA",2017,31.4
"ID",2013,31.4
"VA",2015,31.4
"UT",2015,31.4
"OK",2015,31.4
"MN",2017,31.4
"MT",2017,31.4
"KS",2017,31.4
"WV",2017,31.4
"VT",2017,31.4
"IL",2017,31.4
"KS",2019,31.4
"AR",2019,31.4
"MS",2015,31.4
"NV",2019,31.4
"IN",2019,31.4
"AR",2019,31.4
"ME",2019,31.4
"IA",2015,31.4
"OR",2011,31.4
"IL",2011,31.4
"NV",2013,31.4
"CA",2015,31.4
"AZ",2013,31.4
"OH",2011,31.4
"MA",2013,31.4
"CO",2013,31.4
"ME",2015,31.4
"ID",2015,31.4
"HI",2013,31.4
"AK",2011,31.4
"VT",2013,31.4
"KS",2017,31.5
"GA",2017,31.5
"NC",2017,31.5
"NH",2017,31.5
"CO",2017,31.5
"ME",2015,31.5
"OR",2011,31.5
"SC",2017,31.5
"NJ",2017,31.5
"AZ",2017,31.5
"NM",2011,31.5
"KS",2019,31.5
"SC",2019,31.5
"MS",2019,31.5
"KY",2011,31.5
"NV",2019,31.5
"CO",2019,31.5
"UT",2015,31.5
"AZ",2015,31.5
"MN",2015,31.5
"NJ",2015,31.5
"AK",2015,31.5
"OH",2011,31.5
"IL",2015,31.5
"NM",2011,31.5
"WA",2013,31.5
"MA",2015,31.5
"MT",2013,31.5
"KS",2011,31.5
"UT",2013,31.5
"MN",2017,31.6
"CO",2017,31.6
"MI",2017,31.6
"NV",2017,31.6
"ME",2017,31.6
"PA",2015,31.6
"CA",2011,31.6
"VT",2013,31.6
"GA",2013,31.6
"MO",2011,31.6
"CT",2011,31.6
"NY",2017,31.6
"NJ",2017,31.6
"MI",2017,31.6
"ID",2017,31.6
"WI",2019,31.6
"WA",2019,31.6
"CO",2013,31.6
"MD",2011,31.6
"OR",2011,31.6
"NC",2013,31.6
"SD",2015,31.6
"IN",2013,31.6
"NH",2015,31.6
"AK",2013,31.6
"RI",2011,31.6
"WY",2015,31.6
"CO",2015,31.6
"UT",2015,31.6
"OR",2013,31.6
"OR",2011,31.6
"NJ",2011,31.6
"IL",2013,31.6
"AR",2017,31.7
"MT",2017,31.7
"AZ",2017,31.7
"CO",2017,31.7
"ND",2017,31.7
"GA",2015,31.7
"NV",2013,31.7
"CT",2015,31.7
"SC",2011,31.7
"NJ",2011,31.7
"MT",2017,31.7
"IN",2017,31.7
"ND",2017,31.7
"FL",2011,31.7
"MI",2017,31.7
"ID",2019,31.7
"OR",2013,31.7
"SD",2019,31.7
"KS",2019,31.7
"IN",2019,31.7
"IA",2019,31.7
"TN",2019,31.7
"MI",2019,31.7
"CA",2019,31.7
"NE",2019,31.7
"MD",2019,31.7
"AR",2019,31.7
"OK",2015,31.7
"RI",2019,31.7
"WA",2019,31.7
"NH",2019,31.7
"NM",2013,31.7
"KY",2011,31.7
"GA",2011,31.7
"WA",2011,31.7
"VT",2015,31.7
"MI",2015,31.7
"MI",2015,31.7
"NV",2013,31.7
"GA",2013,31.7
"OR",2017,31.8
"MS",2017,31.8
"MS",2017,31.8
"TX",2015,31.8
"OR",2013,31.8
"LA",2015,31.8
"ID",2011,31.8
"VA",2015,31.8
"MD",2017,31.8
"OH",2017,31.8
"WY",2017,31.8
"AK",2015,31.8
"SC",2013,31.8
"MT",2013,31.8
"AZ",2011,31.8
"IN",2019,31.8
"SD",2019,31.8
"CO",2019,31.8
"SC",2019,31.8
"OH",2019,31.8
"AZ",2019,31.8
"IA",2019,31.8
"MA",2013,31.8
"SC",2013,31.8
"OH",2015,31.8
"AR",2011,31.8
"AL",2015,31.8
"DE",2013,31.8
"AL",2015,31.8
"VA",2011,31.8
"MS",2015,31.8
"MT",2011,31.8
"MI",2011,31.8
"MN",2015,31.8
"WY",2011,31.8
"WA",2015,31.8
"WA",2015,31.8
"NM",2011,31.8
"DE",2013,31.8
"MO",2017,31.9
"NM",2017,31.9
"NE",2015,31.9
"MD",2017,31.9
"VA",2017,31.9
"VT",2013,31.9
"DE",2017,31.9
"CA",2013,31.9
"VT",2017,31.9
"MN",2015,31.9
"NE",2017,31.9
"NJ",2017,31.9
"IL",2011,31.9
"SD",2015,31.9
"WA",2017,31.9
"IA",2011,31.9
"NV",2019,31.9
"OR",2019,31.9
"NC",2019,31.9
"OK",2019,31.9
"WI",2013,31.9
"HI",2019,31.9
"AL",2019,31.9
"SC",2015,31.9
"WI",2011,31.9
"VA",2015,31.9
"PA",2019,31.9
"AK",2019,31.9
"TX",2011,31.9
"WY",2011,31.9
"FL",2015,31.9
"UT",2013,31.9
"SC",2015,31.9
"NE",2011,31.9
"DE",2013,31.9
"IN",2015,31.9
"TN",2011,31.9
"ID",2011,31.9
"MN",2011,31.9
"VT",2011,31.9
"NJ",2015,31.9
"HI",2013,31.9
"MD",2017,32
"RI",2017,32
"WI",2017,32
"OK",2013,32
"IL",2013,32
"MA",2011,32
"CO",2011,32
"MA",2011,32
"NH",2013,32
"PA",2017,32
"HI",2017,32
"NY",2017,32
"ID",2017,32
"HI",2017,32
"MA",2017,32
"AZ",2017,32
"VA",2011,32
"GA",2011,32
"IL",2019,32
"ND",2019,32
"OR",2019,32
"AL",2019,32
"MT",2011,32
"UT",2019,32
"IN",2019,32
"KY",2015,32
"NJ",2013,32
"SC",2015,32
"NE",2011,32
"ID",2011,32
"MT",2011,32
"TX",2015,32
"MD",2013,32
"IA",2011,32
"NM",2013,32
"CT",2017,32.1
"OK",2017,32.1
"NE",2017,32.1
"MA",2017,32.1
"AL",2017,32.1
"WA",2015,32.1
"ME",2013,32.1
"PA",2013,32.1
"HI",2017,32.1
"TX",2017,32.1
"OR",2017,32.1
"NJ",2015,32.1
"WY",2013,32.1
"NJ",2017,32.1
"IA",2019,32.1
"OR",2019,32.1
"TN",2015,32.1
"MD",2019,32.1
"AK",2019,32.1
"IA",2015,32.1
"WY",2015,32.1
"MD",2019,32.1
"NE",2019,32.1
"MA",2011,32.1
"TN",2015,32.1
"NJ",2011,32.1
"IL",2013,32.1
"CA",2011,32.1
"NM",2015,32.1
"OK",2013,32.1
"TX",2015,32.1
"KS",2015,32.1
"TN",2015,32.1
"VA",2015,32.1
"CA",2011,32.1
"SD",2015,32.1
"UT",2013,32.1
"HI",2011,32.1
"VT",2017,32.2
"NH",2017,32.2
"PA",2017,32.2
"WA",2017,32.2
"NE",2017,32.2
"MN",2013,32.2
"ND",2013,32.2
"MN",2015,32.2
"LA",2015,32.2
"NJ",2015,32.2
"CA",2017,32.2
"NH",2015,32.2
"AK",2017,32.2
"AZ",2019,32.2
"TN",2019,32.2
"DE",2019,32.2
"NC",2019,32.2
"PA",2019,32.2
"AR",2019,32.2
"LA",2019,32.2
"AZ",2013,32.2
"OK",2011,32.2
"OR",2015,32.2
"ND",2013,32.2
"MD",2015,32.2
"MS",2013,32.2
"AL",2011,32.2
"HI",2015,32.2
"NH",2011,32.2
"DE",2017,32.3
"ID",2017,32.3
"SD",2017,32.3
"NM",2017,32.3
"MS",2017,32.3
"WA",2011,32.3
"MI",2013,32.3
"DE",2011,32.3
"TX",2013,32.3
"MN",2011,32.3
"OK",2017,32.3
"LA",2017,32.3
"RI",2015,32.3
"CO",2013,32.3
"OR",2015,32.3
"TN",2019,32.3
"MD",2019,32.3
"MO",2019,32.3
"SD",2019,32.3
"AK",2019,32.3
"UT",2013,32.3
"CT",2019,32.3
"MI",2019,32.3
"SD",2019,32.3
"CA",2019,32.3
"VA",2015,32.3
"NY",2015,32.3
"WI",2015,32.3
"CT",2013,32.3
"DE",2015,32.3
"NH",2011,32.3
"KS",2013,32.3
"TX",2013,32.3
"OH",2015,32.3
"NV",2015,32.3
"MD",2013,32.3
"WA",2011,32.3
"UT",2011,32.3
"VT",2015,32.3
"CT",2011,32.3
"KY",2017,32.4
"CT",2017,32.4
"VT",2017,32.4
"PA",2017,32.4
"ND",2011,32.4
"WA",2011,32.4
"NY",2013,32.4
"NJ",2013,32.4
"NJ",2017,32.4
"NH",2011,32.4
"HI",2011,32.4
"SD",2019,32.4
"NV",2015,32.4
"GA",2019,32.4
"WA",2019,32.4
"IA",2019,32.4
"CO",2011,32.4
"AR",2019,32.4
"OR",2019,32.4
"LA",2019,32.4
"NY",2015,32.4
"MD",2015,32.4
"TX",2019,32.4
"OR",2011,32.4
"MA",2015,32.4
"NJ",2015,32.4
"WV",2015,32.4
"AK",2011,32.4
"MT",2015,32.4
"VA",2013,32.4
"VA",2013,32.4
"MS",2011,32.4
"NH",2015,32.4
"ID",2017,32.5
"RI",2017,32.5
"ID",2015,32.5
"CA",2011,32.5
"DE",2013,32.5
"PA",2011,32.5
"GA",2017,32.5
"CO",2017,32.5
"VA",2017,32.5
"ID",2017,32.5
"MI",2019,32.5
"ME",2013,32.5
"IL",2015,32.5
"IA",2019,32.5
"PA",2019,32.5
"IA",2011,32.5
"RI",2019,32.5
"UT",2011,32.5
"AZ",2011,32.5
"SD",2015,32.5
"MI",2011,32.5
"FL",2015,32.5
"MA",2015,32.5
"MO",2015,32.5
"WY",2017,32.6
"ID",2011,32.6
"NH",2013,32.6
"OR",2013,32.6
"OR",2017,32.6
"NH",2017,32.6
"IL",2017,32.6
"WA",2017,32.6
"NE",2017,32.6
"MI",2019,32.6
"IA",2019,32.6
"VA",2019,32.6
"VA",2013,32.6
"ME",2019,32.6
"CO",2011,32.6
"TN",2019,32.6
"MA",2013,32.6
"HI",2013,32.6
"KS",2015,32.6
"SC",2013,32.6
"UT",2011,32.6
"OK",2015,32.6
"NH",2013,32.6
"MO",2013,32.6
"SC",2013,32.6
"AK",2013,32.6
"FL",2017,32.7
"MD",2017,32.7
"IL",2015,32.7
"CO",2015,32.7
"LA",2017,32.7
"NV",2019,32.7
"OK",2019,32.7
"TN",2019,32.7
"LA",2019,32.7
"NH",2019,32.7
"MI",2011,32.7
"KS",2019,32.7
"MS",2019,32.7
"CO",2011,32.7
"WA",2011,32.7
"KS",2013,32.7
"IL",2013,32.7
"MD",2015,32.7
"AK",2011,32.7
"NJ",2011,32.7
"CT",2015,32.7
"NC",2013,32.7
"MA",2011,32.7
"CA",2013,32.7
"VA",2017,32.8
"AZ",2017,32.8
"NM",2017,32.8
"NJ",2017,32.8
"CA",2013,32.8
"MI",2015,32.8
"TN",2015,32.8
"MI",2015,32.8
"WI",2017,32.8
"ID",2017,32.8
"LA",2017,32.8
"WY",2015,32.8
"GA",2013,32.8
"WI",2019,32.8
"KS",2019,32.8
"RI",2019,32.8
"OH",2019,32.8
"NV",2013,32.8
"FL",2019,32.8
"NY",2019,32.8
"SC",2019,32.8
"TX",2019,32.8
"NY",2011,32.8
"NV",2013,32.8
"HI",2011,32.8
"MT",2015,32.8
"CO",2015,32.8
"NJ",2013,32.8
"AZ",2015,32.8
"MT",2015,32.8
"NJ",2011,32.8
"IN",2013,32.8
"MA",2011,32.8
"GA",2017,32.9
"ND",2017,32.9
"CA",2017,32.9
"AL",2017,32.9
"WY",2017,32.9
"FL",2011,32.9
"HI",2015,32.9
"NV",2011,32.9
"AZ",2017,32.9
"CO",2017,32.9
"AZ",2017,32.9
"AZ",2011,32.9
"IL",2019,32.9
"IA",2019,32.9
"FL",2019,32.9
"DE",2019,32.9
"HI",2019,32.9
"KY",2011,32.9
"VA",2013,32.9
"IL",2013,32.9
"AL",2015,32.9
"VT",2015,32.9
"WA",2013,32.9
"MT",2015,32.9
"MD",2013,32.9
"ME",2015,32.9
"IL",2013,32.9
"NY",2011,32.9
"AR",2017,33
"CT",2017,33
"MD",2017,33
"WI",2013,33
"TX",2011,33
"MN",2013,33
"OH",2013,33
"PA",2015,33
"CA",2015,33
"WY",2017,33
"KY",2013,33
"MS",2015,33
"UT",2011,33
"GA",2019,33
"NE",2019,33
"OK",2019,33
"NC",2019,33
"MI",2013,33
"KY",2019,33
"DE",2019,33
"HI",2019,33
"KY",2011,33
"AZ",2019,33
"OH",2013,33
"MA",2011,33
"CO",2013,33
"HI",2015,33
"MA",2011,33
"NV",2013,33
"HI",2013,33
"AL",2015,33
"NJ",2013,33
"SD",2015,33
"ID",2017,33.1
"WI",2011,33.1
"OH",2017,33.1
"ID",2017,33.1
"NJ",2013,33.1
"NJ",2017,33.1
"NY",2013,33.1
"CA",2011,33.1
"NY",2017,33.1
"GA",2011,33.1
"WA",2017,33.1
"WA",2015,33.1
"NM",2013,33.1
"MS",2019,33.1
"NV",2019,33.1
"TX",2019,33.1
"GA",2015,33.1
"NH",2019,33.1
"PA",2019,33.1
"NV",2019,33.1
"SC",2011,33.1
"MD",2019,33.1
"RI",2011,33.1
"WI",2013,33.1
"OK",2011,33.1
"MO",2011,33.1
"MI",2013,33.1
"MN",2013,33.1
"MS",2015,33.1
"NJ",2011,33.1
"OK",2013,33.1
"MI",2015,33.1
"NV",2013,33.1
"NY",2013,33.1
"WI",2015,33.1
"NM",2017,33.2
"UT",2017,33.2
"IA",2017,33.2
"DE",2017,33.2
"RI",2017,33.2
"WA",2017,33.2
"ND",2015,33.2
"KY",2011,33.2
"MT",2013,33.2
"NE",2015,33.2
"MT",2011,33.2
"KS",2017,33.2
"WV",2011,33.2
"MN",2011,33.2
"MI",2019,33.2
"AK",2019,33.2
"OK",2019,33.2
"ND",2015,33.2
"IL",2015,33.2
"VA",2019,33.2
"MA",2019,33.2
"RI",2019,33.2
"CA",2013,33.2
"CT",2011,33.2
"IN",2011,33.2
"TN",2011,33.2
"OR",2013,33.2
"OR",2013,33.2
"MS",2013,33.2
"HI",2013,33.2
"NM",2015,33.2
"FL",2017,33.3
"MO",2017,33.3
"NJ",2011,33.3
"WA",2017,33.3
"OH",2017,33.3
"NJ",2017,33.3
"MD",2011,33.3
"NY",2011,33.3
"MT",2013,33.3
"CT",2013,33.3
"ME",2013,33.3
"NC",2011,33.3
"WA",2011,33.3
"UT",2017,33.3
"AR",2013,33.3
"CT",2017,33.3
"HI",2019,33.3
"SC",2019,33.3
"VA",2019,33.3
"UT",2019,33.3
"OK",2019,33.3
"MD",2019,33.3
"AZ",2019,33.3
"MT",2013,33.3
"ME",2019,33.3
"HI",2015,33.3
"UT",2019,33.3
"MI",2013,33.3
"NM",2013,33.3
"TX",2013,33.3
"HI",2015,33.3
"NM",2011,33.3
"NH",2017,33.4
"CT",2017,33.4
"ID",2017,33.4
"NM",2017,33.4
"ID",2017,33.4
"VA",2011,33.4
"MT",2011,33.4
"RI",2011,33.4
"TN",2011,33.4
"ND",2017,33.4
"HI",2017,33.4
"CT",2013,33.4
"NV",2017,33.4
"RI",2019,33.4
"LA",2015,33.4
"IN",2019,33.4
"WI",2019,33.4
"TX",2019,33.4
"MN",2013,33.4
"CO",2019,33.4
"KS",2019,33.4
"MN",2019,33.4
"WI",2019,33.4
"KS",2019,33.4
"FL",2013,33.4
"DE",2011,33.4
"SC",2013,33.4
"NM",2017,33.5
"KY",2017,33.5
"CA",2017,33.5
"NH",2017,33.5
"IL",2017,33.5
"NV",2015,33.5
"MD",2013,33.5
"ID",2011,33.5
"MI",2017,33.5
"IN",2017,33.5
"MA",2013,33.5
"TX",2017,33.5
"DE",2017,33.5
"AK",2019,33.5
"VA",2015,33.5
"OH",2019,33.5
"NY",2019,33.5
"SC",2019,33.5
"WA",2015,33.5
"ND",2019,33.5
"UT",2011,33.5
"AR",2011,33.5
"MT",2015,33.5
"PA",2011,33.5
"MS",2013,33.5
"HI",2011,33.5
"HI",2013,33.5
"TX",2011,33.5
"AZ",2013,33.5
"UT",2013,33.5
"DE",2013,33.5
"UT",2011,33.5
"OR",2017,33.6
"CO",2017,33.6
"MN",2017,33.6
"CT",2017,33.6
"GA",2013,33.6
"NC",2015,33.6
"WI",2013,33.6
"WY",2011,33.6
"CA",2017,33.6
"CA",2017,33.6
"NH",2013,33.6
"MS",2019,33.6
"NE",2019,33.6
"VA",2011,33.6
"ID",2019,33.6
"NC",2019,33.6
"UT",2015,33.6
"IN",2019,33.6
"OK",2019,33.6
"MS",2019,33.6
"OR",2019,33.6
"AK",2019,33.6
"RI",2011,33.6
"GA",2019,33.6
"NY",2019,33.6
"MN",2011,33.6
"CO",2013,33.6
"OH",2015,33.6
"NJ",2013,33.6
"MI",2011,33.6
"KS",2013,33.6
"RI",2017,33.7
"IL",2017,33.7
"AK",2017,33.7
"MO",2017,33.7
"NM",2015,33.7
"IL",2015,33.7
"KY",2015,33.7
"HI",2015,33.7
"MT",2015,33.7
"MI",2017,33.7
"WA",2013,33.7
"IN",2019,33.7
"DE",2019,33.7
"VA",2019,33.7
"PA",2019,33.7
"DE",2015,33.7
"IL",2019,33.7
"TX",2019,33.7
"OK",2019,33.7
"IN",2019,33.7
"GA",2019,33.7
"OR",2019,33.7
"CA",2019,33.7
"NH",2015,33.7
"ME",2013,33.7
"GA",2011,33.7
"WI",2011,33.7
"SD",2013,33.7
"WY",2015,33.7
"ID",2015,33.7
"NV",2015,33.7
"LA",2017,33.8
"OR",2013,33.8
"NC",2013,33.8
"CA",2015,33.8
"MI",2015,33.8
"NV",2011,33.8
"SC",2017,33.8
"NV",2013,33.8
"OH",2019,33.8
"ID",2019,33.8
"ND",2019,33.8
"CA",2013,33.8
"MN",2019,33.8
"AK",2011,33.8
"VT",2019,33.8
"WA",2019,33.8
"NM",2019,33.8
"IA",2019,33.8
"MA",2015,33.8
"MD",2013,33.8
"MD",2011,33.8
"MT",2015,33.8
"MO",2013,33.8
"OR",2011,33.8
"SD",2013,33.8
"NE",2013,33.8
"ME",2011,33.8
"ND",2017,33.9
"OR",2017,33.9
"OH",2017,33.9
"TX",2017,33.9
"CO",2017,33.9
"KY",2017,33.9
"VT",2017,33.9
"NH",2011,33.9
"VA",2017,33.9
"NV",2017,33.9
"CO",2013,33.9
"TN",2019,33.9
"NE",2019,33.9
"SD",2019,33.9
"MA",2019,33.9
"MN",2019,33.9
"WV",2013,33.9
"LA",2013,33.9
"WV",2013,33.9
"IN",2013,33.9
"MA",2011,33.9
"ME",2013,33.9
"PA",2013,33.9
"IA",2013,33.9
"OR",2015,33.9
"MD",2015,33.9
"TX",2017,34
"NC",2017,34
"WY",2017,34
"WY",2017,34
"AK",2013,34
"RI",2013,34
"GA",2013,34
"AL",2017,34
"NM",2015,34
"OH",2015,34
"WA",2019,34
"ND",2019,34
"NM",2019,34
"MI",2019,34
"LA",2013,34
"AK",2019,34
"LA",2019,34
"NV",2013,34
"MA",2015,34
"CA",2013,34
"NV",2017,34.1
"SD",2017,34.1
"NM",2017,34.1
"AK",2017,34.1
"TN",2017,34.1
"NE",2015,34.1
"UT",2017,34.1
"HI",2011,34.1
"HI",2019,34.1
"ND",2019,34.1
"WA",2019,34.1
"IA",2019,34.1
"OH",2019,34.1
"MN",2019,34.1
"UT",2019,34.1
"DE",2019,34.1
"WY",2015,34.1
"WY",2019,34.1
"WI",2019,34.1
"MD",2013,34.1
"TX",2011,34.1
"MN",2015,34.1
"NY",2015,34.1
"AZ",2013,34.1
"WI",2013,34.1
"SD",2013,34.1
"AK",2015,34.1
"CT",2013,34.1
"WY",2017,34.2
"CT",2017,34.2
"FL",2015,34.2
"AR",2015,34.2
"AK",2017,34.2
"SD",2015,34.2
"IL",2019,34.2
"IL",2019,34.2
"LA",2019,34.2
"RI",2019,34.2
"WY",2019,34.2
"TN",2019,34.2
"AZ",2019,34.2
"UT",2019,34.2
"SD",2019,34.2
"WY",2019,34.2
"HI",2019,34.2
"UT",2019,34.2
"WY",2011,34.2
"ID",2013,34.2
"ME",2015,34.2
"TX",2011,34.2
"LA",2015,34.2
"FL",2017,34.3
"LA",2017,34.3
"FL",2017,34.3
"CO",2017,34.3
"CA",2017,34.3
"OH",2017,34.3
"WY",2017,34.3
"CT",2017,34.3
"WY",2015,34.3
"NH",2015,34.3
"NV",2015,34.3
"MT",2013,34.3
"AK",2015,34.3
"AK",2015,34.3
"PA",2019,34.3
"RI",2019,34.3
"ND",2019,34.3
"NV",2019,34.3
"GA",2019,34.3
"LA",2019,34.3
"MI",2019,34.3
"MI",2019,34.3
"OR",2019,34.3
"WY",2015,34.3
"MA",2011,34.3
"MT",2015,34.3
"WI",2011,34.3
"CA",2015,34.3
"DE",2011,34.3
"MN",2015,34.3
"ND",2011,34.3
"IL",2013,34.3
"UT",2017,34.4
"CT",2011,34.4
"MO",2011,34.4
"NJ",2013,34.4
"MD",2019,34.4
"SD",2019,34.4
"DE",2015,34.4
"ME",2019,34.4
"MN",2015,34.4
"NC",2011,34.4
"CO",2019,34.4
"NE",2019,34.4
"CO",2015,34.4
"ME",2011,34.4
"RI",2013,34.4
"MO",2019,34.4
"GA",2019,34.4
"ME",2019,34.4
"CT",2019,34.4
"CO",2019,34.4
"AL",2019,34.4
"WA",2019,34.4
"WA",2015,34.4
"NY",2011,34.4
"MA",2015,34.4
"NC",2011,34.4
"ID",2011,34.4
"MA",2013,34.4
"KS",2017,34.5
"NH",2017,34.5
"KS",2017,34.5
"NM",2017,34.5
"NV",2017,34.5
"CT",2017,34.5
"SC",2011,34.5
"AL",2017,34.5
"AZ",2011,34.5
"UT",2011,34.5
"NV",2011,34.5
"LA",2017,34.5
"AK",2017,34.5
"CO",2017,34.5
"ID",2017,34.5
"NY",2017,34.5
"IA",2017,34.5
"NY",2017,34.5
"TN",2019,34.5
"IL",2019,34.5
"TX",2019,34.5
"CO",2011,34.5
"NE",2019,34.5
"MT",2015,34.5
"WV",2019,34.5
"CA",2015,34.5
"KS",2015,34.5
"MS",2013,34.5
"OR",2011,34.5
"CA",2015,34.5
"NJ",2013,34.5
"VA",2015,34.6
"CA",2017,34.6
"IN",2017,34.6
"MT",2017,34.6
"OK",2017,34.6
"CA",2015,34.6
"KS",2015,34.6
"MS",2015,34.6
"OK",2015,34.6
"MI",2017,34.6
"HI",2017,34.6
"IN",2019,34.6
"AZ",2019,34.6
"ND",2011,34.6
"UT",2011,34.6
"VA",2019,34.6
"MA",2019,34.6
"MN",2019,34.6
"MN",2019,34.6
"SC",2019,34.6
"CA",2019,34.6
"AL",2019,34.6
"SD",2019,34.6
"MN",2019,34.6
"WV",2019,34.6
"MI",2019,34.6
"IA",2011,34.6
"KS",2011,34.6
"MN",2013,34.6
"AZ",2015,34.6
"CO",2013,34.6
"TX",2011,34.6
"AK",2015,34.6
"KY",2011,34.6
"AL",2013,34.6
"AZ",2013,34.6
"NH",2013,34.6
"AK",2017,34.7
"UT",2017,34.7
"DE",2017,34.7
"AK",2013,34.7
"CO",2011,34.7
"RI",2017,34.7
"WY",2017,34.7
"MI",2019,34.7
"KS",2019,34.7
"WI",2019,34.7
"AK",2019,34.7
"NE",2019,34.7
"MN",2019,34.7
"OH",2019,34.7
"MA",2015,34.7
"IL",2013,34.7
"CO",2015,34.7
"HI",2013,34.7
"NM",2013,34.7
"WY",2015,34.7
"IL",2011,34.7
"UT",2015,34.8
"VA",2011,34.8
"MA",2017,34.8
"DE",2011,34.8
"MO",2013,34.8
"NM",2019,34.8
"NC",2019,34.8
"MN",2019,34.8
"AL",2019,34.8
"TN",2019,34.8
"NE",2019,34.8
"NC",2011,34.8
"NY",2019,34.8
"MD",2013,34.8
"MN",2015,34.8
"CO",2015,34.8
"TX",2019,34.8
"IA",2019,34.8
"OR",2019,34.8
"MD",2019,34.8
"SC",2019,34.8
"NE",2019,34.8
"WA",2019,34.8
"MN",2019,34.8
"SC",2013,34.8
"GA",2015,34.8
"WA",2015,34.8
"NM",2015,34.8
"VA",2013,34.8
"WY",2013,34.8
"VA",2013,34.8
"SC",2013,34.8
"DE",2013,34.8
"GA",2017,34.9
"AZ",2017,34.9
"AK",2017,34.9
"DE",2011,34.9
"NE",2015,34.9
"NC",2015,34.9
"IN",2015,34.9
"GA",2017,34.9
"WY",2017,34.9
"OH",2017,34.9
"FL",2017,34.9
"RI",2015,34.9
"NE",2019,34.9
"NV",2019,34.9
"FL",2019,34.9
"CA",2019,34.9
"LA",2019,34.9
"AR",2019,34.9
"ND",2015,34.9
"RI",2019,34.9
"VA",2019,34.9
"NJ",2013,34.9
"MI",2015,34.9
"CT",2015,34.9
"IA",2013,34.9
"UT",2015,34.9
"AZ",2015,34.9
"NJ",2013,34.9
"NH",2013,34.9
"HI",2013,35
"AZ",2017,35
"MN",2013,35
"FL",2013,35
"DE",2017,35
"MD",2019,35
"VA",2019,35
"MN",2019,35
"DE",2019,35
"WI",2019,35
"OR",2019,35
"MI",2019,35
"MD",2015,35
"PA",2019,35
"SC",2011,35
"SC",2015,35
"CA",2011,35
"IL",2013,35
"CO",2015,35
"WA",2015,35
"FL",2011,35
"NE",2011,35
"IN",2017,35.1
"NC",2017,35.1
"RI",2017,35.1
"WI",2017,35.1
"NC",2019,35.1
"NY",2019,35.1
"OK",2019,35.1
"MN",2019,35.1
"MI",2019,35.1
"WA",2019,35.1
"KY",2019,35.1
"UT",2019,35.1
"NC",2013,35.1
"ID",2015,35.1
"MO",2015,35.1
"FL",2015,35.1
"CO",2013,35.1
"UT",2011,35.1
"MN",2017,35.2
"NC",2011,35.2
"RI",2013,35.2
"WA",2013,35.2
"TX",2011,35.2
"KS",2017,35.2
"HI",2017,35.2
"HI",2019,35.2
"FL",2019,35.2
"NY",2019,35.2
"KS",2019,35.2
"ID",2019,35.2
"KY",2019,35.2
"MD",2011,35.2
"UT",2019,35.2
"WA",2013,35.2
"CO",2019,35.2
"CO",2019,35.2
"CO",2019,35.2
"IL",2011,35.2
"AK",2015,35.2
"FL",2013,35.2
"UT",2015,35.2
"CA",2011,35.2
"NY",2011,35.2
"TX",2015,35.2
"ME",2011,35.2
"OH",2011,35.2
"AK",2017,35.3
"MD",2015,35.3
"WA",2017,35.3
"LA",2017,35.3
"WY",2013,35.3
"SC",2011,35.3
"NC",2017,35.3
"IL",2011,35.3
"CO",2017,35.3
"FL",2017,35.3
"IN",2019,35.3
"AR",2019,35.3
"WV",2019,35.3
"WI",2019,35.3
"FL",2019,35.3
"LA",2019,35.3
"NH",2019,35.3
"MI",2013,35.3
"CT",2019,35.3
"MI",2019,35.3
"RI",2019,35.3
"AK",2015,35.3
"AZ",2019,35.3
"MO",2015,35.3
"IN",2019,35.3
"MI",2013,35.3
"UT",2015,35.3
"NV",2013,35.3
"NC",2011,35.3
"IA",2015,35.3
"AZ",2015,35.3
"KY",2017,35.4
"TN",2017,35.4
"HI",2017,35.4
"AK",2015,35.4
"MN",2011,35.4
"CO",2015,35.4
"OK",2017,35.4
"OH",2017,35.4
"AR",2019,35.4
"TX",2019,35.4
"WA",2019,35.4
"WY",2019,35.4
"MN",2019,35.4
"FL",2019,35.4
"NH",2019,35.4
"SD",2019,35.4
"GA",2013,35.4
"NY",2013,35.4
"TN",2019,35.4
"AL",2019,35.4
"CO",2011,35.4
"WY",2011,35.4
"NC",2013,35.4
"AZ",2013,35.4
"MI",2015,35.4
"NV",2015,35.4
"UT",2015,35.4
"NV",2011,35.4
"NE",2011,35.4
"HI",2017,35.5
"OK",2017,35.5
"NE",2017,35.5
"NV",2011,35.5
"CO",2017,35.5
"MA",2017,35.5
"ME",2017,35.5
"VT",2011,35.5
"PA",2013,35.5
"MA",2019,35.5
"SC",2019,35.5
"KS",2015,35.5
"TN",2019,35.5
"VA",2019,35.5
"NV",2019,35.5
"KS",2019,35.5
"NM",2019,35.5
"VA",2019,35.5
"CA",2019,35.5
"MA",2019,35.5
"HI",2013,35.5
"NM",2015,35.5
"PA",2015,35.5
"CO",2013,35.5
"WA",2015,35.5
"SC",2011,35.5
"RI",2015,35.5
"NJ",2011,35.5
"PA",2015,35.5
"AZ",2017,35.6
"CA",2017,35.6
"MI",2011,35.6
"RI",2011,35.6
"MD",2015,35.6
"IA",2011,35.6
"UT",2015,35.6
"CA",2013,35.6
"AZ",2011,35.6
"WA",2019,35.6
"UT",2019,35.6
"OR",2019,35.6
"VA",2019,35.6
"OR",2019,35.6
"OH",2019,35.6
"MT",2019,35.6
"DE",2011,35.6
"AZ",2015,35.6
"DE",2011,35.6
"ID",2011,35.6
"AR",2015,35.6
"DE",2015,35.6
"NM",2013,35.6
"CO",2011,35.6
"HI",2013,35.6
"UT",2017,35.7
"WA",2017,35.7
"VT",2019,35.7
"KY",2019,35.7
"NH",2019,35.7
"MI",2019,35.7
"NE",2019,35.7
"SD",2019,35.7
"GA",2019,35.7
"FL",2019,35.7
"SC",2019,35.7
"WA",2019,35.7
"NH",2019,35.7
"TN",2019,35.7
"NM",2015,35.7
"WY",2011,35.7
"MI",2011,35.7
"NH",2013,35.7
"NH",2013,35.7
"SC",2017,35.8
"RI",2015,35.8
"AZ",2013,35.8
"CT",2017,35.8
"IN",2015,35.8
"NE",2013,35.8
"MO",2019,35.8
"VA",2019,35.8
"WI",2019,35.8
"NH",2019,35.8
"AK",2019,35.8
"KY",2015,35.8
"UT",2019,35.8
"SC",2019,35.8
"MT",2019,35.8
"NC",2013,35.8
"WI",2019,35.8
"IL",2011,35.8
"MO",2019,35.8
"FL",2019,35.8
"VA",2015,35.8
"IL",2019,35.8
"TN",2019,35.8
"WA",2015,35.8
"NV",2013,35.8
"MI",2015,35.8
"AK",2013,35.8
"TX",2013,35.8
"NY",2015,35.8
"TX",2011,35.8
"OH",2017,35.9
"ND",2017,35.9
"WA",2013,35.9
"TX",2015,35.9
"UT",2015,35.9
"MD",2017,35.9
"TX",2019,35.9
"CA",2019,35.9
"FL",2019,35.9
"VA",2019,35.9
"NH",2019,35.9
"DE",2019,35.9
"MN",2019,35.9
"WY",2019,35.9
"WA",2011,35.9
"AK",2011,35.9
"FL",2011,35.9
"VA",2015,35.9
"CO",2013,35.9
"MN",2015,35.9
"IL",2011,35.9
"OR",2013,35.9
"AK",2013,35.9
"IA",2017,36
"HI",2017,36
"MO",2017,36
"OH",2011,36
"HI",2015,36
"VA",2017,36
"AK",2011,36
"NC",2017,36
"NV",2019,36
"IN",2019,36
"RI",2019,36
"MA",2019,36
"KS",2015,36
"NM",2019,36
"NM",2019,36
"WI",2019,36
"NY",2019,36
"FL",2013,36
"IL",2015,36
"MA",2011,36
"ME",2015,36
"HI",2015,36
"UT",2013,36
"AK",2013,36
"NM",2011,36
"IN",2015,36
"VT",2017,36.1
"VT",2017,36.1
"OR",2017,36.1
"CO",2017,36.1
"KS",2017,36.1
"GA",2013,36.1
"WA",2017,36.1
"MD",2019,36.1
"WI",2019,36.1
"NY",2019,36.1
"RI",2019,36.1
"CT",2019,36.1
"PA",2019,36.1
"GA",2019,36.1
"SC",2019,36.1
"IA",2011,36.1
"UT",2013,36.1
"UT",2011,36.1
"HI",2011,36.1
"NV",2011,36.1
"ME",2013,36.1
"AK",2013,36.1
"HI",2017,36.2
"IL",2017,36.2
"MA",2017,36.2
"KY",2015,36.2
"NE",2013,36.2
"NY",2013,36.2
"MN",2017,36.2
"CA",2011,36.2
"WA",2013,36.2
"NH",2019,36.2
"IL",2019,36.2
"CA",2013,36.2
"WY",2013,36.2
"MN",2019,36.2
"NY",2019,36.2
"ND",2019,36.2
"MD",2019,36.2
"MS",2019,36.2
"WI",2019,36.2
"GA",2019,36.2
"CA",2019,36.2
"FL",2013,36.2
"VT",2019,36.2
"IL",2011,36.2
"WI",2013,36.2
"MA",2013,36.2
"CT",2013,36.2
"AK",2017,36.3
"MN",2017,36.3
"SC",2017,36.3
"VA",2015,36.3
"GA",2013,36.3
"ID",2015,36.3
"OH",2013,36.3
"UT",2017,36.3
"SD",2017,36.3
"FL",2019,36.3
"HI",2019,36.3
"RI",2019,36.3
"MT",2019,36.3
"NY",2015,36.3
"AL",2019,36.3
"KY",2013,36.3
"MT",2015,36.3
"DE",2015,36.3
"CO",2015,36.3
"HI",2015,36.3
"OH",2015,36.3
"UT",2017,36.4
"NH",2017,36.4
"SD",2017,36.4
"CO",2015,36.4
"NM",2013,36.4
"GA",2019,36.4
"IA",2019,36.4
"NY",2013,36.4
"AZ",2011,36.4
"MA",2011,36.4
"NY",2019,36.4
"IL",2019,36.4
"KS",2019,36.4
"CT",2019,36.4
"KS",2019,36.4
"RI",2015,36.4
"AK",2011,36.4
"HI",2011,36.4
"AK",2015,36.4
"TX",2013,36.5
"LA",2015,36.5
"TN",2015,36.5
"PA",2017,36.5
"CO",2011,36.5
"OR",2019,36.5
"MS",2019,36.5
"WA",2019,36.5
"WA",2011,36.5
"WY",2019,36.5
"VA",2019,36.5
"NM",2019,36.5
"AR",2019,36.5
"PA",2019,36.5
"MN",2019,36.5
"SC",2019,36.5
"WI",2019,36.5
"VA",2019,36.5
"MD",2019,36.5
"HI",2019,36.5
"NY",2011,36.5
"MD",2011,36.5
"TX",2013,36.5
"NM",2011,36.5
"MO",2011,36.5
"ND",2013,36.5
"HI",2011,36.5
"NV",2011,36.5
"DE",2013,36.5
"MI",2011,36.5
"KY",2015,36.5
"MN",2011,36.5
"CO",2013,36.5
"NC",2017,36.6
"KY",2017,36.6
"MI",2017,36.6
"MD",2013,36.6
"OH",2011,36.6
"KS",2011,36.6
"RI",2011,36.6
"MD",2019,36.6
"MD",2019,36.6
"AZ",2019,36.6
"WA",2019,36.6
"CA",2019,36.6
"WA",2019,36.6
"MD",2019,36.6
"MN",2013,36.6
"MO",2013,36.6
"NJ",2015,36.6
"ND",2011,36.6
"CT",2015,36.6
"UT",2015,36.6
"SD",2015,36.6
"MA",2013,36.6
"AZ",2011,36.6
"OH",2015,36.6
"SC",2017,36.7
"MD",2017,36.7
"SC",2015,36.7
"GA",2011,36.7
"TN",2015,36.7
"ME",2017,36.7
"ND",2019,36.7
"NY",2019,36.7
"ID",2019,36.7
"IL",2011,36.7
"LA",2019,36.7
"CA",2015,36.7
"IA",2019,36.7
"CT",2015,36.7
"NC",2011,36.7
"KS",2013,36.7
"VA",2015,36.7
"GA",2011,36.7
"WA",2013,36.7
"NM",2015,36.7
"CA",2011,36.7
"PA",2017,36.8
"DE",2013,36.8
"NY",2011,36.8
"CA",2011,36.8
"NE",2017,36.8
"HI",2017,36.8
"CT",2019,36.8
"CO",2019,36.8
"IN",2019,36.8
"NY",2019,36.8
"MI",2019,36.8
"AZ",2019,36.8
"MI",2019,36.8
"NY",2019,36.8
"NJ",2011,36.8
"OH",2011,36.8
"NM",2013,36.8
"DE",2013,36.8
"MD",2017,36.9
"IL",2017,36.9
"DE",2017,36.9
"MN",2015,36.9
"AK",2013,36.9
"MD",2013,36.9
"ID",2015,36.9
"GA",2019,36.9
"AR",2019,36.9
"IN",2019,36.9
"MT",2019,36.9
"FL",2019,36.9
"WY",2019,36.9
"WA",2019,36.9
"DE",2019,36.9
"CT",2015,36.9
"CA",2013,36.9
"NM",2011,36.9
"CT",2011,36.9
"AK",2015,36.9
"AZ",2011,36.9
"ID",2013,36.9
"AK",2017,37
"NV",2017,37
"GA",2011,37
"MA",2013,37
"KS",2019,37
"WA",2015,37
"DE",2019,37
"CT",2011,37
"LA",2019,37
"IL",2019,37
"IL",2019,37
"WY",2019,37
"TX",2019,37
"HI",2013,37
"NJ",2013,37
"FL",2011,37.1
"MA",2017,37.1
"NC",2017,37.1
"HI",2017,37.1
"NM",2017,37.1
"HI",2011,37.1
"MD",2011,37.1
"KY",2011,37.1
"SC",2015,37.1
"WA",2011,37.1
"OH",2013,37.1
"TN",2015,37.1
"CA",2017,37.1
"WA",2019,37.1
"VA",2015,37.1
"NJ",2015,37.1
"AK",2019,37.1
"NV",2019,37.1
"NH",2019,37.1
"IL",2019,37.1
"NJ",2013,37.1
"NM",2011,37.1
"NJ",2011,37.1
"OR",2013,37.1
"FL",2015,37.1
"IN",2013,37.1
"FL",2011,37.1
"NH",2013,37.1
"GA",2013,37.1
"SC",2013,37.1
"FL",2015,37.1
"UT",2017,37.2
"NJ",2015,37.2
"DE",2011,37.2
"RI",2013,37.2
"NC",2017,37.2
"RI",2017,37.2
"CT",2013,37.2
"IN",2019,37.2
"CT",2019,37.2
"SD",2019,37.2
"AZ",2019,37.2
"NY",2019,37.2
"HI",2019,37.2
"GA",2019,37.2
"NH",2019,37.2
"IN",2019,37.2
"CO",2019,37.2
"ID",2019,37.2
"TN",2019,37.2
"TX",2019,37.2
"MA",2015,37.2
"KY",2015,37.2
"WY",2015,37.2
"MO",2015,37.2
"WA",2015,37.2
"NY",2015,37.2
"MA",2015,37.2
"NV",2017,37.3
"FL",2017,37.3
"OH",2013,37.3
"CA",2017,37.3
"UT",2019,37.3
"NM",2019,37.3
"WY",2019,37.3
"PA",2011,37.3
"NH",2015,37.3
"NH",2019,37.3
"GA",2013,37.3
"IL",2019,37.3
"UT",2019,37.3
"IL",2019,37.3
"NE",2015,37.3
"FL",2013,37.3
"CO",2011,37.3
"DE",2013,37.3
"HI",2013,37.3
"SC",2015,37.3
"NE",2013,37.3
"CA",2015,37.3
"ME",2013,37.3
"AZ",2013,37.3
"MA",2011,37.4
"CT",2015,37.4
"CO",2013,37.4
"GA",2011,37.4
"NC",2019,37.4
"AR",2019,37.4
"FL",2019,37.4
"AZ",2019,37.4
"AZ",2019,37.4
"MD",2015,37.4
"NY",2015,37.4
"VA",2019,37.4
"WI",2019,37.4
"OH",2019,37.4
"PA",2011,37.4
"NJ",2011,37.4
"UT",2013,37.4
"AK",2015,37.4
"WI",2011,37.4
"LA",2015,37.4
"CA",2017,37.5
"AZ",2015,37.5
"VT",2013,37.5
"MN",2015,37.5
"MD",2017,37.5
"WY",2017,37.5
"AK",2017,37.5
"NE",2019,37.5
"MA",2019,37.5
"AZ",2019,37.5
"PA",2019,37.5
"DE",2015,37.5
"TX",2015,37.5
"DE",2011,37.5
"HI",2013,37.5
"WA",2017,37.6
"GA",2017,37.6
"CA",2017,37.6
"WY",2017,37.6
"ID",2017,37.6
"IA",2015,37.6
"HI",2015,37.6
"AL",2011,37.6
"TX",2017,37.6
"IL",2019,37.6
"WY",2019,37.6
"FL",2019,37.6
"MI",2019,37.6
"MT",2019,37.6
"DE",2013,37.6
"AZ",2019,37.6
"HI",2019,37.6
"NE",2015,37.6
"HI",2019,37.6
"NC",2019,37.6
"SC",2015,37.6
"AK",2019,37.6
"NH",2019,37.6
"GA",2011,37.6
"OR",2019,37.6
"AZ",2019,37.6
"VA",2019,37.6
"OH",2011,37.6
"WY",2011,37.6
"NE",2015,37.6
"MT",2011,37.6
"CO",2011,37.6
"KY",2015,37.6
"CO",2011,37.6
"AL",2017,37.7
"MD",2013,37.7
"AK",2013,37.7
"WI",2015,37.7
"IL",2015,37.7
"LA",2019,37.7
"SC",2019,37.7
"ME",2019,37.7
"DE",2019,37.7
"MT",2019,37.7
"AZ",2019,37.7
"MI",2019,37.7
"WY",2019,37.7
"KS",2019,37.7
"MT",2011,37.7
"VT",2015,37.7
"CA",2013,37.7
"ME",2013,37.7
"OK",2013,37.7
"MT",2011,37.7
"SD",2013,37.7
"AK",2011,37.7
"FL",2017,37.8
"MN",2017,37.8
"AK",2013,37.8
"CA",2015,37.8
"SC",2015,37.8
"TX",2019,37.8
"HI",2019,37.8
"LA",2019,37.8
"MO",2019,37.8
"WI",2019,37.8
"CA",2019,37.8
"MT",2019,37.8
"DE",2013,37.8
"ID",2013,37.8
"RI",2013,37.8
"GA",2015,37.8
"MT",2017,37.9
"MD",2017,37.9
"IA",2017,37.9
"MN",2017,37.9
"VT",2017,37.9
"LA",2017,37.9
"TX",2017,37.9
"MN",2013,37.9
"SD",2015,37.9
"RI",2017,37.9
"NH",2013,37.9
"MT",2019,37.9
"WA",2019,37.9
"HI",2019,37.9
"RI",2019,37.9
"NY",2019,37.9
"CT",2019,37.9
"DE",2019,37.9
"OH",2019,37.9
"KS",2019,37.9
"CA",2011,37.9
"VT",2019,37.9
"IL",2019,37.9
"VT",2019,37.9
"VT",2013,37.9
"MD",2019,37.9
"MN",2011,37.9
"AZ",2015,37.9
"IL",2011,37.9
"NJ",2011,37.9
"NV",2017,38
"NM",2017,38
"NY",2017,38
"PA",2017,38
"GA",2017,38
"MI",2017,38
"VT",2017,38
"CO",2019,38
"FL",2019,38
"WY",2019,38
"AL",2019,38
"MT",2019,38
"NY",2019,38
"DE",2019,38
"VA",2011,38
"MD",2015,38
"CA",2015,38
"NH",2011,38
"AK",2011,38
"NY",2013,38
"NJ",2013,38
"NJ",2015,38
"CT",2017,38.1
"CT",2011,38.1
"KY",2013,38.1
"HI",2013,38.1
"NJ",2017,38.1
"AL",2015,38.1
"RI",2019,38.1
"CO",2019,38.1
"UT",2019,38.1
"VT",2019,38.1
"VA",2019,38.1
"OH",2019,38.1
"FL",2019,38.1
"CT",2019,38.1
"PA",2015,38.1
"SD",2013,38.1
"NJ",2015,38.1
"MN",2015,38.1
"AK",2015,38.1
"CO",2015,38.1
"CO",2011,38.1
"OR",2015,38.1
"OR",2011,38.1
"VT",2011,38.1
"HI",2015,38.2
"MT",2013,38.2
"UT",2015,38.2
"NH",2015,38.2
"NM",2015,38.2
"TX",2013,38.2
"HI",2017,38.2
"NM",2013,38.2
"WY",2019,38.2
"VT",2019,38.2
"MI",2019,38.2
"GA",2019,38.2
"WI",2019,38.2
"CA",2019,38.2
"ME",2019,38.2
"AK",2019,38.2
"SC",2019,38.2
"MD",2011,38.2
"OR",2015,38.2
"OH",2011,38.2
"HI",2017,38.3
"WA",2017,38.3
"MN",2017,38.3
"ME",2017,38.3
"FL",2017,38.3
"CT",2017,38.3
"MD",2017,38.3
"RI",2011,38.3
"MO",2013,38.3
"MA",2013,38.3
"CA",2017,38.3
"DE",2011,38.3
"NE",2019,38.3
"LA",2019,38.3
"NV",2019,38.3
"WA",2019,38.3
"CA",2019,38.3
"TN",2019,38.3
"CO",2019,38.3
"CT",2019,38.3
"OR",2011,38.3
"VT",2019,38.3
"TX",2015,38.3
"NE",2015,38.3
"RI",2015,38.3
"SD",2019,38.4
"NY",2017,38.4
"PA",2017,38.4
"MN",2017,38.4
"MI",2017,38.4
"NM",2019,38.4
"GA",2019,38.4
"TX",2019,38.4
"HI",2019,38.4
"NC",2019,38.4
"LA",2011,38.4
"IL",2019,38.4
"UT",2019,38.4
"DE",2019,38.4
"OR",2015,38.4
"NC",2015,38.4
"UT",2011,38.4
"NV",2015,38.4
"CT",2017,38.5
"GA",2017,38.5
"IL",2015,38.5
"CA",2019,38.5
"GA",2019,38.5
"PA",2013,38.5
"AZ",2015,38.5
"CT",2013,38.5
"TN",2017,38.6
"NM",2017,38.6
"CO",2017,38.6
"CT",2017,38.6
"CO",2011,38.6
"NV",2011,38.6
"MT",2013,38.6
"AZ",2011,38.6
"WI",2017,38.6
"WI",2019,38.6
"MT",2019,38.6
"SC",2019,38.6
"HI",2019,38.6
"CA",2015,38.6
"WI",2019,38.6
"PA",2013,38.6
"WI",2019,38.6
"AK",2015,38.6
"AZ",2019,38.6
"NM",2019,38.6
"VT",2019,38.6
"GA",2019,38.6
"AK",2011,38.6
"MA",2015,38.6
"HI",2011,38.6
"OH",2011,38.6
"OR",2015,38.6
"AZ",2013,38.6
"VA",2011,38.6
"WY",2017,38.7
"NV",2017,38.7
"OR",2017,38.7
"MD",2013,38.7
"IA",2015,38.7
"HI",2011,38.7
"IL",2015,38.7
"AK",2017,38.7
"MI",2013,38.7
"SC",2019,38.7
"WI",2011,38.7
"WI",2019,38.7
"FL",2019,38.7
"NH",2019,38.7
"NM",2013,38.7
"MD",2013,38.7
"VA",2013,38.7
"AZ",2017,38.8
"VA",2017,38.8
"CT",2019,38.8
"MA",2019,38.8
"AL",2019,38.8
"NM",2019,38.8
"CT",2019,38.8
"IN",2019,38.8
"KS",2013,38.8
"ID",2017,38.9
"CO",2011,38.9
"MO",2017,38.9
"VA",2017,38.9
"MA",2017,38.9
"GA",2017,38.9
"AZ",2013,38.9
"ME",2017,38.9
"VA",2013,38.9
"WA",2013,38.9
"WA",2019,38.9
"UT",2015,38.9
"NY",2019,38.9
"NY",2019,38.9
"ME",2019,38.9
"MT",2019,38.9
"IA",2019,38.9
"IN",2019,38.9
"RI",2019,38.9
"IN",2019,38.9
"MN",2019,38.9
"GA",2011,38.9
"NM",2011,38.9
"UT",2013,38.9
"GA",2013,38.9
"TX",2017,39
"NE",2017,39
"NV",2017,39
"WI",2019,39
"OR",2019,39
"HI",2013,39
"DE",2015,39
"NV",2019,39
"MD",2019,39
"MN",2019,39
"MI",2019,39
"WI",2019,39
"FL",2019,39
"TN",2019,39
"IL",2015,39
"AK",2017,39.1
"CO",2017,39.1
"KY",2011,39.1
"CA",2017,39.1
"NH",2011,39.1
"WA",2017,39.1
"HI",2015,39.1
"PA",2019,39.1
"OH",2013,39.1
"FL",2019,39.1
"VT",2019,39.1
"AR",2019,39.1
"MN",2019,39.1
"VT",2019,39.1
"MI",2019,39.1
"MT",2019,39.1
"OK",2019,39.1
"SD",2019,39.1
"CA",2013,39.1
"NV",2013,39.1
"MA",2011,39.1
"WY",2015,39.1
"UT",2017,39.2
"CO",2017,39.2
"VA",2015,39.2
"UT",2017,39.2
"NJ",2017,39.2
"AZ",2017,39.2
"UT",2019,39.2
"AZ",2019,39.2
"NH",2019,39.2
"SC",2019,39.2
"MD",2019,39.2
"HI",2019,39.2
"IN",2019,39.2
"MD",2019,39.2
"OR",2011,39.2
"VA",2011,39.2
"NJ",2017,39.3
"CA",2013,39.3
"DE",2015,39.3
"ID",2017,39.3
"MI",2019,39.3
"MN",2019,39.3
"CT",2019,39.3
"CO",2019,39.3
"HI",2019,39.3
"CT",2019,39.3
"NC",2019,39.3
"VT",2019,39.3
"NY",2019,39.3
"DE",2015,39.3
"NC",2015,39.3
"CA",2013,39.3
"WI",2015,39.4
"FL",2015,39.4
"WA",2017,39.4
"PA",2019,39.4
"CO",2019,39.4
"OH",2019,39.4
"CO",2013,39.4
"CT",2019,39.4
"GA",2015,39.4
"IL",2019,39.4
"OH",2019,39.4
"CA",2015,39.4
"SD",2011,39.4
"AK",2013,39.4
"AZ",2011,39.4
"OH",2015,39.5
"DE",2011,39.5
"NV",2011,39.5
"FL",2013,39.5
"PA",2013,39.5
"VA",2019,39.5
"NE",2019,39.5
"MT",2019,39.5
"TN",2019,39.5
"NM",2019,39.5
"MO",2019,39.5
"MA",2019,39.5
"KS",2019,39.5
"OH",2019,39.5
"WV",2019,39.5
"HI",2019,39.5
"IN",2011,39.5
"HI",2015,39.5
"NJ",2017,39.6
"MT",2017,39.6
"ND",2017,39.6
"MT",2017,39.6
"VT",2015,39.6
"NM",2017,39.6
"AZ",2017,39.6
"TN",2019,39.6
"RI",2019,39.6
"CT",2019,39.6
"ID",2019,39.6
"TN",2019,39.6
"RI",2019,39.6
"KY",2019,39.6
"UT",2013,39.6
"VA",2013,39.6
"DE",2011,39.6
"VT",2013,39.6
"TN",2017,39.7
"GA",2017,39.7
"LA",2019,39.7
"IL",2011,39.7
"MT",2019,39.7
"OH",2019,39.7
"SD",2019,39.7
"VT",2019,39.7
"CT",2019,39.7
"RI",2019,39.7
"CO",2011,39.7
"AK",2015,39.7
"GA",2015,39.7
"MO",2015,39.7
"DE",2013,39.7
"AK",2013,39.7
"MT",2013,39.7
"UT",2017,39.8
"CO",2013,39.8
"WV",2015,39.8
"MT",2015,39.8
"GA",2011,39.8
"IL",2017,39.8
"TX",2017,39.8
"IL",2017,39.8
"TX",2019,39.8
"NH",2013,39.8
"AR",2019,39.8
"GA",2019,39.8
"SC",2019,39.8
"VA",2011,39.8
"KS",2013,39.8
"CA",2013,39.8
"NM",2013,39.8
"NC",2015,39.8
"MS",2017,39.9
"CA",2017,39.9
"MD",2015,39.9
"NM",2019,39.9
"SD",2019,39.9
"VT",2019,39.9
"MD",2019,39.9
"CT",2019,39.9
"TX",2019,39.9
"MN",2019,39.9
"VT",2019,39.9
"GA",2015,39.9
"CO",2013,39.9
"MO",2015,39.9
"MN",2011,39.9
"CO",2017,40
"NJ",2017,40
"GA",2017,40
"FL",2015,40
"CO",2013,40
"KS",2015,40
"KY",2015,40
"LA",2019,40
"TX",2019,40
"CA",2011,40
"VA",2013,40
"UT",2015,40
"OR",2017,40.1
"NM",2017,40.1
"NM",2011,40.1
"IL",2019,40.1
"MD",2019,40.1
"CA",2019,40.1
"RI",2019,40.1
"CT",2019,40.1
"TN",2019,40.1
"DE",2019,40.1
"OR",2019,40.1
"PA",2019,40.1
"HI",2019,40.1
"VA",2013,40.1
"KY",2013,40.1
"VA",2017,40.2
"GA",2017,40.2
"HI",2017,40.2
"OR",2011,40.2
"IL",2017,40.2
"VT",2019,40.2
"CO",2019,40.2
"MA",2019,40.2
"MD",2019,40.2
"NV",2011,40.2
"MO",2015,40.2
"MS",2011,40.2
"OK",2013,40.2
"ID",2011,40.2
"ND",2017,40.3
"WA",2019,40.3
"VT",2019,40.3
"DE",2019,40.3
"IL",2019,40.3
"FL",2019,40.3
"VT",2019,40.3
"VT",2019,40.3
"NC",2019,40.3
"ID",2011,40.3
"MI",2015,40.3
"CA",2017,40.4
"CO",2017,40.4
"CO",2019,40.4
"UT",2019,40.4
"NV",2019,40.4
"MS",2013,40.4
"NV",2013,40.4
"AR",2011,40.5
"AK",2013,40.5
"HI",2019,40.5
"RI",2019,40.5
"TX",2019,40.5
"NM",2019,40.5
"VA",2019,40.5
"OR",2013,40.5
"WY",2017,40.6
"ND",2017,40.6
"CO",2013,40.6
"DE",2019,40.6
"AK",2019,40.6
"WI",2013,40.6
"VT",2011,40.6
"AZ",2017,40.7
"CO",2017,40.7
"WI",2011,40.7
"VA",2013,40.7
"AZ",2015,40.7
"AK",2017,40.8
"NM",2015,40.8
"RI",2019,40.8
"LA",2019,40.8
"CA",2019,40.8
"WA",2019,40.8
"AZ",2019,40.8
"OR",2013,40.8
"NV",2015,40.8
"PA",2015,40.8
"HI",2017,40.9
"MD",2019,40.9
"NH",2019,40.9
"AZ",2019,40.9
"VA",2015,40.9
"NV",2015,40.9
"NM",2013,40.9
"NV",2017,41
"OR",2017,41
"UT",2015,41
"HI",2011,41
"FL",2015,41
"KY",2017,41
"WI",2017,41
"UT",2019,41
"OR",2019,41
"CA",2019,41
"MD",2019,41
"SC",2019,41
"IN",2017,41.1
"WA",2019,41.1
"NH",2019,41.1
"TX",2019,41.1
"SC",2019,41.1
"WY",2019,41.1
"FL",2019,41.1
"NE",2019,41.1
"CA",2015,41.1
"NM",2011,41.1
"TX",2017,41.2
"AK",2019,41.2
"AZ",2019,41.2
"WY",2019,41.2
"MT",2013,41.2
"AZ",2019,41.3
"AK",2019,41.3
"TN",2019,41.3
"MD",2015,41.3
"MT",2015,41.3
"HI",2011,41.3
"ID",2015,41.3
"FL",2017,41.4
"NM",2017,41.4
"CO",2015,41.4
"MT",2019,41.4
"GA",2019,41.4
"NV",2013,41.4
"FL",2019,41.4
"NY",2019,41.4
"AK",2019,41.4
"HI",2013,41.4
"NH",2015,41.4
"MI",2011,41.4
"AZ",2013,41.5
"OH",2019,41.5
"NV",2019,41.5
"MT",2019,41.5
"AR",2013,41.5
"AK",2015,41.5
"PA",2017,41.6
"UT",2011,41.6
"AL",2011,41.6
"MT",2017,41.6
"MT",2019,41.6
"IL",2019,41.6
"TX",2019,41.6
"NC",2011,41.6
"NH",2019,41.6
"NM",2015,41.6
"CO",2015,41.6
"TX",2013,41.6
"NV",2013,41.6
"MD",2011,41.7
"NM",2019,41.7
"HI",2019,41.7
"AK",2019,41.7
"MN",2019,41.7
"FL",2019,41.7
"MD",2015,41.7
"NV",2015,41.7
"VA",2017,41.8
"NM",2017,41.8
"AK",2011,41.8
"ME",2011,41.8
"IN",2017,41.8
"SC",2019,41.8
"CT",2019,41.8
"PA",2019,41.8
"KY",2011,41.8
"NM",2019,41.8
"MS",2019,41.8
"SC",2019,41.8
"VA",2019,41.8
"VA",2011,41.8
"CO",2019,41.9
"UT",2019,41.9
"NV",2019,41.9
"MN",2019,41.9
"WY",2019,41.9
"CO",2013,41.9
"AR",2017,42
"PA",2015,42
"WI",2017,42
"CO",2011,42
"OH",2011,42
"AZ",2011,42
"OK",2011,42
"NJ",2017,42.1
"KS",2017,42.1
"VT",2011,42.1
"NY",2019,42.1
"VT",2019,42.1
"MI",2011,42.1
"HI",2013,42.1
"ME",2011,42.2
"NV",2017,42.2
"NH",2015,42.2
"OR",2013,42.2
"KY",2013,42.2
"UT",2011,42.2
"OR",2019,42.2
"FL",2011,42.2
"AZ",2019,42.2
"LA",2013,42.2
"VA",2011,42.3
"CT",2011,42.3
"AK",2011,42.3
"MO",2017,42.3
"AZ",2011,42.3
"GA",2019,42.3
"TX",2019,42.3
"MT",2019,42.3
"NH",2019,42.3
"UT",2019,42.3
"TX",2019,42.3
"CO",2015,42.3
"WI",2011,42.3
"SC",2013,42.3
"NV",2015,42.4
"NE",2019,42.4
"VT",2019,42.4
"CT",2019,42.4
"NM",2015,42.4
"NE",2011,42.4
"CO",2015,42.4
"ME",2015,42.4
"PA",2011,42.5
"CT",2017,42.5
"AK",2013,42.5
"ME",2019,42.5
"NY",2019,42.5
"AL",2013,42.5
"HI",2013,42.5
"NE",2013,42.5
"RI",2019,42.6
"NV",2017,42.7
"GA",2011,42.7
"UT",2011,42.7
"HI",2017,42.7
"DE",2019,42.7
"GA",2019,42.7
"ND",2019,42.7
"DE",2019,42.7
"TX",2019,42.7
"MT",2019,42.7
"AK",2019,42.7
"MI",2013,42.7
"TX",2019,42.7
"WI",2019,42.7
"ID",2019,42.7
"CO",2011,42.7
"NH",2011,42.8
"OK",2015,42.8
"HI",2015,42.8
"FL",2017,42.9
"ND",2015,42.9
"AL",2017,42.9
"WA",2019,42.9
"NY",2019,42.9
"MI",2015,42.9
"NC",2015,42.9
"RI",2011,42.9
"MD",2017,43
"TX",2011,43
"MT",2019,43
"OH",2013,43
"HI",2019,43
"CO",2017,43.1
"CA",2011,43.1
"VA",2017,43.1
"KS",2019,43.1
"MT",2019,43.1
"NM",2019,43.1
"KS",2019,43.1
"NM",2019,43.1
"AR",2015,43.1
"ND",2013,43.1
"CT",2019,43.2
"GA",2019,43.2
"DE",2019,43.2
"UT",2019,43.2
"AZ",2019,43.2
"SC",2019,43.2
"UT",2019,43.2
"RI",2019,43.2
"CO",2019,43.2
"MT",2019,43.2
"NJ",2015,43.3
"UT",2019,43.3
"NC",2013,43.3
"CO",2015,43.3
"AZ",2011,43.4
"NM",2019,43.4
"ND",2019,43.5
"CO",2019,43.5
"WI",2015,43.6
"ND",2011,43.6
"AR",2019,43.6
"ID",2013,43.6
"SC",2017,43.7
"CT",2019,43.7
"NC",2019,43.7
"NM",2019,43.7
"NE",2013,43.7
"ID",2011,43.7
"LA",2015,43.8
"NY",2019,43.8
"NV",2019,43.8
"IL",2013,43.8
"MI",2019,43.8
"TX",2019,43.8
"IN",2011,43.8
"NY",2011,43.8
"OR",2017,43.9
"VA",2017,43.9
"HI",2017,43.9
"UT",2013,43.9
"UT",2017,43.9
"IN",2019,43.9
"NV",2015,43.9
"FL",2019,44
"NM",2019,44
"NC",2019,44
"NY",2011,44
"IA",2013,44
"WI",2015,44.1
"FL",2019,44.1
"MN",2019,44.1
"KS",2015,44.1
"MO",2017,44.2
"IN",2019,44.2
"IN",2013,44.2
"NV",2015,44.2
"LA",2017,44.3
"WA",2011,44.3
"NH",2017,44.3
"DE",2019,44.3
"RI",2013,44.3
"GA",2019,44.3
"HI",2019,44.4
"NE",2019,44.4
"MT",2019,44.4
"CO",2013,44.4
"NY",2017,44.5
"CO",2013,44.5
"NC",2015,44.5
"OH",2019,44.5
"MA",2011,44.5
"NJ",2015,44.5
"MI",2015,44.5
"NY",2013,44.6
"MN",2017,44.6
"MT",2011,44.6
"MN",2015,44.6
"AL",2015,44.6
"NJ",2011,44.7
"CA",2015,44.7
"TX",2013,44.7
"NM",2019,44.7
"NM",2011,44.7
"WV",2017,44.8
"NE",2017,44.8
"KY",2015,44.8
"VT",2019,44.8
"HI",2013,44.8
"OR",2019,44.8
"VT",2013,44.8
"AL",2013,44.9
"NV",2015,44.9
"TN",2015,44.9
"MA",2017,44.9
"MD",2015,44.9
"VA",2011,44.9
"AZ",2013,45
"SD",2019,45
"MA",2019,45.1
"NY",2015,45.1
"NV",2015,45.1
"TN",2019,45.2
"UT",2019,45.2
"CO",2019,45.2
"WY",2019,45.2
"IN",2019,45.2
"MI",2019,45.2
"AZ",2015,45.2
"AK",2019,45.3
"NM",2015,45.3
"NE",2011,45.4
"MI",2017,45.5
"NH",2011,45.5
"KS",2011,45.5
"WA",2017,45.6
"AZ",2011,45.6
"NY",2019,45.6
"IA",2011,45.6
"VT",2015,45.6
"SD",2015,45.6
"UT",2013,45.6
"WY",2013,45.7
"WY",2019,45.7
"CO",2019,45.8
"OR",2015,45.8
"OH",2017,45.9
"VT",2019,45.9
"GA",2013,45.9
"TX",2015,45.9
"SC",2017,46
"MS",2017,46
"IA",2019,46
"HI",2019,46
"TX",2015,46
"DE",2013,46
"CA",2013,46
"MT",2013,46.1
"OR",2013,46.2
"FL",2015,46.2
"ID",2017,46.2
"MT",2015,46.2
"MD",2013,46.2
"WI",2013,46.2
"NH",2015,46.3
"IL",2011,46.4
"UT",2019,46.4
"MD",2019,46.4
"NH",2015,46.4
"AZ",2017,46.5
"IA",2017,46.5
"PA",2019,46.5
"CT",2011,46.5
"GA",2015,46.5
"IL",2013,46.5
"MT",2019,46.6
"MN",2011,46.6
"AK",2013,46.6
"IN",2015,46.7
"MS",2013,46.7
"SC",2011,46.7
"GA",2019,46.7
"UT",2015,46.8
"CO",2013,46.8
"WY",2015,46.8
"VA",2019,46.9
"GA",2019,47
"OH",2019,47.1
"CT",2017,47.2
"VT",2017,47.2
"NM",2013,47.2
"AK",2019,47.2
"GA",2013,47.2
"SD",2013,47.2
"CT",2013,47.2
"WI",2013,47.3
"SC",2019,47.3
"NM",2019,47.3
"PA",2019,47.4
"NE",2015,47.4
"MO",2017,47.5
"WI",2011,47.5
"AR",2015,47.6
"KY",2017,47.6
"CO",2019,47.6
"NE",2019,47.6
"MD",2015,47.6
"IA",2015,47.6
"CO",2011,47.6
"AZ",2011,47.6
"RI",2017,47.7
"MN",2013,47.7
"SD",2011,47.7
"OH",2011,47.7
"LA",2019,47.8
"FL",2013,47.8
"ND",2017,47.9
"AK",2017,47.9
"CT",2019,47.9
"IA",2019,48
"HI",2019,48
"IL",2015,48
"NH",2013,48
"CA",2011,48
"CA",2011,48.1
"CT",2015,48.1
"SC",2017,48.2
"RI",2015,48.2
"SC",2019,48.2
"OH",2015,48.3
"WI",2017,48.4
"NJ",2011,48.4
"KY",2015,48.4
"OH",2019,48.5
"CT",2019,48.5
"AK",2013,48.5
"NM",2011,48.5
"WY",2011,48.6
"KY",2019,48.6
"SC",2015,48.7
"NE",2015,48.7
"CO",2019,48.7
"WA",2015,48.7
"GA",2017,48.8
"PA",2017,48.8
"AK",2017,48.8
"VA",2017,48.8
"VA",2011,48.8
"PA",2013,48.8
"NM",2015,48.8
"FL",2017,48.9
"IA",2017,49
"CO",2015,49
"SD",2017,49.1
"MI",2019,49.1
"IN",2013,49.2
"CO",2019,49.2
"IL",2019,49.2
"NM",2013,49.2
"ME",2013,49.2
"WA",2013,49.3
"OR",2011,49.3
"MA",2015,49.3
"UT",2015,49.5
"CA",2015,49.5
"HI",2013,49.6
"KY",2011,49.6
"UT",2013,49.6
"TX",2019,49.7
"AR",2019,49.7
"MN",2019,49.7
"AK",2013,49.7
"CA",2019,49.8
"VA",2015,49.9
"NJ",2017,49.9
"IL",2019,49.9
"OR",2017,50
"SD",2015,50
"CA",2017,50.1
"MT",2015,50.1
"ME",2017,50.2
"FL",2019,50.2
"MS",2015,50.2
"HI",2015,50.3
"IN",2015,50.3
"DE",2011,50.3
"HI",2017,50.4
"AZ",2019,50.5
"CA",2017,50.6
"CO",2017,50.7
"WY",2019,50.8
"MA",2019,50.8
"FL",2015,50.8
"OR",2015,51.1
"NH",2013,51.1
"NM",2013,51.2
"AR",2019,51.3
"MA",2013,51.3
"IN",2015,51.5
"NV",2013,51.5
"MA",2013,51.6
"AK",2011,51.9
"CO",2011,52.2
"NM",2017,52.3
"MD",2015,52.3
"ND",2017,52.6
"VA",2013,52.6
"NJ",2013,52.7
"NC",2017,52.8
"WY",2017,53.2
"AK",2013,53.5
"AK",2015,53.6
"ND",2019,53.9
"DE",2013,54.1
"CA",2013,54.3
"NM",2011,54.6
"UT",2019,54.7
"DE",2019,55
"MN",2013,56.2
"NH",2013,56.3
"VT",2019,56.7
"WY",2015,57.2
"WY",2019,58
"GA",2019,58.3
"WA",2015,58.6
"ID",2019,60
"NM",2011,61
"NH",2019,61.1
