"LocationAbbr","YearStart","Vegetable Deficient Adults (%)"
"FL",2017,2.2
"SC",2017,3.9
"ME",2019,4.6
"TX",2017,5.3
"FL",2017,5.5
"VA",2017,5.9
"ME",2017,6.1
"ME",2021,6.5
"OR",2017,6.6
"AR",2021,6.9
"NC",2017,7.1
"VT",2017,7.2
"NC",2017,7.5
"NJ",2021,7.5
"IN",2017,7.6
"VA",2019,7.9
"VT",2019,8
"NH",2017,8.2
"ME",2021,8.2
"ME",2019,8.3
"ME",2019,8.3
"VT",2019,8.3
"VT",2017,8.5
"SC",2017,8.5
"GA",2019,8.6
"NC",2019,8.6
"TN",2017,8.7
"ME",2017,8.7
"ID",2019,8.7
"ME",2017,8.9
"ID",2017,9
"FL",2017,9
"ID",2017,9
"WV",2017,9.1
"RI",2017,9.2
"VT",2021,9.2
"OR",2017,9.3
"AR",2017,9.3
"NH",2017,9.3
"OR",2019,9.3
"MS",2017,9.4
"VT",2021,9.4
"CA",2017,9.5
"CO",2017,9.5
"MA",2019,9.5
"NH",2021,9.5
"ME",2017,9.6
"VT",2017,9.6
"TX",2019,9.6
"DE",2017,9.7
"CT",2017,9.7
"GA",2017,9.7
"RI",2019,9.7
"OR",2019,9.7
"ME",2019,9.7
"VT",2019,9.8
"OR",2019,9.8
"NH",2021,9.8
"TN",2017,9.9
"ME",2017,9.9
"OR",2017,10
"MT",2017,10
"MT",2017,10
"MT",2017,10
"NC",2021,10
"NH",2017,10.1
"UT",2017,10.1
"PA",2017,10.1
"VT",2019,10.1
"NH",2019,10.1
"KY",2017,10.2
"VT",2017,10.2
"DE",2017,10.2
"NC",2017,10.2
"CT",2017,10.3
"RI",2017,10.3
"RI",2019,10.3
"NC",2019,10.3
"WA",2017,10.4
"NE",2017,10.4
"VA",2017,10.4
"GA",2017,10.4
"DE",2019,10.4
"MA",2019,10.4
"SC",2017,10.5
"VT",2017,10.5
"KY",2017,10.5
"TN",2017,10.5
"VA",2017,10.5
"CT",2017,10.6
"WA",2017,10.6
"AL",2017,10.6
"PA",2017,10.6
"WY",2017,10.6
"ME",2019,10.6
"KY",2021,10.6
"WY",2017,10.7
"ME",2019,10.7
"MI",2019,10.7
"UT",2021,10.7
"WV",2017,10.8
"MA",2017,10.8
"GA",2019,10.8
"VT",2019,10.8
"VT",2019,10.8
"ME",2021,10.8
"NH",2021,10.8
"VT",2021,10.8
"OR",2021,10.8
"ME",2021,10.8
"NH",2017,10.9
"MA",2017,10.9
"WV",2017,10.9
"UT",2017,10.9
"MI",2017,10.9
"NH",2019,10.9
"VT",2019,10.9
"VA",2019,10.9
"OH",2017,11
"CA",2017,11
"TX",2017,11
"OH",2021,11
"ME",2021,11
"ME",2021,11
"ME",2017,11.1
"CO",2017,11.1
"VT",2019,11.1
"VT",2021,11.1
"DE",2021,11.1
"AZ",2021,11.1
"AL",2017,11.2
"NM",2017,11.2
"VT",2017,11.2
"ME",2019,11.2
"NH",2019,11.2
"AK",2021,11.2
"MT",2021,11.2
"ID",2021,11.2
"NC",2021,11.2
"OH",2017,11.3
"NH",2017,11.3
"NC",2017,11.3
"VT",2017,11.3
"KS",2017,11.3
"VA",2019,11.3
"RI",2021,11.3
"IL",2021,11.3
"OK",2017,11.4
"MT",2017,11.4
"ME",2017,11.4
"MA",2019,11.4
"VT",2017,11.5
"HI",2017,11.5
"AK",2017,11.5
"MT",2019,11.5
"OR",2017,11.6
"WY",2017,11.6
"GA",2019,11.6
"TN",2019,11.6
"TN",2021,11.6
"NC",2021,11.6
"ME",2017,11.7
"AK",2017,11.7
"NM",2017,11.7
"IA",2017,11.7
"NY",2017,11.7
"PA",2019,11.7
"FL",2019,11.7
"NC",2019,11.7
"GA",2019,11.7
"LA",2021,11.7
"VT",2021,11.7
"OK",2017,11.8
"ME",2017,11.8
"ME",2017,11.8
"NJ",2017,11.8
"SD",2017,11.8
"ME",2019,11.8
"CT",2019,11.8
"NC",2021,11.8
"OR",2021,11.8
"NC",2021,11.8
"NV",2017,11.9
"NC",2017,11.9
"IA",2017,11.9
"FL",2017,11.9
"MD",2017,11.9
"GA",2021,11.9
"AZ",2017,12
"AK",2017,12
"WV",2017,12
"NV",2017,12
"ID",2019,12
"VT",2019,12
"WY",2021,12
"NH",2017,12.1
"MT",2017,12.1
"AR",2017,12.1
"AR",2017,12.1
"MN",2017,12.1
"TN",2017,12.1
"MT",2021,12.1
"VA",2021,12.1
"ME",2017,12.2
"MO",2017,12.2
"MA",2017,12.2
"ME",2019,12.2
"TX",2021,12.2
"CO",2021,12.2
"VT",2021,12.2
"MA",2021,12.2
"DE",2017,12.3
"VA",2017,12.3
"VT",2017,12.3
"WI",2017,12.3
"KS",2017,12.3
"AZ",2017,12.3
"DE",2017,12.3
"NC",2017,12.3
"ME",2017,12.3
"ME",2019,12.3
"MA",2019,12.3
"ME",2019,12.3
"WV",2019,12.3
"CT",2021,12.3
"AZ",2021,12.3
"GA",2021,12.3
"KY",2021,12.3
"CA",2021,12.3
"NH",2021,12.3
"NH",2021,12.3
"ME",2017,12.4
"ME",2017,12.4
"NJ",2017,12.4
"VT",2017,12.4
"UT",2021,12.4
"WA",2021,12.4
"WI",2021,12.4
"ME",2021,12.4
"MO",2017,12.5
"MS",2017,12.5
"OH",2017,12.5
"PA",2017,12.5
"ID",2017,12.5
"ME",2019,12.5
"CT",2019,12.5
"ME",2019,12.5
"CT",2019,12.5
"RI",2019,12.5
"CT",2019,12.5
"SC",2019,12.5
"NH",2021,12.5
"VT",2021,12.5
"ID",2021,12.5
"ME",2021,12.5
"WY",2017,12.6
"TX",2017,12.6
"NH",2017,12.6
"SD",2017,12.6
"KS",2017,12.6
"NJ",2017,12.6
"OR",2017,12.6
"ID",2019,12.6
"CO",2019,12.6
"DE",2019,12.6
"SC",2019,12.6
"MA",2019,12.6
"GA",2019,12.6
"GA",2021,12.6
"ME",2021,12.6
"MT",2021,12.6
"MD",2017,12.7
"WY",2017,12.7
"CA",2017,12.7
"MO",2017,12.7
"AK",2019,12.7
"VT",2019,12.7
"VT",2019,12.7
"CO",2021,12.7
"FL",2017,12.8
"ME",2017,12.8
"CA",2017,12.8
"VA",2017,12.8
"CT",2017,12.8
"DE",2019,12.8
"AK",2019,12.8
"WA",2021,12.8
"OH",2021,12.8
"TN",2021,12.8
"NM",2017,12.9
"IN",2017,12.9
"NJ",2017,12.9
"GA",2017,12.9
"IN",2017,12.9
"NH",2017,12.9
"VT",2017,12.9
"IA",2017,12.9
"OR",2019,12.9
"SC",2021,12.9
"OK",2021,12.9
"VA",2017,13
"VT",2017,13
"KY",2017,13
"WY",2017,13
"ID",2017,13
"TN",2019,13
"AR",2019,13
"AK",2019,13
"OR",2021,13
"NC",2017,13.1
"OR",2017,13.1
"CO",2017,13.1
"LA",2019,13.1
"AR",2021,13.1
"ID",2021,13.1
"VT",2021,13.1
"SD",2021,13.1
"ME",2021,13.1
"CT",2017,13.2
"VT",2017,13.2
"VA",2017,13.2
"NM",2017,13.2
"NY",2017,13.2
"NC",2017,13.2
"GA",2017,13.2
"MI",2017,13.2
"AR",2019,13.2
"ME",2019,13.2
"OR",2021,13.2
"NH",2017,13.3
"NY",2017,13.3
"FL",2017,13.3
"AL",2019,13.3
"NH",2019,13.3
"CO",2019,13.3
"WV",2021,13.3
"MT",2021,13.3
"ME",2021,13.3
"MN",2017,13.4
"SC",2017,13.4
"MA",2019,13.4
"NH",2019,13.4
"WA",2019,13.4
"DE",2021,13.4
"NH",2021,13.4
"VT",2021,13.4
"OH",2021,13.4
"TN",2017,13.5
"TN",2017,13.5
"OR",2017,13.5
"NE",2017,13.5
"AZ",2017,13.5
"KY",2019,13.5
"MO",2019,13.5
"ME",2021,13.5
"RI",2021,13.5
"OR",2021,13.5
"GA",2017,13.6
"OH",2019,13.6
"PA",2019,13.6
"KY",2019,13.6
"MA",2019,13.6
"MO",2021,13.6
"VA",2021,13.6
"AK",2021,13.6
"ID",2021,13.6
"MI",2021,13.6
"PA",2021,13.6
"ID",2017,13.7
"WA",2017,13.7
"SD",2017,13.7
"SC",2017,13.7
"SD",2017,13.7
"NH",2017,13.7
"TX",2017,13.7
"DE",2017,13.7
"MT",2019,13.7
"KS",2019,13.7
"RI",2019,13.7
"MI",2019,13.7
"SC",2019,13.7
"NE",2019,13.7
"KY",2021,13.7
"WY",2021,13.7
"MN",2021,13.7
"NM",2021,13.7
"VT",2017,13.8
"MA",2017,13.8
"SD",2017,13.8
"MT",2017,13.8
"NC",2019,13.8
"NC",2019,13.8
"CA",2019,13.8
"FL",2019,13.8
"VT",2019,13.8
"NC",2021,13.8
"MO",2021,13.8
"WV",2021,13.8
"NJ",2021,13.8
"HI",2021,13.8
"DE",2021,13.8
"ID",2021,13.8
"NY",2021,13.8
"OK",2017,13.9
"RI",2017,13.9
"PA",2017,13.9
"DE",2017,13.9
"NH",2017,13.9
"FL",2017,13.9
"TN",2019,13.9
"CA",2019,13.9
"WV",2019,13.9
"AL",2021,13.9
"MD",2021,13.9
"UT",2021,13.9
"NY",2021,13.9
"WA",2017,14
"AK",2017,14
"VA",2017,14
"IA",2017,14
"WY",2017,14
"VA",2017,14
"PA",2017,14
"MS",2017,14
"ME",2019,14
"SD",2019,14
"VT",2021,14
"CO",2017,14.1
"TN",2017,14.1
"MT",2017,14.1
"ID",2017,14.1
"AK",2017,14.1
"PA",2017,14.1
"IL",2017,14.1
"NC",2017,14.1
"SD",2017,14.1
"IL",2017,14.1
"MA",2019,14.1
"RI",2019,14.1
"KS",2019,14.1
"CA",2019,14.1
"ME",2021,14.1
"VT",2021,14.1
"NC",2021,14.1
"ME",2021,14.1
"MA",2021,14.1
"VT",2021,14.1
"WV",2021,14.1
"OR",2017,14.2
"WY",2017,14.2
"ID",2017,14.2
"TN",2017,14.2
"WI",2017,14.2
"WY",2017,14.2
"ID",2017,14.2
"KY",2017,14.2
"AL",2017,14.2
"WA",2017,14.2
"OR",2019,14.2
"OR",2019,14.2
"MA",2019,14.2
"NH",2019,14.2
"AK",2019,14.2
"NC",2019,14.2
"KY",2019,14.2
"IL",2021,14.2
"TN",2021,14.2
"WV",2021,14.2
"ID",2021,14.2
"NE",2021,14.2
"MD",2021,14.2
"KS",2021,14.2
"GA",2017,14.3
"UT",2017,14.3
"OR",2017,14.3
"MS",2017,14.3
"MT",2017,14.3
"CO",2017,14.3
"CT",2017,14.3
"MT",2017,14.3
"OK",2017,14.3
"IN",2019,14.3
"NC",2019,14.3
"VT",2019,14.3
"NE",2019,14.3
"NY",2019,14.3
"AZ",2019,14.3
"WY",2019,14.3
"MA",2017,14.4
"NH",2017,14.4
"NJ",2017,14.4
"AL",2017,14.4
"MS",2017,14.4
"SC",2017,14.4
"TN",2017,14.4
"ID",2017,14.4
"NH",2019,14.4
"MO",2019,14.4
"PA",2019,14.4
"OR",2019,14.4
"ME",2019,14.4
"ME",2019,14.4
"SC",2021,14.4
"MI",2021,14.4
"NH",2021,14.4
"IL",2021,14.4
"NE",2017,14.5
"ME",2017,14.5
"NH",2017,14.5
"KY",2017,14.5
"SC",2017,14.5
"TN",2017,14.5
"MN",2017,14.5
"MA",2017,14.5
"WI",2017,14.5
"KS",2017,14.5
"ID",2019,14.5
"GA",2019,14.5
"TN",2019,14.5
"AL",2019,14.5
"FL",2019,14.5
"WY",2019,14.5
"MS",2021,14.5
"IN",2021,14.5
"KY",2017,14.6
"OK",2017,14.6
"PA",2017,14.6
"WY",2017,14.6
"WY",2017,14.6
"UT",2017,14.6
"OR",2017,14.6
"LA",2017,14.6
"ID",2019,14.6
"MD",2019,14.6
"MN",2019,14.6
"FL",2019,14.6
"NV",2019,14.6
"AZ",2019,14.6
"MA",2021,14.6
"OR",2021,14.6
"IL",2021,14.6
"CA",2021,14.6
"NC",2021,14.6
"SD",2017,14.7
"DE",2017,14.7
"WY",2017,14.7
"MD",2017,14.7
"SC",2017,14.7
"MD",2017,14.7
"WA",2017,14.7
"VA",2017,14.7
"NC",2017,14.7
"OR",2017,14.7
"IL",2019,14.7
"OR",2019,14.7
"OK",2019,14.7
"SD",2019,14.7
"WY",2019,14.7
"OR",2021,14.7
"NM",2021,14.7
"SD",2021,14.7
"TX",2021,14.7
"TN",2021,14.7
"KY",2017,14.8
"UT",2017,14.8
"WA",2017,14.8
"MI",2017,14.8
"WI",2017,14.8
"WA",2017,14.8
"MT",2017,14.8
"MD",2017,14.8
"CT",2017,14.8
"DE",2017,14.8
"NY",2019,14.8
"AK",2019,14.8
"OK",2019,14.8
"SD",2019,14.8
"ME",2019,14.8
"MA",2019,14.8
"HI",2019,14.8
"FL",2019,14.8
"MD",2019,14.8
"WA",2019,14.8
"OK",2021,14.8
"CT",2021,14.8
"NH",2021,14.8
"OR",2021,14.8
"IL",2021,14.8
"PA",2021,14.8
"MT",2017,14.9
"NJ",2017,14.9
"KS",2017,14.9
"NC",2017,14.9
"NM",2017,14.9
"ID",2017,14.9
"GA",2017,14.9
"HI",2017,14.9
"VA",2017,14.9
"MD",2019,14.9
"GA",2019,14.9
"WV",2019,14.9
"MT",2021,14.9
"SC",2021,14.9
"GA",2021,14.9
"MO",2017,15
"ND",2017,15
"MI",2017,15
"NH",2017,15
"CT",2017,15
"CO",2017,15
"PA",2017,15
"WY",2017,15
"MA",2019,15
"MT",2019,15
"MT",2019,15
"NJ",2021,15
"AK",2021,15
"AL",2021,15
"MO",2021,15
"CA",2021,15
"NC",2017,15.1
"MT",2017,15.1
"OR",2017,15.1
"TX",2017,15.1
"IA",2017,15.1
"KS",2017,15.1
"AR",2017,15.1
"VA",2017,15.1
"IN",2019,15.1
"CA",2019,15.1
"VA",2019,15.1
"NE",2021,15.1
"AK",2021,15.1
"AR",2021,15.1
"RI",2017,15.2
"NY",2017,15.2
"VT",2017,15.2
"UT",2017,15.2
"WA",2017,15.2
"OR",2017,15.2
"CT",2017,15.2
"MD",2017,15.2
"ME",2017,15.2
"CA",2019,15.2
"MA",2019,15.2
"OH",2019,15.2
"MD",2019,15.2
"NH",2019,15.2
"VA",2019,15.2
"WA",2021,15.2
"ID",2021,15.2
"DE",2021,15.2
"PA",2021,15.2
"CO",2021,15.2
"MA",2021,15.2
"MD",2017,15.3
"WA",2017,15.3
"MO",2017,15.3
"ID",2017,15.3
"CT",2017,15.3
"WY",2017,15.3
"UT",2017,15.3
"AK",2017,15.3
"AK",2017,15.3
"NC",2019,15.3
"MI",2019,15.3
"ID",2019,15.3
"NC",2019,15.3
"CO",2021,15.3
"MT",2021,15.3
"NH",2021,15.3
"OH",2021,15.3
"AZ",2021,15.3
"TX",2021,15.3
"MD",2017,15.4
"UT",2017,15.4
"OK",2017,15.4
"CT",2017,15.4
"MD",2017,15.4
"LA",2017,15.4
"AK",2017,15.4
"TN",2017,15.4
"IL",2017,15.4
"UT",2017,15.4
"RI",2017,15.4
"MD",2019,15.4
"TN",2019,15.4
"KY",2019,15.4
"VT",2019,15.4
"ID",2019,15.4
"CA",2019,15.4
"SD",2019,15.4
"VA",2019,15.4
"WA",2019,15.4
"GA",2021,15.4
"UT",2021,15.4
"IL",2021,15.4
"PA",2021,15.4
"MA",2021,15.4
"ME",2021,15.4
"KS",2021,15.4
"ID",2021,15.4
"VT",2021,15.4
"WA",2017,15.5
"MI",2017,15.5
"PA",2017,15.5
"MO",2017,15.5
"UT",2017,15.5
"MD",2017,15.5
"CT",2017,15.5
"IN",2017,15.5
"UT",2017,15.5
"VT",2019,15.5
"NH",2019,15.5
"UT",2019,15.5
"NH",2019,15.5
"MA",2019,15.5
"MO",2019,15.5
"SC",2019,15.5
"VA",2019,15.5
"VT",2019,15.5
"CO",2021,15.5
"KS",2021,15.5
"VA",2021,15.5
"AL",2021,15.5
"VA",2021,15.5
"MD",2021,15.5
"IL",2021,15.5
"NY",2017,15.6
"OK",2017,15.6
"TN",2017,15.6
"MO",2017,15.6
"PA",2017,15.6
"AR",2017,15.6
"NC",2017,15.6
"NH",2017,15.6
"SD",2017,15.6
"NH",2017,15.6
"TX",2017,15.6
"CO",2019,15.6
"MI",2019,15.6
"ID",2019,15.6
"VT",2019,15.6
"MS",2019,15.6
"UT",2019,15.6
"SC",2019,15.6
"ME",2019,15.6
"VA",2021,15.6
"IL",2021,15.6
"DE",2021,15.6
"NH",2021,15.6
"IL",2021,15.6
"NH",2021,15.6
"MA",2021,15.6
"MI",2021,15.6
"ID",2017,15.7
"AL",2017,15.7
"FL",2017,15.7
"IA",2017,15.7
"MA",2017,15.7
"VA",2017,15.7
"MT",2017,15.7
"ID",2019,15.7
"MN",2019,15.7
"VT",2019,15.7
"MO",2021,15.7
"UT",2021,15.7
"DE",2017,15.8
"TN",2017,15.8
"PA",2017,15.8
"WA",2017,15.8
"CO",2017,15.8
"VA",2017,15.8
"UT",2017,15.8
"OR",2019,15.8
"ID",2019,15.8
"AK",2019,15.8
"MT",2019,15.8
"TX",2019,15.8
"VA",2019,15.8
"VA",2019,15.8
"NH",2021,15.8
"OR",2021,15.8
"KY",2021,15.8
"ID",2021,15.8
"HI",2021,15.8
"MA",2021,15.8
"WY",2021,15.8
"LA",2017,15.9
"WV",2017,15.9
"KS",2017,15.9
"TN",2017,15.9
"MA",2017,15.9
"MN",2017,15.9
"VT",2017,15.9
"ID",2017,15.9
"ME",2017,15.9
"OK",2017,15.9
"SC",2017,15.9
"UT",2019,15.9
"AZ",2019,15.9
"PA",2019,15.9
"CT",2019,15.9
"AZ",2019,15.9
"WV",2019,15.9
"WI",2019,15.9
"ID",2021,15.9
"ID",2021,15.9
"DE",2021,15.9
"NJ",2021,15.9
"VT",2021,15.9
"NC",2021,15.9
"VA",2021,15.9
"WI",2017,16
"KY",2017,16
"ND",2017,16
"MA",2017,16
"SC",2017,16
"MA",2017,16
"ME",2017,16
"GA",2017,16
"VT",2017,16
"SD",2017,16
"KS",2017,16
"NH",2019,16
"CT",2019,16
"RI",2019,16
"NY",2019,16
"AK",2019,16
"WA",2019,16
"WY",2019,16
"VT",2021,16
"AZ",2021,16
"IL",2021,16
"WA",2021,16
"GA",2021,16
"IL",2021,16
"RI",2021,16
"MO",2017,16.1
"AL",2017,16.1
"SD",2017,16.1
"MA",2017,16.1
"AR",2017,16.1
"RI",2017,16.1
"NJ",2017,16.1
"ND",2017,16.1
"NV",2017,16.1
"TN",2017,16.1
"KS",2017,16.1
"MO",2017,16.1
"MT",2019,16.1
"AK",2019,16.1
"KS",2019,16.1
"SC",2019,16.1
"GA",2019,16.1
"NH",2019,16.1
"TN",2019,16.1
"SD",2019,16.1
"NC",2019,16.1
"ID",2021,16.1
"MA",2021,16.1
"NH",2021,16.1
"TX",2021,16.1
"IA",2021,16.1
"WA",2021,16.1
"CO",2021,16.1
"MT",2021,16.1
"FL",2017,16.2
"KS",2017,16.2
"AL",2017,16.2
"ME",2017,16.2
"MN",2017,16.2
"KY",2017,16.2
"SC",2019,16.2
"TX",2019,16.2
"NM",2019,16.2
"MA",2019,16.2
"SD",2019,16.2
"MS",2019,16.2
"VA",2019,16.2
"WV",2019,16.2
"MT",2021,16.2
"WV",2021,16.2
"NH",2021,16.2
"SD",2021,16.2
"DE",2021,16.2
"ID",2021,16.2
"ID",2021,16.2
"CT",2021,16.2
"SD",2017,16.3
"OH",2017,16.3
"NH",2017,16.3
"PA",2017,16.3
"RI",2017,16.3
"TN",2017,16.3
"MN",2017,16.3
"OK",2017,16.3
"ND",2017,16.3
"ID",2017,16.3
"HI",2017,16.3
"IL",2019,16.3
"MO",2019,16.3
"MT",2019,16.3
"TN",2019,16.3
"MT",2019,16.3
"CT",2019,16.3
"ID",2019,16.3
"OR",2021,16.3
"MS",2021,16.3
"SC",2021,16.3
"MD",2021,16.3
"OH",2021,16.3
"OK",2021,16.3
"MT",2017,16.4
"AL",2017,16.4
"MO",2017,16.4
"OR",2017,16.4
"PA",2017,16.4
"KY",2017,16.4
"PA",2017,16.4
"MI",2017,16.4
"WV",2017,16.4
"DE",2019,16.4
"IA",2019,16.4
"KY",2019,16.4
"MD",2019,16.4
"OR",2019,16.4
"WA",2019,16.4
"WY",2019,16.4
"OR",2021,16.4
"MO",2021,16.4
"VA",2021,16.4
"SD",2021,16.4
"AK",2021,16.4
"GA",2021,16.4
"PA",2021,16.4
"CT",2017,16.5
"NM",2017,16.5
"CO",2017,16.5
"NV",2017,16.5
"NE",2017,16.5
"OH",2017,16.5
"RI",2017,16.5
"ID",2019,16.5
"OR",2019,16.5
"MO",2019,16.5
"OH",2019,16.5
"SC",2019,16.5
"ID",2019,16.5
"GA",2021,16.5
"SD",2021,16.5
"IL",2021,16.5
"OH",2021,16.5
"WI",2021,16.5
"WI",2021,16.5
"AR",2021,16.5
"CA",2021,16.5
"MN",2017,16.6
"OH",2017,16.6
"WA",2017,16.6
"IA",2017,16.6
"KY",2017,16.6
"VA",2017,16.6
"KS",2017,16.6
"GA",2017,16.6
"AR",2017,16.6
"GA",2019,16.6
"SC",2019,16.6
"SC",2019,16.6
"SD",2019,16.6
"MO",2019,16.6
"TX",2019,16.6
"MT",2019,16.6
"ID",2019,16.6
"MT",2019,16.6
"KY",2019,16.6
"SD",2019,16.6
"IN",2019,16.6
"AK",2019,16.6
"MA",2021,16.6
"AL",2021,16.6
"WI",2021,16.6
"VA",2021,16.6
"AK",2021,16.6
"IL",2021,16.6
"GA",2021,16.6
"VA",2017,16.7
"WA",2017,16.7
"WA",2017,16.7
"AK",2017,16.7
"MA",2017,16.7
"NE",2017,16.7
"NH",2017,16.7
"AZ",2017,16.7
"WI",2017,16.7
"MO",2017,16.7
"MI",2017,16.7
"OR",2019,16.7
"MS",2019,16.7
"AR",2019,16.7
"HI",2019,16.7
"MA",2019,16.7
"ME",2021,16.7
"AL",2021,16.7
"MA",2021,16.7
"VT",2021,16.7
"VA",2021,16.7
"IL",2021,16.7
"IA",2017,16.8
"OK",2017,16.8
"OK",2017,16.8
"MA",2017,16.8
"WA",2017,16.8
"DE",2017,16.8
"ND",2017,16.8
"ND",2017,16.8
"GA",2017,16.8
"OK",2019,16.8
"NM",2019,16.8
"CO",2019,16.8
"MD",2019,16.8
"DE",2019,16.8
"ND",2019,16.8
"NC",2019,16.8
"MI",2019,16.8
"WV",2019,16.8
"WV",2019,16.8
"WA",2019,16.8
"WA",2019,16.8
"WY",2019,16.8
"WA",2021,16.8
"MO",2021,16.8
"AK",2021,16.8
"OH",2021,16.8
"MT",2021,16.8
"DE",2021,16.8
"MD",2021,16.8
"WY",2021,16.8
"MT",2021,16.8
"RI",2021,16.8
"MS",2017,16.9
"CO",2017,16.9
"CA",2017,16.9
"MO",2017,16.9
"SD",2017,16.9
"CT",2017,16.9
"NJ",2017,16.9
"NC",2017,16.9
"NH",2017,16.9
"CA",2017,16.9
"SD",2017,16.9
"ND",2019,16.9
"SD",2019,16.9
"MI",2019,16.9
"CT",2019,16.9
"MT",2019,16.9
"PA",2019,16.9
"KS",2019,16.9
"WY",2019,16.9
"WY",2021,16.9
"MT",2021,16.9
"MD",2021,16.9
"AR",2021,16.9
"NC",2021,16.9
"MD",2021,16.9
"WA",2021,16.9
"NY",2021,16.9
"WV",2017,17
"KS",2017,17
"WI",2017,17
"IN",2017,17
"AL",2017,17
"MD",2017,17
"AZ",2017,17
"KY",2017,17
"TN",2017,17
"KY",2019,17
"ME",2019,17
"AK",2019,17
"KS",2019,17
"CT",2021,17
"NC",2021,17
"OH",2021,17
"ID",2021,17
"AR",2021,17
"MD",2021,17
"MT",2021,17
"IN",2021,17
"HI",2017,17.1
"IN",2017,17.1
"OH",2017,17.1
"FL",2017,17.1
"TX",2017,17.1
"MI",2017,17.1
"ME",2017,17.1
"SC",2017,17.1
"MS",2017,17.1
"RI",2017,17.1
"MN",2017,17.1
"KS",2017,17.1
"IN",2017,17.1
"OK",2017,17.1
"MI",2019,17.1
"NC",2019,17.1
"AZ",2019,17.1
"NE",2019,17.1
"OR",2019,17.1
"WA",2019,17.1
"WA",2019,17.1
"WY",2021,17.1
"KS",2021,17.1
"SC",2021,17.1
"TN",2021,17.1
"RI",2021,17.1
"CT",2021,17.1
"PA",2021,17.1
"KS",2021,17.1
"WV",2021,17.1
"MO",2017,17.2
"OK",2017,17.2
"MI",2017,17.2
"DE",2017,17.2
"PA",2017,17.2
"CA",2017,17.2
"MN",2017,17.2
"KY",2017,17.2
"NV",2017,17.2
"MI",2017,17.2
"MO",2019,17.2
"ME",2019,17.2
"KS",2019,17.2
"DE",2019,17.2
"AL",2019,17.2
"WA",2019,17.2
"VA",2019,17.2
"WY",2019,17.2
"AR",2021,17.2
"GA",2021,17.2
"CA",2021,17.2
"NY",2021,17.2
"AK",2021,17.2
"VA",2021,17.2
"WV",2021,17.2
"CO",2021,17.2
"WY",2021,17.2
"AK",2021,17.2
"MA",2021,17.2
"KS",2021,17.2
"RI",2021,17.2
"NE",2021,17.2
"CO",2017,17.3
"UT",2017,17.3
"KS",2017,17.3
"NV",2017,17.3
"IN",2017,17.3
"IL",2017,17.3
"OH",2019,17.3
"ID",2019,17.3
"OR",2019,17.3
"IA",2019,17.3
"NC",2019,17.3
"WV",2021,17.3
"RI",2021,17.3
"WV",2021,17.3
"CO",2021,17.3
"RI",2021,17.3
"WA",2021,17.3
"AL",2021,17.3
"MO",2017,17.4
"SD",2017,17.4
"IN",2017,17.4
"MI",2017,17.4
"SC",2017,17.4
"OH",2017,17.4
"OH",2017,17.4
"CO",2017,17.4
"KY",2017,17.4
"GA",2017,17.4
"OH",2019,17.4
"NV",2019,17.4
"MT",2019,17.4
"NY",2019,17.4
"MT",2019,17.4
"SD",2019,17.4
"TN",2019,17.4
"SD",2019,17.4
"DE",2019,17.4
"MI",2021,17.4
"MO",2021,17.4
"MN",2021,17.4
"MT",2021,17.4
"NJ",2021,17.4
"AK",2021,17.4
"WA",2021,17.4
"VT",2021,17.4
"TN",2021,17.4
"ME",2021,17.4
"CT",2021,17.4
"GA",2017,17.5
"MI",2017,17.5
"RI",2017,17.5
"NE",2017,17.5
"AR",2017,17.5
"RI",2017,17.5
"KY",2017,17.5
"UT",2017,17.5
"MN",2017,17.5
"KS",2017,17.5
"TN",2017,17.5
"NC",2019,17.5
"ND",2019,17.5
"RI",2019,17.5
"WV",2019,17.5
"WI",2019,17.5
"ID",2021,17.5
"NC",2021,17.5
"CT",2021,17.5
"IL",2021,17.5
"ID",2021,17.5
"IN",2021,17.5
"VA",2021,17.5
"UT",2017,17.6
"RI",2017,17.6
"OH",2017,17.6
"HI",2017,17.6
"AZ",2017,17.6
"NJ",2017,17.6
"NJ",2017,17.6
"CA",2017,17.6
"CT",2017,17.6
"IN",2017,17.6
"IA",2019,17.6
"AZ",2017,17.6
"NE",2017,17.6
"NE",2017,17.6
"SD",2019,17.6
"DE",2019,17.6
"MN",2019,17.6
"NC",2019,17.6
"VT",2021,17.6
"HI",2021,17.6
"KS",2021,17.6
"WY",2021,17.6
"CT",2021,17.6
"KY",2021,17.6
"OR",2021,17.6
"WI",2021,17.6
"MN",2021,17.6
"CO",2021,17.6
"IN",2021,17.6
"OK",2021,17.6
"OH",2021,17.6
"NH",2021,17.6
"NC",2021,17.6
"KY",2021,17.6
"RI",2021,17.6
"WI",2021,17.6
"NM",2021,17.6
"FL",2017,17.7
"WI",2017,17.7
"MO",2017,17.7
"MA",2017,17.7
"HI",2017,17.7
"NM",2017,17.7
"MS",2017,17.7
"NJ",2017,17.7
"WA",2017,17.7
"NY",2017,17.7
"KY",2019,17.7
"AZ",2019,17.7
"ND",2019,17.7
"MN",2019,17.7
"IL",2019,17.7
"MD",2019,17.7
"SD",2019,17.7
"CO",2019,17.7
"UT",2019,17.7
"WY",2019,17.7
"WA",2019,17.7
"MA",2021,17.7
"NH",2021,17.7
"NH",2021,17.7
"VA",2021,17.7
"ME",2021,17.7
"AZ",2021,17.7
"AK",2021,17.7
"WY",2017,17.8
"NV",2017,17.8
"SD",2017,17.8
"OK",2017,17.8
"NJ",2017,17.8
"GA",2017,17.8
"CO",2017,17.8
"MO",2017,17.8
"MT",2019,17.8
"MA",2019,17.8
"SD",2019,17.8
"MO",2019,17.8
"NV",2019,17.8
"MN",2019,17.8
"NH",2019,17.8
"IL",2019,17.8
"OK",2019,17.8
"MI",2021,17.8
"WV",2021,17.8
"NV",2021,17.8
"TN",2021,17.8
"ME",2021,17.8
"MI",2021,17.8
"NV",2021,17.8
"KS",2021,17.8
"WV",2021,17.8
"WY",2021,17.8
"CO",2021,17.8
"KY",2021,17.8
"MO",2021,17.8
"CO",2021,17.8
"VT",2017,17.9
"MO",2017,17.9
"RI",2017,17.9
"MT",2017,17.9
"AL",2017,17.9
"NM",2017,17.9
"CO",2019,17.9
"OH",2019,17.9
"VA",2019,17.9
"IL",2019,17.9
"NV",2019,17.9
"DE",2019,17.9
"OH",2019,17.9
"OK",2019,17.9
"AL",2019,17.9
"MD",2021,17.9
"PA",2021,17.9
"SC",2021,17.9
"RI",2021,17.9
"UT",2021,17.9
"SC",2021,17.9
"AZ",2021,17.9
"AK",2021,17.9
"NC",2017,18
"MI",2017,18
"IA",2017,18
"IL",2017,18
"MN",2017,18
"SC",2017,18
"CA",2017,18
"MN",2017,18
"WY",2017,18
"MI",2017,18
"WY",2017,18
"NY",2017,18
"FL",2017,18
"CT",2017,18
"IN",2019,18
"MT",2019,18
"AR",2019,18
"NH",2019,18
"TN",2019,18
"UT",2021,18
"TN",2021,18
"ND",2021,18
"AZ",2021,18
"CT",2021,18
"MN",2021,18
"MI",2021,18
"NY",2021,18
"IN",2021,18
"RI",2021,18
"TN",2021,18
"CA",2017,18.1
"WV",2017,18.1
"AL",2017,18.1
"NE",2017,18.1
"FL",2017,18.1
"KY",2017,18.1
"CO",2017,18.1
"GA",2017,18.1
"TN",2017,18.1
"SC",2017,18.1
"KS",2017,18.1
"ND",2017,18.1
"KY",2017,18.1
"MD",2017,18.1
"ID",2017,18.1
"GA",2017,18.1
"LA",2019,18.1
"ME",2019,18.1
"RI",2019,18.1
"MO",2019,18.1
"MT",2019,18.1
"MT",2019,18.1
"OR",2019,18.1
"SD",2021,18.1
"WA",2021,18.1
"UT",2021,18.1
"RI",2021,18.1
"NC",2021,18.1
"VA",2021,18.1
"CO",2021,18.1
"OR",2021,18.1
"IL",2021,18.1
"WY",2021,18.1
"RI",2021,18.1
"PA",2021,18.1
"MI",2021,18.1
"AZ",2021,18.1
"NJ",2017,18.2
"MO",2017,18.2
"WV",2017,18.2
"TX",2017,18.2
"MN",2019,18.2
"NC",2019,18.2
"FL",2019,18.2
"MS",2019,18.2
"FL",2019,18.2
"SD",2019,18.2
"OR",2019,18.2
"CO",2019,18.2
"RI",2019,18.2
"OH",2019,18.2
"PA",2019,18.2
"CT",2019,18.2
"WI",2019,18.2
"WA",2019,18.2
"WV",2019,18.2
"ND",2021,18.2
"TX",2021,18.2
"SC",2021,18.2
"NY",2021,18.2
"AR",2021,18.2
"GA",2021,18.2
"MD",2021,18.2
"SD",2021,18.2
"MS",2017,18.3
"MT",2017,18.3
"OR",2017,18.3
"PA",2017,18.3
"MD",2017,18.3
"VT",2017,18.3
"MN",2017,18.3
"AL",2017,18.3
"WI",2017,18.3
"AL",2017,18.3
"NC",2017,18.3
"CO",2017,18.3
"WV",2017,18.3
"NE",2019,18.3
"KS",2019,18.3
"VT",2019,18.3
"CA",2019,18.3
"NC",2019,18.3
"SD",2019,18.3
"MN",2019,18.3
"OR",2019,18.3
"TN",2019,18.3
"MA",2019,18.3
"OH",2019,18.3
"SD",2021,18.3
"MN",2021,18.3
"WI",2021,18.3
"GA",2021,18.3
"CT",2021,18.3
"RI",2021,18.3
"ME",2021,18.3
"AK",2021,18.3
"AK",2021,18.3
"VA",2021,18.3
"DE",2021,18.3
"IN",2021,18.3
"PA",2021,18.3
"MI",2021,18.3
"MI",2021,18.3
"NY",2017,18.4
"IA",2017,18.4
"AR",2017,18.4
"RI",2017,18.4
"PA",2017,18.4
"NY",2017,18.4
"MS",2019,18.4
"TN",2019,18.4
"KY",2019,18.4
"NV",2019,18.4
"NE",2019,18.4
"NM",2019,18.4
"MO",2019,18.4
"CT",2019,18.4
"WY",2019,18.4
"VA",2021,18.4
"MS",2021,18.4
"MD",2021,18.4
"ND",2021,18.4
"KS",2021,18.4
"NJ",2021,18.4
"AL",2021,18.4
"AL",2021,18.4
"MI",2017,18.5
"PA",2017,18.5
"NE",2017,18.5
"MA",2017,18.5
"IA",2017,18.5
"MD",2017,18.5
"MT",2017,18.5
"AZ",2017,18.5
"AL",2019,18.5
"FL",2019,18.5
"VT",2019,18.5
"IN",2019,18.5
"DE",2019,18.5
"FL",2019,18.5
"UT",2019,18.5
"MN",2019,18.5
"DE",2021,18.5
"MT",2021,18.5
"DE",2021,18.5
"NM",2021,18.5
"UT",2021,18.5
"MS",2021,18.5
"AR",2021,18.5
"WI",2021,18.5
"MI",2021,18.5
"WA",2021,18.5
"MN",2021,18.5
"CT",2021,18.5
"NJ",2021,18.5
"AR",2017,18.6
"AZ",2017,18.6
"NJ",2017,18.6
"NM",2017,18.6
"LA",2017,18.6
"VT",2017,18.6
"WI",2017,18.6
"IL",2017,18.6
"AK",2017,18.6
"OK",2017,18.6
"NE",2017,18.6
"NJ",2017,18.6
"LA",2017,18.6
"TX",2017,18.6
"NV",2017,18.6
"HI",2019,18.6
"UT",2019,18.6
"IN",2019,18.6
"MI",2019,18.6
"WY",2019,18.6
"GA",2019,18.6
"NE",2019,18.6
"MO",2019,18.6
"OK",2019,18.6
"ND",2019,18.6
"HI",2019,18.6
"WV",2019,18.6
"WV",2019,18.6
"IN",2021,18.6
"OR",2021,18.6
"TN",2021,18.6
"KY",2021,18.6
"MA",2021,18.6
"MO",2021,18.6
"NM",2021,18.6
"NE",2021,18.6
"NM",2021,18.6
"NV",2021,18.6
"UT",2021,18.6
"MN",2021,18.6
"OH",2021,18.6
"AK",2017,18.7
"MO",2017,18.7
"OH",2017,18.7
"NY",2017,18.7
"CO",2017,18.7
"TX",2017,18.7
"VA",2017,18.7
"OH",2017,18.7
"OK",2019,18.7
"SC",2019,18.7
"RI",2019,18.7
"AZ",2019,18.7
"OR",2019,18.7
"RI",2019,18.7
"MA",2019,18.7
"AK",2019,18.7
"LA",2019,18.7
"FL",2019,18.7
"RI",2019,18.7
"ID",2019,18.7
"VA",2019,18.7
"WY",2019,18.7
"SC",2021,18.7
"NE",2021,18.7
"WA",2021,18.7
"AK",2021,18.7
"PA",2021,18.7
"OK",2021,18.7
"MA",2021,18.7
"OR",2021,18.7
"WA",2021,18.7
"NE",2021,18.7
"NV",2021,18.7
"WA",2021,18.7
"WI",2021,18.7
"CO",2021,18.7
"WV",2021,18.7
"KS",2021,18.7
"UT",2021,18.7
"MO",2021,18.7
"MN",2021,18.7
"OK",2021,18.7
"IL",2021,18.7
"NC",2021,18.7
"MI",2021,18.7
"AZ",2017,18.8
"MD",2017,18.8
"FL",2017,18.8
"OK",2017,18.8
"NM",2017,18.8
"ID",2017,18.8
"MI",2017,18.8
"HI",2017,18.8
"WY",2017,18.8
"OK",2019,18.8
"NY",2019,18.8
"KS",2019,18.8
"SC",2019,18.8
"ID",2019,18.8
"DE",2019,18.8
"AZ",2019,18.8
"CO",2019,18.8
"MO",2019,18.8
"WY",2019,18.8
"WV",2021,18.8
"CO",2021,18.8
"TN",2021,18.8
"PA",2021,18.8
"NH",2021,18.8
"MO",2021,18.8
"SC",2021,18.8
"OH",2021,18.8
"KS",2021,18.8
"IN",2021,18.8
"KS",2021,18.8
"MT",2021,18.8
"NJ",2021,18.8
"KY",2021,18.8
"NC",2021,18.8
"AZ",2017,18.9
"NV",2017,18.9
"DE",2017,18.9
"WI",2017,18.9
"OH",2017,18.9
"AL",2017,18.9
"OK",2017,18.9
"PA",2019,18.9
"MD",2019,18.9
"MT",2019,18.9
"NV",2019,18.9
"AZ",2019,18.9
"NE",2019,18.9
"AZ",2019,18.9
"MN",2019,18.9
"CT",2019,18.9
"FL",2019,18.9
"VA",2019,18.9
"SD",2021,18.9
"NM",2021,18.9
"MD",2021,18.9
"AK",2021,18.9
"UT",2021,18.9
"ME",2021,18.9
"NY",2021,18.9
"WV",2021,18.9
"MN",2021,18.9
"CO",2021,18.9
"NJ",2021,18.9
"AK",2017,19
"OH",2017,19
"WI",2017,19
"FL",2017,19
"ND",2017,19
"KY",2017,19
"ND",2017,19
"ND",2017,19
"GA",2017,19
"KS",2019,19
"GA",2019,19
"GA",2019,19
"TN",2019,19
"WA",2019,19
"MO",2019,19
"AK",2019,19
"NE",2019,19
"MI",2019,19
"WI",2021,19
"OH",2021,19
"CA",2021,19
"ND",2021,19
"HI",2021,19
"NE",2021,19
"MA",2021,19
"OR",2021,19
"PA",2021,19
"SD",2021,19
"AZ",2021,19
"UT",2017,19.1
"NH",2017,19.1
"SC",2017,19.1
"WI",2017,19.1
"NJ",2017,19.1
"MA",2017,19.1
"FL",2019,19.1
"MI",2019,19.1
"OH",2019,19.1
"MN",2019,19.1
"AK",2019,19.1
"IN",2019,19.1
"HI",2019,19.1
"WY",2021,19.1
"MD",2021,19.1
"UT",2021,19.1
"OK",2021,19.1
"NY",2021,19.1
"UT",2021,19.1
"NE",2021,19.1
"MA",2021,19.1
"AK",2021,19.1
"SD",2021,19.1
"MO",2021,19.1
"MO",2021,19.1
"LA",2021,19.1
"WA",2021,19.1
"NY",2017,19.2
"AZ",2017,19.2
"IA",2017,19.2
"WA",2017,19.2
"KY",2017,19.2
"IN",2017,19.2
"MA",2017,19.2
"WY",2017,19.2
"MT",2017,19.2
"IN",2017,19.2
"NY",2019,19.2
"OR",2019,19.2
"SC",2019,19.2
"OK",2019,19.2
"NV",2019,19.2
"WY",2019,19.2
"SD",2021,19.2
"IN",2021,19.2
"WY",2021,19.2
"WA",2021,19.2
"ID",2021,19.2
"AL",2021,19.2
"KS",2021,19.2
"OK",2021,19.2
"MN",2021,19.2
"MD",2021,19.2
"NH",2021,19.2
"MA",2021,19.2
"IA",2017,19.3
"KY",2017,19.3
"AL",2017,19.3
"OK",2017,19.3
"IL",2017,19.3
"NY",2017,19.3
"NE",2017,19.3
"FL",2017,19.3
"AR",2017,19.3
"WA",2017,19.3
"IL",2017,19.3
"OH",2017,19.3
"GA",2017,19.3
"SC",2017,19.3
"VA",2017,19.3
"ME",2017,19.3
"MS",2017,19.3
"PA",2017,19.3
"AL",2019,19.3
"UT",2019,19.3
"NE",2019,19.3
"GA",2019,19.3
"OK",2019,19.3
"KY",2019,19.3
"SC",2019,19.3
"MD",2019,19.3
"NM",2019,19.3
"NV",2021,19.3
"KY",2021,19.3
"VA",2021,19.3
"MN",2021,19.3
"WI",2021,19.3
"VT",2021,19.3
"NM",2021,19.3
"TN",2021,19.3
"ME",2021,19.3
"MO",2021,19.3
"NY",2021,19.3
"CA",2021,19.3
"CA",2021,19.3
"NE",2021,19.3
"OR",2021,19.3
"MO",2021,19.3
"OH",2021,19.3
"CA",2017,19.4
"NM",2017,19.4
"OR",2017,19.4
"SD",2017,19.4
"LA",2017,19.4
"VA",2017,19.4
"FL",2017,19.4
"IN",2019,19.4
"OH",2019,19.4
"TX",2019,19.4
"MA",2019,19.4
"MI",2019,19.4
"MI",2019,19.4
"GA",2019,19.4
"ND",2019,19.4
"AR",2019,19.4
"WI",2019,19.4
"PA",2021,19.4
"MI",2021,19.4
"AR",2021,19.4
"MT",2017,19.5
"OH",2017,19.5
"CO",2017,19.5
"WA",2017,19.5
"WV",2017,19.5
"NY",2017,19.5
"VA",2017,19.5
"KS",2019,19.5
"OH",2019,19.5
"MD",2019,19.5
"MA",2019,19.5
"SD",2019,19.5
"RI",2019,19.5
"CO",2019,19.5
"UT",2019,19.5
"NM",2019,19.5
"WY",2019,19.5
"WV",2019,19.5
"KY",2021,19.5
"AK",2021,19.5
"CO",2021,19.5
"SD",2021,19.5
"MO",2021,19.5
"MN",2021,19.5
"LA",2021,19.5
"MO",2021,19.5
"NM",2021,19.5
"AL",2021,19.5
"SD",2017,19.6
"KS",2017,19.6
"ID",2017,19.6
"KS",2017,19.6
"AR",2017,19.6
"IA",2017,19.6
"VA",2017,19.6
"NH",2017,19.6
"TX",2017,19.6
"MN",2019,19.6
"SD",2019,19.6
"MT",2019,19.6
"MI",2019,19.6
"CO",2019,19.6
"AZ",2021,19.6
"AL",2021,19.6
"NE",2021,19.6
"SC",2021,19.6
"HI",2021,19.6
"CT",2017,19.7
"DE",2017,19.7
"WV",2017,19.7
"IN",2017,19.7
"WV",2017,19.7
"NH",2017,19.7
"IN",2017,19.7
"OH",2017,19.7
"ID",2019,19.7
"KS",2019,19.7
"GA",2019,19.7
"ND",2019,19.7
"NM",2019,19.7
"NE",2019,19.7
"AR",2019,19.7
"AZ",2019,19.7
"MS",2019,19.7
"KY",2019,19.7
"WY",2019,19.7
"WI",2019,19.7
"IN",2021,19.7
"NE",2021,19.7
"GA",2021,19.7
"VA",2021,19.7
"ND",2021,19.7
"TX",2021,19.7
"KS",2021,19.7
"IN",2021,19.7
"CO",2021,19.7
"OH",2021,19.7
"OR",2021,19.7
"RI",2021,19.7
"WV",2017,19.8
"NE",2017,19.8
"SD",2017,19.8
"IL",2017,19.8
"CO",2017,19.8
"MI",2017,19.8
"ND",2017,19.8
"ND",2017,19.8
"WI",2017,19.8
"ND",2017,19.8
"IN",2017,19.8
"SD",2017,19.8
"CT",2019,19.8
"NH",2019,19.8
"IN",2019,19.8
"PA",2019,19.8
"TX",2019,19.8
"WV",2019,19.8
"NC",2019,19.8
"NM",2019,19.8
"KS",2019,19.8
"MT",2021,19.8
"TN",2021,19.8
"CA",2021,19.8
"KY",2021,19.8
"NJ",2021,19.8
"OH",2021,19.8
"IN",2021,19.8
"OK",2021,19.8
"RI",2017,19.9
"HI",2017,19.9
"WV",2017,19.9
"IL",2017,19.9
"GA",2017,19.9
"NV",2017,19.9
"MO",2017,19.9
"ND",2019,19.9
"AR",2019,19.9
"PA",2019,19.9
"CT",2019,19.9
"SD",2019,19.9
"CA",2019,19.9
"MO",2019,19.9
"IL",2019,19.9
"UT",2019,19.9
"VA",2019,19.9
"NC",2021,19.9
"SC",2021,19.9
"MD",2021,19.9
"AZ",2021,19.9
"SC",2017,20
"OR",2017,20
"NE",2017,20
"SD",2017,20
"MD",2017,20
"DE",2017,20
"KS",2019,20
"CO",2019,20
"IA",2019,20
"OK",2019,20
"IN",2019,20
"AL",2019,20
"KS",2019,20
"PA",2019,20
"VA",2019,20
"SC",2021,20
"CT",2021,20
"AK",2021,20
"ND",2021,20
"WA",2021,20
"GA",2021,20
"ID",2021,20
"MS",2021,20
"NJ",2021,20
"AR",2021,20
"UT",2021,20
"OH",2021,20
"AR",2017,20.1
"AZ",2017,20.1
"MD",2017,20.1
"WV",2017,20.1
"IA",2017,20.1
"AR",2019,20.1
"SD",2019,20.1
"KS",2019,20.1
"NE",2019,20.1
"OH",2019,20.1
"AL",2019,20.1
"PA",2019,20.1
"WI",2019,20.1
"GA",2021,20.1
"IN",2021,20.1
"WI",2021,20.1
"WI",2021,20.1
"MO",2021,20.1
"WV",2021,20.1
"MI",2021,20.1
"NY",2021,20.1
"MN",2017,20.2
"GA",2017,20.2
"AR",2017,20.2
"CT",2017,20.2
"MI",2017,20.2
"WV",2017,20.2
"KY",2019,20.2
"OR",2019,20.2
"OH",2019,20.2
"AZ",2019,20.2
"UT",2019,20.2
"AR",2019,20.2
"AR",2019,20.2
"ND",2019,20.2
"IL",2019,20.2
"DE",2019,20.2
"NV",2019,20.2
"CO",2019,20.2
"VT",2019,20.2
"KS",2021,20.2
"MN",2017,20.3
"NY",2017,20.3
"CT",2017,20.3
"ID",2017,20.3
"NY",2017,20.3
"MS",2017,20.3
"WI",2017,20.3
"IA",2019,20.3
"DE",2019,20.3
"LA",2019,20.3
"CA",2019,20.3
"TX",2019,20.3
"PA",2019,20.3
"IA",2019,20.3
"NE",2019,20.3
"WA",2019,20.3
"NM",2021,20.3
"AL",2021,20.3
"IA",2021,20.3
"PA",2021,20.3
"GA",2021,20.3
"RI",2021,20.3
"NE",2021,20.3
"GA",2021,20.3
"HI",2021,20.3
"OK",2021,20.3
"KY",2021,20.3
"SD",2021,20.3
"MA",2017,20.4
"IL",2017,20.4
"CA",2017,20.4
"NY",2017,20.4
"OK",2017,20.4
"MN",2017,20.4
"NY",2019,20.4
"NY",2019,20.4
"OH",2019,20.4
"CA",2019,20.4
"MS",2019,20.4
"NY",2019,20.4
"NM",2019,20.4
"WY",2019,20.4
"MI",2021,20.4
"NV",2021,20.4
"NM",2021,20.4
"WI",2021,20.4
"SC",2021,20.4
"MT",2021,20.4
"SD",2021,20.4
"DE",2021,20.4
"NY",2017,20.5
"NM",2017,20.5
"CO",2017,20.5
"KY",2017,20.5
"AL",2017,20.5
"MD",2019,20.5
"CA",2019,20.5
"AZ",2021,20.5
"NC",2021,20.5
"TN",2021,20.5
"KY",2021,20.5
"CT",2021,20.5
"SD",2021,20.5
"DE",2021,20.5
"MT",2021,20.5
"KS",2021,20.5
"MN",2017,20.6
"WI",2017,20.6
"NC",2017,20.6
"KS",2017,20.6
"RI",2017,20.6
"VT",2017,20.6
"NM",2017,20.6
"MA",2017,20.6
"MN",2019,20.6
"IN",2019,20.6
"RI",2019,20.6
"RI",2019,20.6
"NY",2019,20.6
"VA",2019,20.6
"WA",2019,20.6
"NM",2021,20.6
"ND",2021,20.6
"AL",2021,20.6
"WV",2021,20.6
"WV",2021,20.6
"NE",2021,20.6
"MD",2021,20.6
"OH",2021,20.6
"IA",2021,20.6
"WV",2021,20.6
"MN",2021,20.6
"NV",2021,20.6
"CA",2017,20.7
"IN",2017,20.7
"AL",2017,20.7
"CA",2017,20.7
"DE",2017,20.7
"IN",2017,20.7
"DE",2017,20.7
"MD",2017,20.7
"DE",2017,20.7
"WI",2017,20.7
"MO",2017,20.7
"MD",2017,20.7
"OK",2019,20.7
"AZ",2019,20.7
"PA",2019,20.7
"DE",2019,20.7
"MI",2019,20.7
"TX",2019,20.7
"IA",2019,20.7
"DE",2019,20.7
"LA",2019,20.7
"CA",2021,20.7
"CA",2021,20.7
"SD",2021,20.7
"OK",2021,20.7
"WY",2021,20.7
"SC",2021,20.7
"TX",2017,20.8
"SC",2017,20.8
"MT",2017,20.8
"RI",2017,20.8
"WA",2017,20.8
"AZ",2017,20.8
"AZ",2017,20.8
"FL",2017,20.8
"LA",2017,20.8
"GA",2019,20.8
"NE",2019,20.8
"CA",2019,20.8
"AL",2019,20.8
"WV",2019,20.8
"KS",2021,20.8
"IN",2021,20.8
"SD",2021,20.8
"SC",2021,20.8
"IA",2021,20.8
"NE",2021,20.8
"SD",2017,20.9
"UT",2017,20.9
"FL",2017,20.9
"LA",2017,20.9
"AR",2019,20.9
"UT",2019,20.9
"AK",2019,20.9
"NH",2019,20.9
"MI",2019,20.9
"AL",2019,20.9
"HI",2019,20.9
"OH",2019,20.9
"WA",2019,20.9
"CT",2021,20.9
"TX",2021,20.9
"NY",2021,20.9
"LA",2021,20.9
"IA",2021,20.9
"MI",2021,20.9
"IA",2021,20.9
"CA",2021,20.9
"PA",2021,20.9
"LA",2017,21
"NC",2017,21
"IL",2017,21
"HI",2017,21
"OH",2017,21
"NC",2017,21
"TN",2017,21
"MN",2019,21
"UT",2019,21
"MA",2019,21
"NH",2019,21
"WA",2019,21
"IA",2021,21
"HI",2021,21
"HI",2021,21
"NJ",2021,21
"WY",2021,21
"WV",2021,21
"NH",2021,21
"WI",2021,21
"OR",2017,21.1
"DE",2017,21.1
"NJ",2017,21.1
"ME",2017,21.1
"AK",2019,21.1
"IA",2019,21.1
"MS",2019,21.1
"IN",2019,21.1
"AK",2019,21.1
"ND",2019,21.1
"NM",2021,21.1
"OK",2021,21.1
"MT",2021,21.1
"OR",2021,21.1
"OR",2021,21.1
"TX",2021,21.1
"MS",2021,21.1
"UT",2021,21.1
"AR",2021,21.1
"OK",2021,21.1
"NY",2021,21.1
"CA",2021,21.1
"WV",2017,21.2
"CA",2017,21.2
"TX",2017,21.2
"HI",2017,21.2
"ND",2017,21.2
"MS",2017,21.2
"OK",2017,21.2
"MO",2017,21.2
"AR",2017,21.2
"NE",2019,21.2
"ID",2019,21.2
"SC",2019,21.2
"VT",2021,21.2
"MD",2021,21.2
"IL",2021,21.2
"AL",2021,21.2
"KY",2021,21.2
"TN",2021,21.2
"WY",2021,21.2
"WI",2021,21.2
"NM",2017,21.3
"FL",2017,21.3
"ID",2017,21.3
"SC",2017,21.3
"IL",2017,21.3
"CT",2017,21.3
"TX",2017,21.3
"OH",2017,21.3
"LA",2017,21.3
"IN",2019,21.3
"OH",2019,21.3
"MT",2019,21.3
"SD",2019,21.3
"NC",2019,21.3
"NC",2019,21.3
"MT",2019,21.3
"UT",2019,21.3
"TX",2019,21.3
"SC",2019,21.3
"FL",2019,21.3
"ME",2019,21.3
"HI",2019,21.3
"PA",2019,21.3
"MD",2019,21.3
"WI",2019,21.3
"IN",2021,21.3
"HI",2021,21.3
"MN",2021,21.3
"NM",2021,21.3
"ND",2021,21.3
"CA",2021,21.3
"MI",2021,21.3
"VT",2021,21.3
"WY",2021,21.3
"IA",2017,21.4
"RI",2017,21.4
"CA",2017,21.4
"OK",2017,21.4
"MS",2017,21.4
"AZ",2017,21.4
"NM",2017,21.4
"NM",2017,21.4
"IL",2017,21.4
"CA",2017,21.4
"TN",2017,21.4
"CO",2019,21.4
"AK",2019,21.4
"MS",2019,21.4
"TN",2019,21.4
"ID",2019,21.4
"WI",2019,21.4
"NH",2021,21.4
"WV",2021,21.4
"NY",2021,21.4
"LA",2021,21.4
"MA",2021,21.4
"LA",2021,21.4
"AZ",2021,21.4
"TX",2021,21.4
"IA",2021,21.4
"MS",2021,21.4
"IN",2017,21.5
"MI",2017,21.5
"ND",2019,21.5
"OK",2019,21.5
"NH",2019,21.5
"MI",2019,21.5
"NY",2021,21.5
"NM",2021,21.5
"NY",2021,21.5
"MI",2021,21.5
"NE",2021,21.5
"IA",2021,21.5
"IA",2017,21.6
"NM",2017,21.6
"HI",2017,21.6
"WY",2017,21.6
"MT",2017,21.6
"HI",2017,21.6
"LA",2017,21.6
"NH",2019,21.6
"MO",2019,21.6
"GA",2019,21.6
"AR",2019,21.6
"AR",2019,21.6
"HI",2019,21.6
"LA",2019,21.6
"NC",2019,21.6
"NY",2019,21.6
"IA",2019,21.6
"TX",2021,21.6
"ND",2021,21.6
"AR",2021,21.6
"NV",2021,21.6
"KS",2021,21.6
"NJ",2017,21.7
"SC",2017,21.7
"SC",2017,21.7
"WV",2017,21.7
"OK",2017,21.7
"AZ",2017,21.7
"TN",2017,21.7
"AR",2017,21.7
"IN",2017,21.7
"HI",2019,21.7
"IN",2019,21.7
"AL",2019,21.7
"CT",2019,21.7
"NY",2019,21.7
"ID",2019,21.7
"TN",2019,21.7
"IL",2019,21.7
"IA",2019,21.7
"PA",2021,21.7
"OK",2021,21.7
"NY",2021,21.7
"AL",2021,21.7
"CT",2021,21.7
"MI",2021,21.7
"AZ",2021,21.7
"CA",2021,21.7
"AZ",2021,21.7
"WV",2021,21.7
"MS",2017,21.8
"MD",2019,21.8
"KY",2019,21.8
"NV",2019,21.8
"WY",2019,21.8
"WV",2019,21.8
"CA",2021,21.8
"KY",2021,21.8
"IN",2021,21.8
"MO",2021,21.8
"MD",2021,21.8
"AZ",2021,21.8
"MA",2021,21.8
"KS",2021,21.8
"NV",2017,21.9
"NE",2017,21.9
"AR",2017,21.9
"MS",2017,21.9
"TX",2017,21.9
"IA",2017,21.9
"NJ",2017,21.9
"IL",2019,21.9
"IN",2019,21.9
"MT",2019,21.9
"AK",2019,21.9
"AZ",2019,21.9
"KY",2019,21.9
"MO",2019,21.9
"KS",2019,21.9
"IN",2019,21.9
"FL",2019,21.9
"VA",2019,21.9
"WA",2021,21.9
"IA",2021,21.9
"DE",2021,21.9
"HI",2021,21.9
"PA",2021,21.9
"MS",2021,21.9
"NJ",2021,21.9
"ME",2021,21.9
"WI",2017,22
"NV",2017,22
"ME",2017,22
"AK",2017,22
"NH",2019,22
"MS",2019,22
"HI",2019,22
"KY",2019,22
"WV",2019,22
"WA",2019,22
"CO",2021,22
"MA",2021,22
"UT",2021,22
"IA",2021,22
"NH",2021,22
"SD",2021,22
"MI",2017,22.1
"MN",2017,22.1
"WI",2017,22.1
"KS",2017,22.1
"NV",2017,22.1
"WV",2017,22.1
"PA",2017,22.1
"PA",2017,22.1
"AL",2017,22.1
"GA",2017,22.1
"AK",2017,22.1
"WV",2019,22.1
"SC",2019,22.1
"MD",2019,22.1
"KY",2019,22.1
"ND",2019,22.1
"TN",2019,22.1
"TN",2019,22.1
"AK",2019,22.1
"MT",2019,22.1
"TX",2019,22.1
"HI",2019,22.1
"KY",2019,22.1
"WV",2019,22.1
"HI",2021,22.1
"AZ",2021,22.1
"MS",2021,22.1
"SD",2021,22.1
"IL",2021,22.1
"GA",2017,22.2
"IA",2017,22.2
"MO",2017,22.2
"NY",2019,22.2
"PA",2019,22.2
"ND",2019,22.2
"NM",2019,22.2
"UT",2019,22.2
"MT",2019,22.2
"TX",2019,22.2
"WV",2019,22.2
"NJ",2021,22.2
"WA",2021,22.2
"OK",2021,22.2
"WY",2021,22.2
"KY",2021,22.2
"CO",2021,22.2
"IL",2021,22.2
"AK",2021,22.2
"MO",2021,22.2
"TX",2017,22.3
"MD",2017,22.3
"MS",2017,22.3
"WY",2017,22.3
"DE",2017,22.3
"MO",2019,22.3
"AL",2019,22.3
"CO",2019,22.3
"MI",2019,22.3
"AZ",2019,22.3
"PA",2021,22.3
"AR",2021,22.3
"AR",2021,22.3
"NM",2021,22.3
"NJ",2021,22.3
"IN",2017,22.4
"NJ",2017,22.4
"OR",2017,22.4
"AK",2017,22.4
"OH",2017,22.4
"NM",2017,22.4
"MN",2017,22.4
"OK",2017,22.4
"RI",2019,22.4
"MS",2019,22.4
"TN",2019,22.4
"OK",2019,22.4
"NM",2019,22.4
"OR",2019,22.4
"ME",2021,22.4
"IN",2021,22.4
"OK",2021,22.4
"SC",2021,22.4
"ND",2021,22.4
"NV",2021,22.4
"HI",2021,22.4
"VA",2017,22.5
"MD",2017,22.5
"NM",2017,22.5
"MS",2017,22.5
"GA",2019,22.5
"VT",2019,22.5
"AL",2019,22.5
"PA",2019,22.5
"AR",2019,22.5
"OH",2019,22.5
"MS",2019,22.5
"AR",2019,22.5
"TN",2019,22.5
"OK",2019,22.5
"ID",2021,22.5
"WV",2021,22.5
"SD",2021,22.5
"CA",2021,22.5
"RI",2021,22.5
"LA",2021,22.5
"TN",2021,22.5
"OK",2021,22.5
"HI",2021,22.5
"CA",2017,22.6
"NY",2017,22.6
"AK",2017,22.6
"KY",2019,22.6
"MO",2019,22.6
"HI",2019,22.6
"AK",2019,22.6
"VT",2019,22.6
"NM",2019,22.6
"AZ",2019,22.6
"OR",2019,22.6
"WI",2019,22.6
"WI",2019,22.6
"GA",2021,22.6
"NE",2021,22.6
"ID",2021,22.6
"MN",2021,22.6
"MT",2021,22.6
"SC",2021,22.6
"ND",2021,22.6
"HI",2017,22.7
"MA",2017,22.7
"NV",2017,22.7
"NC",2017,22.7
"IA",2017,22.7
"TX",2019,22.7
"TN",2019,22.7
"IA",2019,22.7
"MO",2019,22.7
"MS",2019,22.7
"CT",2019,22.7
"AZ",2019,22.7
"IA",2019,22.7
"NC",2019,22.7
"IA",2021,22.7
"VA",2021,22.7
"MI",2021,22.7
"NC",2021,22.7
"PA",2017,22.8
"WI",2017,22.8
"ND",2017,22.8
"NY",2017,22.8
"IL",2017,22.8
"FL",2019,22.8
"UT",2019,22.8
"AL",2019,22.8
"CT",2019,22.8
"AR",2019,22.8
"IL",2019,22.8
"GA",2019,22.8
"PA",2019,22.8
"WI",2019,22.8
"KY",2019,22.8
"WI",2019,22.8
"NM",2021,22.8
"NV",2021,22.8
"KY",2021,22.8
"CT",2021,22.8
"ND",2021,22.8
"DE",2017,22.9
"CO",2017,22.9
"MS",2017,22.9
"ND",2019,22.9
"KS",2019,22.9
"ID",2019,22.9
"HI",2019,22.9
"MS",2019,22.9
"WI",2019,22.9
"WY",2019,22.9
"PA",2021,22.9
"IL",2021,22.9
"TX",2021,22.9
"IA",2021,22.9
"KY",2021,22.9
"MS",2021,22.9
"MO",2021,22.9
"AL",2021,22.9
"RI",2021,22.9
"CO",2021,22.9
"HI",2021,22.9
"MI",2017,23
"FL",2017,23
"NE",2017,23
"NV",2017,23
"ND",2017,23
"NE",2017,23
"AL",2017,23
"NM",2017,23
"ID",2017,23
"GA",2017,23
"MI",2017,23
"CT",2019,23
"IL",2019,23
"KS",2019,23
"MI",2019,23
"AR",2019,23
"AL",2019,23
"WA",2019,23
"LA",2021,23
"LA",2021,23
"AR",2021,23
"HI",2021,23
"IA",2021,23
"ND",2021,23
"AR",2021,23
"OH",2021,23
"AR",2021,23
"ID",2019,23.1
"ME",2019,23.1
"NE",2019,23.1
"NV",2019,23.1
"SD",2019,23.1
"HI",2019,23.1
"TX",2021,23.1
"NH",2017,23.2
"UT",2017,23.2
"MD",2017,23.2
"HI",2017,23.2
"OH",2017,23.2
"AR",2017,23.2
"OH",2019,23.2
"LA",2017,23.2
"KY",2019,23.2
"HI",2019,23.2
"NY",2019,23.2
"CO",2019,23.2
"TX",2019,23.2
"MI",2019,23.2
"LA",2019,23.2
"WI",2021,23.2
"MS",2021,23.2
"MO",2021,23.2
"MD",2021,23.2
"NH",2021,23.2
"MA",2021,23.2
"NC",2021,23.2
"NY",2021,23.2
"IA",2021,23.2
"WY",2021,23.2
"WI",2017,23.3
"KS",2017,23.3
"TX",2017,23.3
"CO",2017,23.3
"MO",2019,23.3
"CT",2019,23.3
"NE",2019,23.3
"OH",2019,23.3
"MS",2021,23.3
"OH",2021,23.3
"TX",2021,23.3
"TX",2021,23.3
"VA",2021,23.3
"UT",2017,23.4
"OR",2017,23.4
"AK",2017,23.4
"NV",2017,23.4
"IA",2017,23.4
"AR",2017,23.4
"ND",2017,23.4
"TX",2019,23.4
"HI",2019,23.4
"MI",2019,23.4
"CO",2019,23.4
"MS",2019,23.4
"GA",2019,23.4
"IL",2019,23.4
"CO",2019,23.4
"WA",2019,23.4
"KS",2021,23.4
"AL",2021,23.4
"KY",2021,23.4
"WA",2017,23.5
"HI",2017,23.5
"CO",2017,23.5
"LA",2017,23.5
"SC",2017,23.5
"TX",2019,23.5
"AL",2019,23.5
"NM",2019,23.5
"AR",2019,23.5
"HI",2019,23.5
"TX",2019,23.5
"MD",2021,23.5
"SD",2021,23.5
"WI",2021,23.5
"GA",2021,23.5
"MO",2021,23.5
"ID",2021,23.5
"OH",2021,23.5
"HI",2021,23.5
"NM",2021,23.5
"IN",2021,23.5
"HI",2021,23.5
"KS",2017,23.6
"MT",2017,23.6
"NV",2017,23.6
"MS",2017,23.6
"IN",2017,23.6
"VT",2017,23.6
"CO",2019,23.6
"KS",2019,23.6
"OK",2019,23.6
"MN",2019,23.6
"CO",2019,23.6
"RI",2021,23.6
"MA",2021,23.6
"TN",2021,23.6
"MI",2021,23.6
"ND",2021,23.6
"CA",2017,23.7
"AZ",2017,23.7
"ND",2017,23.7
"NE",2017,23.7
"MN",2019,23.7
"NM",2019,23.7
"TX",2019,23.7
"MO",2019,23.7
"CA",2019,23.7
"CA",2019,23.7
"NM",2019,23.7
"WY",2021,23.7
"MN",2021,23.7
"UT",2021,23.7
"AL",2017,23.8
"HI",2017,23.8
"WY",2017,23.8
"MN",2019,23.8
"AK",2019,23.8
"MN",2019,23.8
"MN",2019,23.8
"ND",2019,23.8
"KS",2019,23.8
"OK",2019,23.8
"OK",2021,23.8
"WI",2021,23.8
"NC",2021,23.8
"MT",2021,23.8
"SC",2021,23.8
"MA",2021,23.8
"ND",2017,23.9
"AL",2017,23.9
"LA",2017,23.9
"CA",2019,23.9
"LA",2019,23.9
"IA",2019,23.9
"ND",2019,23.9
"NE",2019,23.9
"WV",2019,23.9
"CT",2021,23.9
"CT",2021,23.9
"LA",2021,23.9
"TX",2021,23.9
"IN",2021,23.9
"MN",2017,24
"KY",2017,24
"CO",2017,24
"HI",2017,24
"CO",2017,24
"AZ",2017,24
"PA",2017,24
"KY",2017,24
"FL",2019,24
"SC",2019,24
"FL",2019,24
"WA",2019,24
"NM",2021,24
"NY",2021,24
"HI",2021,24
"IN",2021,24
"NJ",2021,24
"MD",2021,24
"NJ",2017,24.1
"GA",2017,24.1
"MI",2017,24.1
"MT",2017,24.1
"VT",2017,24.1
"IN",2019,24.1
"AZ",2019,24.1
"OK",2019,24.1
"NY",2019,24.1
"NE",2019,24.1
"ID",2019,24.1
"IL",2019,24.1
"IL",2021,24.1
"WY",2021,24.1
"MI",2021,24.1
"WI",2021,24.1
"NY",2021,24.1
"IN",2021,24.1
"ND",2021,24.1
"NH",2021,24.1
"DE",2021,24.1
"FL",2019,24.2
"DE",2019,24.2
"AL",2019,24.2
"IL",2019,24.2
"IN",2019,24.2
"UT",2019,24.2
"LA",2019,24.2
"VA",2019,24.2
"MD",2021,24.2
"NV",2021,24.2
"NV",2021,24.2
"RI",2021,24.2
"AR",2021,24.2
"VA",2021,24.2
"HI",2021,24.2
"KY",2017,24.3
"LA",2017,24.3
"UT",2017,24.3
"MN",2017,24.3
"LA",2017,24.3
"OH",2017,24.3
"ND",2019,24.3
"IL",2019,24.3
"NH",2019,24.3
"IN",2019,24.3
"OK",2021,24.3
"GA",2021,24.3
"LA",2021,24.3
"IL",2021,24.3
"DE",2021,24.3
"TX",2017,24.4
"CT",2017,24.4
"DE",2017,24.4
"HI",2019,24.4
"ND",2019,24.4
"FL",2019,24.4
"RI",2019,24.4
"MD",2019,24.4
"ND",2019,24.4
"MI",2019,24.4
"PA",2019,24.4
"IL",2021,24.4
"ME",2021,24.4
"MS",2021,24.4
"IL",2017,24.5
"KS",2017,24.5
"OR",2017,24.5
"MN",2017,24.5
"KS",2017,24.5
"LA",2017,24.5
"NV",2017,24.5
"SD",2019,24.5
"MO",2019,24.5
"GA",2019,24.5
"AR",2019,24.5
"NJ",2021,24.5
"TX",2021,24.5
"AZ",2021,24.5
"IA",2021,24.5
"CT",2021,24.5
"OH",2021,24.5
"ND",2017,24.6
"NE",2017,24.6
"NJ",2017,24.6
"SC",2017,24.6
"KS",2019,24.6
"WI",2019,24.6
"WV",2019,24.6
"NJ",2021,24.6
"OH",2021,24.6
"HI",2021,24.6
"MO",2017,24.7
"VA",2017,24.7
"IL",2017,24.7
"KY",2017,24.7
"IN",2019,24.7
"NM",2019,24.7
"VA",2019,24.7
"ID",2021,24.7
"KY",2021,24.7
"MS",2021,24.7
"AL",2021,24.7
"MA",2017,24.8
"AZ",2017,24.8
"NY",2019,24.8
"MO",2019,24.8
"CT",2019,24.8
"PA",2019,24.8
"MD",2019,24.8
"NV",2019,24.8
"MI",2019,24.8
"HI",2019,24.8
"NM",2021,24.8
"MA",2021,24.8
"MS",2021,24.8
"CO",2021,24.8
"NE",2021,24.8
"AK",2021,24.8
"VA",2017,24.9
"WV",2017,24.9
"CO",2019,24.9
"IA",2019,24.9
"IL",2019,24.9
"NM",2019,24.9
"AZ",2021,24.9
"WY",2017,25
"CA",2017,25
"TN",2017,25
"NY",2019,25
"CO",2017,25
"NV",2017,25
"HI",2019,25
"SC",2019,25
"DE",2019,25
"OH",2021,25
"NV",2021,25
"OK",2021,25
"MT",2021,25
"MS",2021,25
"NY",2021,25
"AL",2017,25.1
"TX",2019,25.1
"NC",2019,25.1
"RI",2019,25.1
"CA",2019,25.1
"TX",2019,25.1
"TX",2021,25.1
"KS",2021,25.1
"SD",2021,25.1
"AK",2021,25.1
"CA",2017,25.2
"AR",2017,25.2
"AZ",2019,25.2
"CO",2019,25.2
"IA",2019,25.2
"NV",2019,25.2
"NE",2019,25.2
"OR",2021,25.2
"AR",2021,25.2
"MN",2021,25.2
"AZ",2021,25.2
"NJ",2021,25.2
"TX",2021,25.2
"NM",2021,25.2
"HI",2017,25.3
"HI",2017,25.3
"MD",2019,25.3
"DE",2019,25.3
"MS",2019,25.3
"TN",2021,25.3
"NV",2021,25.3
"IA",2021,25.3
"KS",2021,25.3
"NC",2021,25.3
"MN",2021,25.3
"UT",2021,25.3
"HI",2017,25.4
"MO",2017,25.4
"HI",2017,25.4
"CT",2019,25.4
"PA",2019,25.4
"NE",2019,25.4
"CO",2019,25.4
"FL",2019,25.4
"TN",2019,25.4
"AL",2019,25.4
"WI",2019,25.4
"PA",2021,25.4
"NV",2021,25.4
"TN",2021,25.4
"OK",2021,25.4
"MO",2021,25.4
"AL",2017,25.5
"AZ",2017,25.5
"NM",2017,25.5
"OR",2019,25.5
"CA",2019,25.5
"MN",2019,25.5
"HI",2019,25.5
"CO",2019,25.5
"UT",2019,25.5
"KY",2019,25.5
"DE",2021,25.5
"UT",2021,25.5
"ND",2021,25.5
"AK",2017,25.6
"AZ",2017,25.6
"TX",2017,25.6
"OR",2017,25.6
"IA",2019,25.6
"NY",2019,25.6
"LA",2019,25.6
"MA",2019,25.6
"NM",2019,25.6
"LA",2021,25.6
"TX",2021,25.6
"UT",2021,25.6
"GA",2021,25.6
"NJ",2021,25.6
"OR",2017,25.7
"NE",2017,25.7
"SC",2019,25.7
"MN",2019,25.7
"CT",2019,25.7
"RI",2019,25.7
"SC",2019,25.7
"LA",2021,25.7
"NE",2021,25.7
"ND",2021,25.7
"IA",2021,25.7
"WA",2017,25.8
"MA",2017,25.8
"WV",2017,25.8
"IA",2017,25.8
"IA",2019,25.8
"OH",2019,25.8
"GA",2019,25.8
"UT",2019,25.8
"DE",2019,25.8
"OR",2019,25.8
"GA",2019,25.8
"WI",2019,25.8
"VT",2019,25.8
"MT",2021,25.8
"SD",2021,25.8
"CA",2021,25.8
"MA",2021,25.8
"AZ",2021,25.8
"WA",2021,25.8
"SC",2017,25.9
"NY",2017,25.9
"HI",2017,25.9
"ND",2017,25.9
"TX",2019,25.9
"LA",2019,25.9
"TN",2019,25.9
"WA",2021,25.9
"UT",2021,25.9
"AL",2021,25.9
"RI",2017,26
"NC",2017,26
"NC",2017,26
"CT",2017,26
"ND",2017,26
"TN",2017,26
"LA",2017,26
"MI",2021,26
"NY",2021,26
"ND",2021,26
"GA",2021,26
"CT",2021,26
"AZ",2017,26.1
"CO",2019,26.1
"IA",2019,26.1
"RI",2019,26.1
"MS",2019,26.1
"NV",2019,26.1
"NY",2019,26.1
"NC",2021,26.1
"OR",2017,26.2
"NE",2017,26.2
"LA",2017,26.2
"RI",2017,26.2
"CA",2019,26.2
"LA",2021,26.2
"OR",2021,26.2
"MS",2017,26.3
"WI",2017,26.3
"TN",2017,26.3
"NM",2017,26.3
"KS",2017,26.3
"RI",2017,26.3
"HI",2019,26.3
"LA",2019,26.3
"NV",2019,26.3
"MD",2019,26.3
"AZ",2019,26.3
"MI",2019,26.3
"LA",2019,26.3
"NY",2019,26.3
"SC",2021,26.3
"WI",2021,26.3
"DE",2021,26.3
"AZ",2021,26.3
"OK",2021,26.3
"PA",2021,26.3
"SD",2017,26.4
"NE",2017,26.4
"OH",2017,26.4
"PA",2017,26.4
"DE",2019,26.4
"OH",2019,26.4
"AL",2019,26.4
"SC",2019,26.4
"NY",2019,26.4
"WI",2019,26.4
"HI",2021,26.4
"NM",2021,26.4
"DE",2021,26.4
"MS",2021,26.4
"HI",2021,26.4
"PA",2017,26.5
"FL",2017,26.5
"ID",2017,26.5
"FL",2019,26.5
"CA",2019,26.5
"KS",2019,26.5
"UT",2019,26.5
"IA",2019,26.5
"LA",2021,26.5
"VA",2021,26.5
"NH",2017,26.6
"CT",2017,26.6
"TN",2019,26.6
"HI",2019,26.6
"AZ",2021,26.6
"HI",2021,26.6
"VA",2021,26.6
"NC",2021,26.6
"NE",2021,26.6
"IA",2017,26.7
"NC",2019,26.7
"TX",2019,26.7
"OK",2019,26.7
"WI",2019,26.7
"AK",2021,26.7
"NV",2021,26.7
"AZ",2021,26.7
"NV",2021,26.7
"IL",2017,26.8
"ND",2017,26.8
"NV",2017,26.8
"NC",2017,26.8
"NJ",2017,26.8
"IA",2017,26.8
"MS",2019,26.8
"NV",2021,26.8
"OK",2017,26.9
"IL",2019,26.9
"DE",2019,26.9
"OK",2019,26.9
"MD",2019,26.9
"PA",2021,26.9
"TN",2021,26.9
"MI",2021,26.9
"WA",2021,26.9
"CO",2021,26.9
"HI",2017,27
"OK",2017,27
"IN",2017,27
"UT",2017,27
"NE",2019,27
"TX",2019,27
"AL",2019,27
"KY",2019,27
"LA",2021,27
"IN",2017,27.1
"MA",2017,27.1
"HI",2019,27.1
"IN",2019,27.1
"AL",2019,27.1
"WY",2019,27.1
"VA",2019,27.1
"AL",2021,27.1
"NM",2021,27.1
"CO",2021,27.1
"TX",2021,27.1
"ID",2021,27.1
"WA",2017,27.2
"WI",2017,27.2
"AR",2019,27.2
"SD",2019,27.2
"OH",2019,27.2
"SC",2019,27.2
"PA",2019,27.2
"VA",2021,27.2
"UT",2021,27.2
"TN",2021,27.2
"MT",2021,27.2
"MD",2021,27.2
"ND",2021,27.2
"MO",2017,27.3
"NV",2019,27.3
"LA",2019,27.3
"CT",2019,27.3
"AR",2019,27.3
"MN",2019,27.3
"WI",2019,27.3
"RI",2021,27.3
"AL",2021,27.3
"MN",2021,27.3
"VT",2021,27.3
"MO",2021,27.3
"WI",2021,27.3
"OR",2017,27.4
"TX",2017,27.4
"IL",2017,27.4
"CA",2019,27.4
"AZ",2019,27.4
"VT",2021,27.4
"KS",2021,27.4
"AK",2021,27.4
"MS",2021,27.4
"OH",2017,27.5
"AL",2019,27.5
"OK",2019,27.5
"OR",2021,27.5
"MI",2021,27.5
"AK",2021,27.5
"UT",2017,27.6
"MO",2019,27.6
"IL",2019,27.6
"WA",2019,27.6
"NY",2021,27.6
"NM",2021,27.6
"LA",2021,27.6
"MD",2017,27.7
"FL",2017,27.7
"AL",2017,27.7
"CA",2019,27.7
"NM",2019,27.7
"OK",2019,27.7
"NE",2021,27.7
"TX",2021,27.7
"OK",2021,27.7
"OH",2021,27.7
"CA",2017,27.8
"DE",2019,27.8
"NV",2019,27.8
"IA",2021,27.8
"WI",2021,27.8
"AL",2021,27.8
"NJ",2017,27.9
"RI",2017,27.9
"MD",2017,27.9
"FL",2019,27.9
"NM",2019,27.9
"NM",2019,27.9
"TX",2019,27.9
"RI",2019,27.9
"NY",2019,27.9
"ND",2021,27.9
"CA",2021,27.9
"TX",2017,28
"AZ",2017,28
"NY",2017,28
"MI",2019,28
"LA",2019,28
"ND",2021,28
"NE",2021,28
"WI",2017,28.1
"IA",2019,28.1
"RI",2019,28.1
"MI",2017,28.2
"IL",2017,28.2
"UT",2019,28.2
"AZ",2019,28.2
"KY",2019,28.2
"NJ",2021,28.2
"AR",2021,28.2
"CA",2021,28.2
"MO",2021,28.2
"OR",2021,28.2
"WY",2021,28.2
"AL",2017,28.3
"MD",2019,28.3
"HI",2019,28.3
"NM",2019,28.3
"MI",2019,28.3
"SC",2021,28.3
"IN",2021,28.3
"DE",2021,28.3
"NM",2017,28.4
"CA",2019,28.4
"WY",2019,28.4
"WA",2019,28.4
"OH",2021,28.4
"WA",2021,28.4
"GA",2021,28.4
"MN",2021,28.4
"NV",2021,28.4
"NY",2017,28.5
"AZ",2017,28.5
"CT",2019,28.5
"UT",2019,28.5
"AK",2021,28.5
"OH",2021,28.5
"TX",2021,28.5
"ND",2017,28.6
"LA",2019,28.6
"NE",2019,28.6
"NY",2019,28.6
"TX",2019,28.6
"MS",2021,28.6
"WA",2021,28.6
"VA",2017,28.7
"ID",2017,28.7
"MD",2017,28.7
"TN",2021,28.7
"NE",2021,28.7
"ND",2021,28.7
"MD",2021,28.7
"MD",2021,28.7
"IN",2017,28.8
"LA",2019,28.8
"IA",2019,28.8
"OH",2019,28.8
"MS",2019,28.8
"MN",2019,28.8
"KS",2021,28.8
"NV",2021,28.8
"LA",2021,28.8
"HI",2017,28.9
"MI",2017,28.9
"TN",2019,28.9
"AZ",2019,28.9
"KY",2019,28.9
"AK",2019,28.9
"NY",2019,28.9
"NH",2019,28.9
"OH",2021,28.9
"MO",2021,28.9
"IN",2021,28.9
"KY",2021,28.9
"NY",2021,28.9
"KS",2021,28.9
"TX",2021,28.9
"NV",2017,29
"OR",2019,29
"RI",2019,29
"MI",2021,29
"RI",2021,29
"GA",2021,29
"AR",2017,29.1
"NY",2017,29.1
"NV",2019,29.1
"MI",2019,29.1
"TN",2019,29.1
"KS",2021,29.1
"AR",2021,29.1
"WV",2021,29.1
"MS",2017,29.2
"VA",2017,29.2
"SD",2017,29.2
"NV",2019,29.2
"KS",2019,29.2
"UT",2019,29.2
"MD",2019,29.2
"FL",2019,29.2
"TN",2021,29.2
"UT",2017,29.3
"NM",2019,29.3
"CA",2019,29.3
"VT",2021,29.3
"PA",2021,29.3
"MN",2021,29.3
"MS",2021,29.3
"ID",2017,29.4
"WI",2017,29.4
"IA",2021,29.4
"IN",2021,29.4
"SD",2017,29.5
"MI",2017,29.5
"WA",2017,29.5
"MT",2017,29.5
"LA",2017,29.5
"KS",2021,29.5
"WY",2017,29.6
"MD",2019,29.6
"HI",2021,29.6
"AZ",2021,29.6
"PA",2021,29.6
"AK",2017,29.7
"FL",2017,29.7
"HI",2019,29.7
"LA",2019,29.7
"AR",2019,29.7
"MN",2021,29.7
"CA",2021,29.7
"TN",2021,29.7
"DE",2021,29.7
"FL",2017,29.8
"IL",2019,29.8
"MN",2021,29.8
"TX",2017,29.9
"OR",2017,29.9
"ND",2019,29.9
"OR",2019,29.9
"AK",2021,29.9
"AR",2017,30
"DE",2017,30
"AZ",2019,30
"IN",2019,30
"VA",2019,30
"AK",2017,30.1
"AR",2019,30.1
"NE",2019,30.1
"MS",2019,30.1
"WA",2019,30.1
"MD",2021,30.1
"LA",2021,30.1
"UT",2021,30.1
"CO",2021,30.1
"UT",2021,30.1
"MD",2021,30.1
"MN",2017,30.2
"TX",2017,30.2
"FL",2019,30.2
"OK",2019,30.2
"HI",2021,30.2
"PA",2021,30.2
"NV",2021,30.2
"MD",2017,30.3
"PA",2019,30.3
"AR",2019,30.3
"KS",2017,30.4
"ND",2019,30.4
"VA",2021,30.4
"CO",2021,30.4
"CA",2017,30.5
"AZ",2017,30.5
"AK",2017,30.5
"IL",2017,30.5
"NV",2019,30.5
"TN",2019,30.5
"CT",2017,30.6
"NM",2017,30.6
"NV",2017,30.6
"CO",2017,30.6
"MS",2017,30.6
"LA",2019,30.6
"MN",2019,30.6
"NM",2019,30.6
"VA",2021,30.6
"TX",2019,30.7
"RI",2021,30.7
"CT",2017,30.8
"IN",2019,30.8
"ND",2019,30.8
"WA",2021,30.8
"LA",2019,30.9
"VA",2019,30.9
"IN",2017,31
"PA",2019,31
"WA",2019,31
"IA",2021,31
"NV",2017,31.1
"MS",2017,31.1
"NJ",2017,31.1
"NV",2019,31.1
"IA",2019,31.1
"IL",2019,31.1
"WV",2017,31.2
"NC",2017,31.2
"MN",2017,31.2
"MN",2019,31.2
"SC",2021,31.2
"IA",2017,31.3
"ND",2019,31.3
"MI",2019,31.3
"WI",2021,31.3
"MI",2021,31.3
"WA",2021,31.3
"NV",2021,31.3
"SC",2021,31.3
"RI",2021,31.3
"NV",2017,31.4
"AZ",2019,31.4
"AL",2019,31.4
"WA",2019,31.4
"WI",2019,31.4
"AR",2021,31.4
"FL",2017,31.5
"NV",2017,31.5
"AK",2017,31.5
"WV",2019,31.5
"CT",2021,31.5
"OR",2021,31.5
"AR",2017,31.6
"AR",2017,31.6
"KS",2019,31.6
"OH",2019,31.6
"AZ",2019,31.6
"MD",2019,31.6
"AR",2021,31.6
"LA",2017,31.7
"GA",2017,31.7
"LA",2019,31.7
"WY",2019,31.7
"SC",2021,31.7
"NE",2017,31.8
"MA",2019,31.8
"UT",2019,31.8
"NV",2019,31.9
"KS",2019,31.9
"NJ",2021,31.9
"SC",2021,31.9
"NM",2021,31.9
"MN",2017,32
"OH",2017,32
"IL",2017,32.1
"WV",2019,32.1
"NY",2021,32.1
"WA",2021,32.1
"WY",2021,32.1
"CA",2017,32.2
"SC",2019,32.2
"RI",2019,32.2
"IA",2019,32.2
"SC",2017,32.3
"FL",2017,32.3
"GA",2019,32.3
"LA",2019,32.3
"IL",2019,32.3
"NV",2021,32.3
"CA",2021,32.3
"NM",2019,32.4
"MS",2021,32.4
"NY",2021,32.4
"WA",2017,32.5
"WI",2017,32.5
"CO",2017,32.5
"ND",2021,32.5
"HI",2021,32.5
"OH",2017,32.6
"HI",2017,32.6
"CA",2017,32.6
"MN",2019,32.6
"IN",2019,32.6
"AR",2019,32.6
"WA",2019,32.6
"CT",2021,32.6
"LA",2021,32.6
"IN",2021,32.6
"CT",2021,32.6
"NE",2017,32.7
"NC",2019,32.7
"PA",2019,32.7
"MS",2021,32.7
"NV",2021,32.8
"CA",2021,32.9
"NE",2021,32.9
"AR",2021,32.9
"NE",2021,32.9
"SC",2021,33
"NJ",2017,33.1
"WI",2021,33.1
"ND",2021,33.1
"NY",2017,33.2
"LA",2019,33.2
"MD",2019,33.2
"OK",2021,33.2
"DE",2017,33.3
"KS",2019,33.3
"WI",2021,33.3
"WA",2021,33.3
"LA",2021,33.3
"LA",2017,33.4
"MA",2019,33.4
"VA",2019,33.5
"MN",2021,33.5
"NV",2019,33.6
"NV",2019,33.6
"CA",2021,33.6
"IL",2017,33.7
"NE",2019,33.7
"TX",2021,33.7
"LA",2021,33.7
"NY",2019,33.8
"NE",2021,33.8
"GA",2017,33.9
"IL",2019,33.9
"GA",2019,33.9
"IA",2021,33.9
"CO",2019,34
"TX",2021,34
"UT",2021,34
"CO",2021,34
"KY",2021,34
"UT",2017,34.1
"MS",2017,34.1
"MD",2017,34.1
"CA",2019,34.1
"TX",2017,34.2
"AL",2019,34.2
"CA",2019,34.2
"AZ",2017,34.3
"NC",2021,34.3
"NY",2021,34.3
"PA",2019,34.4
"NC",2019,34.4
"MO",2019,34.4
"VA",2019,34.4
"LA",2021,34.4
"IN",2021,34.4
"CA",2021,34.4
"SC",2017,34.5
"SC",2021,34.5
"MA",2019,34.6
"FL",2019,34.6
"FL",2019,34.7
"NE",2021,34.7
"OK",2021,34.7
"AK",2017,34.8
"WV",2021,34.8
"AZ",2019,34.9
"TX",2017,35
"NY",2021,35
"LA",2021,35
"NY",2019,35.1
"CT",2021,35.1
"LA",2017,35.2
"NC",2021,35.2
"CA",2017,35.3
"UT",2017,35.3
"IN",2019,35.3
"WA",2017,35.4
"IA",2019,35.4
"IN",2021,35.4
"LA",2019,35.5
"WY",2019,35.5
"RI",2019,35.6
"DE",2019,35.6
"RI",2017,35.7
"AR",2017,35.8
"MS",2019,35.8
"IA",2021,35.8
"GA",2021,35.8
"MA",2017,35.9
"NM",2019,35.9
"AL",2019,35.9
"DE",2021,35.9
"AK",2017,36
"RI",2017,36
"MA",2017,36
"CT",2017,36
"WI",2019,36
"RI",2017,36.1
"ND",2021,36.1
"MN",2017,36.2
"UT",2019,36.2
"MS",2019,36.3
"AZ",2021,36.3
"RI",2017,36.4
"GA",2019,36.4
"TX",2019,36.4
"NJ",2021,36.5
"ND",2017,36.6
"NY",2019,36.6
"IL",2017,36.7
"LA",2019,36.7
"WI",2019,36.7
"IL",2019,36.8
"AL",2021,36.8
"FL",2019,36.9
"DE",2019,36.9
"GA",2021,36.9
"MN",2021,36.9
"NM",2021,37
"NY",2017,37.1
"NE",2017,37.1
"CA",2019,37.1
"WI",2019,37.1
"NC",2017,37.2
"NY",2017,37.2
"AK",2019,37.2
"TX",2021,37.2
"DE",2021,37.2
"SC",2017,37.4
"CO",2017,37.4
"IA",2021,37.4
"NM",2017,37.5
"NE",2019,37.5
"ND",2019,37.5
"AL",2021,37.6
"CT",2021,37.6
"DE",2021,37.8
"RI",2019,37.9
"RI",2021,37.9
"KY",2021,38
"CO",2021,38
"MN",2019,38.2
"IL",2017,38.3
"NV",2021,38.3
"MN",2021,38.4
"AZ",2021,38.4
"DE",2017,38.6
"NJ",2017,38.7
"CT",2019,38.7
"CT",2019,38.7
"TX",2019,38.7
"UT",2019,38.7
"CT",2019,38.7
"NJ",2021,38.8
"CO",2019,39
"IA",2021,39
"IN",2017,39.1
"NV",2019,39.1
"NE",2017,39.2
"MD",2019,39.2
"IA",2019,39.2
"DE",2019,39.2
"IN",2019,39.5
"NE",2019,39.7
"WY",2021,39.8
"OK",2019,40
"RI",2021,40.3
"NJ",2021,40.6
"LA",2017,40.8
"WI",2019,40.8
"NV",2017,41
"UT",2019,41
"NV",2019,41.5
"WI",2019,42
"TX",2021,42
"CT",2021,42
"LA",2017,42.4
"HI",2017,42.4
"AK",2019,42.5
"CA",2021,42.5
"GA",2017,42.7
"MD",2019,42.7
"NJ",2021,42.7
"IL",2019,42.8
"IA",2021,43
"CA",2017,43.1
"MN",2019,43.2
"TX",2017,43.8
"DE",2021,43.8
"IL",2019,43.9
"OK",2019,44
"OH",2019,45.1
"CA",2019,47
